2026-05-16T09:12:57.895774400Z main ERROR TcpSocketManager (TCP:localhost:5000) caught exception and will continue: java.io.IOException: Unable to create socket for localhost at port 5000 using ip addresses and ports , 0:0:0:0:0:0:0:1:5000
	at org.apache.logging.log4j.core.net.TcpSocketManager$TcpSocketManagerFactory.createSocket(TcpSocketManager.java:590)
	at org.apache.logging.log4j.core.net.TcpSocketManager$TcpSocketManagerFactory.createManager(TcpSocketManager.java:544)
	at org.apache.logging.log4j.core.net.TcpSocketManager$TcpSocketManagerFactory.createManager(TcpSocketManager.java:525)
	at org.apache.logging.log4j.core.appender.AbstractManager.getManager(AbstractManager.java:146)
	at org.apache.logging.log4j.core.appender.OutputStreamManager.getManager(OutputStreamManager.java:112)
	at org.apache.logging.log4j.core.net.TcpSocketManager.getSocketManager(TcpSocketManager.java:242)
	at org.apache.logging.log4j.core.appender.SocketAppender.createSocketManager(SocketAppender.java:567)
	at org.apache.logging.log4j.core.appender.SocketAppender$Builder.build(SocketAppender.java:274)
	at org.apache.logging.log4j.core.appender.SocketAppender$Builder.build(SocketAppender.java:248)
	at org.apache.logging.log4j.core.config.plugins.util.PluginBuilder.build(PluginBuilder.java:124)
	at org.apache.logging.log4j.core.config.AbstractConfiguration.createPluginObject(AbstractConfiguration.java:1164)
	at org.apache.logging.log4j.core.config.AbstractConfiguration.createConfiguration(AbstractConfiguration.java:1085)
	at org.apache.logging.log4j.core.config.AbstractConfiguration.createConfiguration(AbstractConfiguration.java:1077)
	at org.apache.logging.log4j.core.config.AbstractConfiguration.doConfigure(AbstractConfiguration.java:681)
	at org.apache.logging.log4j.core.config.AbstractConfiguration.initialize(AbstractConfiguration.java:264)
	at org.apache.logging.log4j.core.config.AbstractConfiguration.start(AbstractConfiguration.java:313)
	at org.apache.logging.log4j.core.LoggerContext.setConfiguration(LoggerContext.java:631)
	at org.apache.logging.log4j.core.LoggerContext.reconfigure(LoggerContext.java:713)
	at org.apache.logging.log4j.core.LoggerContext.reconfigure(LoggerContext.java:735)
	at org.apache.logging.log4j.core.LoggerContext.start(LoggerContext.java:260)
	at org.apache.logging.log4j.core.impl.Log4jContextFactory.getContext(Log4jContextFactory.java:154)
	at org.apache.logging.log4j.core.impl.Log4jContextFactory.getContext(Log4jContextFactory.java:46)
	at org.apache.logging.log4j.LogManager.getContext(LogManager.java:197)
	at org.apache.commons.logging.LogAdapter$Log4jLog.<clinit>(LogAdapter.java:146)
	at org.apache.commons.logging.LogAdapter$Log4jAdapter.createLog(LogAdapter.java:113)
	at org.apache.commons.logging.LogAdapter.createLog(LogAdapter.java:95)
	at org.apache.commons.logging.LogFactory.getLog(LogFactory.java:67)
	at org.apache.commons.logging.LogFactory.getLog(LogFactory.java:59)
	at org.springframework.boot.SpringApplication.<clinit>(SpringApplication.java:203)
	at com.skyways.flight.SkyWaysFlightServiceApplication.main(SkyWaysFlightServiceApplication.java:15)
	at java.base/jdk.internal.reflect.NativeMethodAccessorImpl.invoke0(Native Method)
	at java.base/jdk.internal.reflect.NativeMethodAccessorImpl.invoke(NativeMethodAccessorImpl.java:77)
	at java.base/jdk.internal.reflect.DelegatingMethodAccessorImpl.invoke(DelegatingMethodAccessorImpl.java:43)
	at java.base/java.lang.reflect.Method.invoke(Method.java:568)
	at org.springframework.boot.loader.launch.Launcher.launch(Launcher.java:91)
	at org.springframework.boot.loader.launch.Launcher.launch(Launcher.java:53)
	at org.springframework.boot.loader.launch.JarLauncher.main(JarLauncher.java:58)
Caused by: java.net.ConnectException: Connection refused: no further information
	at java.base/sun.nio.ch.Net.pollConnect(Native Method)
	at java.base/sun.nio.ch.Net.pollConnectNow(Net.java:672)
	at java.base/sun.nio.ch.NioSocketImpl.timedFinishConnect(NioSocketImpl.java:547)
	at java.base/sun.nio.ch.NioSocketImpl.connect(NioSocketImpl.java:602)
	at java.base/java.net.SocksSocketImpl.connect(SocksSocketImpl.java:327)
	at java.base/java.net.Socket.connect(Socket.java:633)
	at org.apache.logging.log4j.core.net.TcpSocketManager.createSocket(TcpSocketManager.java:469)
	at org.apache.logging.log4j.core.net.TcpSocketManager$TcpSocketManagerFactory.createSocket(TcpSocketManager.java:585)
	... 36 more

  .   ____          _            __ _ _
 /\\ / ___'_ __ _ _(_)_ __  __ _ \ \ \ \
( ( )\___ | '_ | '_| | '_ \/ _` | \ \ \ \
 \\/  ___)| |_)| | | | | || (_| |  ) ) ) )
  '  |____| .__|_| |_|_| |_\__, | / / / /
 =========|_|==============|___/=/_/_/_/

 :: Spring Boot ::                (v3.3.0)

{"@timestamp":"2026-05-16T09:13:00.328Z","ecs.version":"1.2.0","log.level":"INFO","message":"Starting SkyWaysFlightServiceApplication v1.0.0-SNAPSHOT using Java 17.0.12 with PID 12152 (D:\\Skyways\\skyways-airlines\\skyways-flight-service\\target\\skyways-flight-service-1.0.0-SNAPSHOT.jar started by asus in D:\\Skyways\\skyways-airlines)","process.thread.name":"main","log.logger":"com.skyways.flight.SkyWaysFlightServiceApplication","service":"skyways","environment":"local","traceId":"${ctx:traceId}"}
2026-05-16T09:13:00.366116300Z Log4j2-AsyncAppenderEventDispatcher-2-AsyncAppender ERROR Unable to write to stream TCP:localhost:5000 for appender Logstash org.apache.logging.log4j.core.appender.AppenderLoggingException: Error writing to TCP:localhost:5000: socket not available
	at org.apache.logging.log4j.core.net.TcpSocketManager.write(TcpSocketManager.java:264)
	at org.apache.logging.log4j.core.appender.OutputStreamManager.write(OutputStreamManager.java:202)
	at org.apache.logging.log4j.core.appender.AbstractOutputStreamAppender.writeByteArrayToManager(AbstractOutputStreamAppender.java:236)
	at org.apache.logging.log4j.core.appender.SocketAppender.directEncodeEvent(SocketAppender.java:598)
	at org.apache.logging.log4j.core.appender.AbstractOutputStreamAppender.tryAppend(AbstractOutputStreamAppender.java:220)
	at org.apache.logging.log4j.core.appender.AbstractOutputStreamAppender.append(AbstractOutputStreamAppender.java:211)
	at org.apache.logging.log4j.core.config.AppenderControl.tryCallAppender(AppenderControl.java:160)
	at org.apache.logging.log4j.core.config.AppenderControl.callAppender0(AppenderControl.java:133)
	at org.apache.logging.log4j.core.config.AppenderControl.callAppenderPreventRecursion(AppenderControl.java:124)
	at org.apache.logging.log4j.core.config.AppenderControl.callAppender(AppenderControl.java:88)
	at org.apache.logging.log4j.core.appender.AsyncAppenderEventDispatcher.dispatch(AsyncAppenderEventDispatcher.java:127)
	at org.apache.logging.log4j.core.appender.AsyncAppenderEventDispatcher.dispatchAll(AsyncAppenderEventDispatcher.java:91)
	at org.apache.logging.log4j.core.appender.AsyncAppenderEventDispatcher.run(AsyncAppenderEventDispatcher.java:73)

2026-05-16T09:13:00.367103800Z Log4j2-AsyncAppenderEventDispatcher-2-AsyncAppender ERROR An exception occurred processing Appender Logstash org.apache.logging.log4j.core.appender.AppenderLoggingException: Error writing to TCP:localhost:5000: socket not available
	at org.apache.logging.log4j.core.net.TcpSocketManager.write(TcpSocketManager.java:264)
	at org.apache.logging.log4j.core.appender.OutputStreamManager.write(OutputStreamManager.java:202)
	at org.apache.logging.log4j.core.appender.AbstractOutputStreamAppender.writeByteArrayToManager(AbstractOutputStreamAppender.java:236)
	at org.apache.logging.log4j.core.appender.SocketAppender.directEncodeEvent(SocketAppender.java:598)
	at org.apache.logging.log4j.core.appender.AbstractOutputStreamAppender.tryAppend(AbstractOutputStreamAppender.java:220)
	at org.apache.logging.log4j.core.appender.AbstractOutputStreamAppender.append(AbstractOutputStreamAppender.java:211)
	at org.apache.logging.log4j.core.config.AppenderControl.tryCallAppender(AppenderControl.java:160)
	at org.apache.logging.log4j.core.config.AppenderControl.callAppender0(AppenderControl.java:133)
	at org.apache.logging.log4j.core.config.AppenderControl.callAppenderPreventRecursion(AppenderControl.java:124)
	at org.apache.logging.log4j.core.config.AppenderControl.callAppender(AppenderControl.java:88)
	at org.apache.logging.log4j.core.appender.AsyncAppenderEventDispatcher.dispatch(AsyncAppenderEventDispatcher.java:127)
	at org.apache.logging.log4j.core.appender.AsyncAppenderEventDispatcher.dispatchAll(AsyncAppenderEventDispatcher.java:91)
	at org.apache.logging.log4j.core.appender.AsyncAppenderEventDispatcher.run(AsyncAppenderEventDispatcher.java:73)

{"@timestamp":"2026-05-16T09:13:00.351Z","ecs.version":"1.2.0","log.level":"DEBUG","message":"Running with Spring Boot v3.3.0, Spring v6.1.8","process.thread.name":"main","log.logger":"com.skyways.flight.SkyWaysFlightServiceApplication","service":"skyways","environment":"local","traceId":"${ctx:traceId}"}
2026-05-16T09:13:00.370119100Z Log4j2-AsyncAppenderEventDispatcher-2-AsyncAppender ERROR Unable to write to stream TCP:localhost:5000 for appender Logstash org.apache.logging.log4j.core.appender.AppenderLoggingException: Error writing to TCP:localhost:5000: socket not available
	at org.apache.logging.log4j.core.net.TcpSocketManager.write(TcpSocketManager.java:264)
	at org.apache.logging.log4j.core.appender.OutputStreamManager.write(OutputStreamManager.java:202)
	at org.apache.logging.log4j.core.appender.AbstractOutputStreamAppender.writeByteArrayToManager(AbstractOutputStreamAppender.java:236)
	at org.apache.logging.log4j.core.appender.SocketAppender.directEncodeEvent(SocketAppender.java:598)
	at org.apache.logging.log4j.core.appender.AbstractOutputStreamAppender.tryAppend(AbstractOutputStreamAppender.java:220)
	at org.apache.logging.log4j.core.appender.AbstractOutputStreamAppender.append(AbstractOutputStreamAppender.java:211)
	at org.apache.logging.log4j.core.config.AppenderControl.tryCallAppender(AppenderControl.java:160)
	at org.apache.logging.log4j.core.config.AppenderControl.callAppender0(AppenderControl.java:133)
	at org.apache.logging.log4j.core.config.AppenderControl.callAppenderPreventRecursion(AppenderControl.java:124)
	at org.apache.logging.log4j.core.config.AppenderControl.callAppender(AppenderControl.java:88)
	at org.apache.logging.log4j.core.appender.AsyncAppenderEventDispatcher.dispatch(AsyncAppenderEventDispatcher.java:127)
	at org.apache.logging.log4j.core.appender.AsyncAppenderEventDispatcher.dispatchAll(AsyncAppenderEventDispatcher.java:91)
	at org.apache.logging.log4j.core.appender.AsyncAppenderEventDispatcher.run(AsyncAppenderEventDispatcher.java:73)

2026-05-16T09:13:00.371104100Z Log4j2-AsyncAppenderEventDispatcher-2-AsyncAppender ERROR An exception occurred processing Appender Logstash org.apache.logging.log4j.core.appender.AppenderLoggingException: Error writing to TCP:localhost:5000: socket not available
	at org.apache.logging.log4j.core.net.TcpSocketManager.write(TcpSocketManager.java:264)
	at org.apache.logging.log4j.core.appender.OutputStreamManager.write(OutputStreamManager.java:202)
	at org.apache.logging.log4j.core.appender.AbstractOutputStreamAppender.writeByteArrayToManager(AbstractOutputStreamAppender.java:236)
	at org.apache.logging.log4j.core.appender.SocketAppender.directEncodeEvent(SocketAppender.java:598)
	at org.apache.logging.log4j.core.appender.AbstractOutputStreamAppender.tryAppend(AbstractOutputStreamAppender.java:220)
	at org.apache.logging.log4j.core.appender.AbstractOutputStreamAppender.append(AbstractOutputStreamAppender.java:211)
	at org.apache.logging.log4j.core.config.AppenderControl.tryCallAppender(AppenderControl.java:160)
	at org.apache.logging.log4j.core.config.AppenderControl.callAppender0(AppenderControl.java:133)
	at org.apache.logging.log4j.core.config.AppenderControl.callAppenderPreventRecursion(AppenderControl.java:124)
	at org.apache.logging.log4j.core.config.AppenderControl.callAppender(AppenderControl.java:88)
	at org.apache.logging.log4j.core.appender.AsyncAppenderEventDispatcher.dispatch(AsyncAppenderEventDispatcher.java:127)
	at org.apache.logging.log4j.core.appender.AsyncAppenderEventDispatcher.dispatchAll(AsyncAppenderEventDispatcher.java:91)
	at org.apache.logging.log4j.core.appender.AsyncAppenderEventDispatcher.run(AsyncAppenderEventDispatcher.java:73)

{"@timestamp":"2026-05-16T09:13:00.358Z","ecs.version":"1.2.0","log.level":"INFO","message":"The following 1 profile is active: \"local\"","process.thread.name":"main","log.logger":"com.skyways.flight.SkyWaysFlightServiceApplication","service":"skyways","environment":"local","traceId":"${ctx:traceId}"}
{"@timestamp":"2026-05-16T09:13:06.420Z","ecs.version":"1.2.0","log.level":"INFO","message":"Initializing ProtocolHandler [\"http-nio-8082\"]","process.thread.name":"main","log.logger":"org.apache.coyote.http11.Http11NioProtocol","service":"skyways","environment":"local","traceId":"${ctx:traceId}"}
{"@timestamp":"2026-05-16T09:13:06.422Z","ecs.version":"1.2.0","log.level":"INFO","message":"Starting service [Tomcat]","process.thread.name":"main","log.logger":"org.apache.catalina.core.StandardService","service":"skyways","environment":"local","traceId":"${ctx:traceId}"}
{"@timestamp":"2026-05-16T09:13:06.423Z","ecs.version":"1.2.0","log.level":"INFO","message":"Starting Servlet engine: [Apache Tomcat/10.1.24]","process.thread.name":"main","log.logger":"org.apache.catalina.core.StandardEngine","service":"skyways","environment":"local","traceId":"${ctx:traceId}"}
{"@timestamp":"2026-05-16T09:13:06.491Z","ecs.version":"1.2.0","log.level":"INFO","message":"Initializing Spring embedded WebApplicationContext","process.thread.name":"main","log.logger":"org.apache.catalina.core.ContainerBase.[Tomcat].[localhost].[/]","service":"skyways","environment":"local","traceId":"${ctx:traceId}"}
{"@timestamp":"2026-05-16T09:13:07.124Z","ecs.version":"1.2.0","log.level":"DEBUG","message":"Filter 'MDCTraceFilter' configured for use","process.thread.name":"main","log.logger":"com.skyways.common.filter.MDCTraceFilter","service":"skyways","environment":"local","traceId":"${ctx:traceId}"}
{"@timestamp":"2026-05-16T09:13:08.421Z","ecs.version":"1.2.0","log.level":"INFO","message":"HikariPool-1 - Starting...","process.thread.name":"main","log.logger":"com.zaxxer.hikari.HikariDataSource","service":"skyways","environment":"local","traceId":"${ctx:traceId}"}
{"@timestamp":"2026-05-16T09:13:08.874Z","ecs.version":"1.2.0","log.level":"INFO","message":"HikariPool-1 - Added connection org.postgresql.jdbc.PgConnection@1fa8a4f7","process.thread.name":"main","log.logger":"com.zaxxer.hikari.pool.HikariPool","service":"skyways","environment":"local","traceId":"${ctx:traceId}"}
{"@timestamp":"2026-05-16T09:13:08.876Z","ecs.version":"1.2.0","log.level":"INFO","message":"HikariPool-1 - Start completed.","process.thread.name":"main","log.logger":"com.zaxxer.hikari.HikariDataSource","service":"skyways","environment":"local","traceId":"${ctx:traceId}"}
{"@timestamp":"2026-05-16T09:13:13.223Z","ecs.version":"1.2.0","log.level":"DEBUG","message":"Secret 'TRIPLE_DES_KEY' resolved from environment variable","process.thread.name":"main","log.logger":"com.skyways.common.security.SecretManagerService","service":"skyways","environment":"local","traceId":"${ctx:traceId}"}
{"@timestamp":"2026-05-16T09:13:18.790Z","ecs.version":"1.2.0","log.level":"WARN","message":"Request execution failed with message: I/O error on GET request for \"http://localhost:8761/eureka/apps/\": Connect to http://localhost:8761 [localhost/127.0.0.1, localhost/0:0:0:0:0:0:0:1] failed: Connection refused: no further information","process.thread.name":"main","log.logger":"com.netflix.discovery.shared.transport.decorator.RetryableEurekaHttpClient","service":"skyways","environment":"local","traceId":"${ctx:traceId}"}
{"@timestamp":"2026-05-16T09:13:18.792Z","ecs.version":"1.2.0","log.level":"WARN","message":"Using default backup registry implementation which does not do anything.","process.thread.name":"main","log.logger":"com.netflix.discovery.DiscoveryClient","service":"skyways","environment":"local","traceId":"${ctx:traceId}"}
{"@timestamp":"2026-05-16T09:13:18.833Z","ecs.version":"1.2.0","log.level":"INFO","message":"Starting ProtocolHandler [\"http-nio-8082\"]","process.thread.name":"main","log.logger":"org.apache.coyote.http11.Http11NioProtocol","service":"skyways","environment":"local","traceId":"${ctx:traceId}"}
{"@timestamp":"2026-05-16T09:13:18.916Z","ecs.version":"1.2.0","log.level":"WARN","message":"Request execution failed with message: I/O error on POST request for \"http://localhost:8761/eureka/apps/SKYWAYS-FLIGHT-SERVICE\": Connect to http://localhost:8761 [localhost/127.0.0.1, localhost/0:0:0:0:0:0:0:1] failed: Connection refused: no further information","process.thread.name":"DiscoveryClient-InstanceInfoReplicator-0","log.logger":"com.netflix.discovery.shared.transport.decorator.RetryableEurekaHttpClient","service":"skyways","environment":"local","traceId":"${ctx:traceId}"}
{"@timestamp":"2026-05-16T09:13:18.917Z","ecs.version":"1.2.0","log.level":"WARN","message":"DiscoveryClient_SKYWAYS-FLIGHT-SERVICE/DESKTOP-S0AUF4J:skyways-flight-service:8082 - registration failed Cannot execute request on any known server","process.thread.name":"DiscoveryClient-InstanceInfoReplicator-0","log.logger":"com.netflix.discovery.DiscoveryClient","error.type":"com.netflix.discovery.shared.transport.TransportException","error.message":"Cannot execute request on any known server","error.stack_trace":"com.netflix.discovery.shared.transport.TransportException: Cannot execute request on any known server\r\n\tat com.netflix.discovery.shared.transport.decorator.RetryableEurekaHttpClient.execute(RetryableEurekaHttpClient.java:112)\r\n\tat com.netflix.discovery.shared.transport.decorator.EurekaHttpClientDecorator.register(EurekaHttpClientDecorator.java:56)\r\n\tat com.netflix.discovery.shared.transport.decorator.EurekaHttpClientDecorator$1.execute(EurekaHttpClientDecorator.java:59)\r\n\tat com.netflix.discovery.shared.transport.decorator.SessionedEurekaHttpClient.execute(SessionedEurekaHttpClient.java:77)\r\n\tat com.netflix.discovery.shared.transport.decorator.EurekaHttpClientDecorator.register(EurekaHttpClientDecorator.java:56)\r\n\tat com.netflix.discovery.DiscoveryClient.register(DiscoveryClient.java:820)\r\n\tat com.netflix.discovery.InstanceInfoReplicator.run(InstanceInfoReplicator.java:121)\r\n\tat com.netflix.discovery.InstanceInfoReplicator$1.run(InstanceInfoReplicator.java:101)\r\n\tat java.base/java.util.concurrent.Executors$RunnableAdapter.call(Executors.java:539)\r\n\tat java.base/java.util.concurrent.FutureTask.run(FutureTask.java:264)\r\n\tat java.base/java.util.concurrent.ScheduledThreadPoolExecutor$ScheduledFutureTask.run(ScheduledThreadPoolExecutor.java:304)\r\n\tat java.base/java.util.concurrent.ThreadPoolExecutor.runWorker(ThreadPoolExecutor.java:1136)\r\n\tat java.base/java.util.concurrent.ThreadPoolExecutor$Worker.run(ThreadPoolExecutor.java:635)\r\n\tat java.base/java.lang.Thread.run(Thread.java:842)\r\n","service":"skyways","environment":"local","traceId":"${ctx:traceId}"}
{"@timestamp":"2026-05-16T09:13:18.931Z","ecs.version":"1.2.0","log.level":"WARN","message":"There was a problem with the instance info replicator","process.thread.name":"DiscoveryClient-InstanceInfoReplicator-0","log.logger":"com.netflix.discovery.InstanceInfoReplicator","error.type":"com.netflix.discovery.shared.transport.TransportException","error.message":"Cannot execute request on any known server","error.stack_trace":"com.netflix.discovery.shared.transport.TransportException: Cannot execute request on any known server\r\n\tat com.netflix.discovery.shared.transport.decorator.RetryableEurekaHttpClient.execute(RetryableEurekaHttpClient.java:112)\r\n\tat com.netflix.discovery.shared.transport.decorator.EurekaHttpClientDecorator.register(EurekaHttpClientDecorator.java:56)\r\n\tat com.netflix.discovery.shared.transport.decorator.EurekaHttpClientDecorator$1.execute(EurekaHttpClientDecorator.java:59)\r\n\tat com.netflix.discovery.shared.transport.decorator.SessionedEurekaHttpClient.execute(SessionedEurekaHttpClient.java:77)\r\n\tat com.netflix.discovery.shared.transport.decorator.EurekaHttpClientDecorator.register(EurekaHttpClientDecorator.java:56)\r\n\tat com.netflix.discovery.DiscoveryClient.register(DiscoveryClient.java:820)\r\n\tat com.netflix.discovery.InstanceInfoReplicator.run(InstanceInfoReplicator.java:121)\r\n\tat com.netflix.discovery.InstanceInfoReplicator$1.run(InstanceInfoReplicator.java:101)\r\n\tat java.base/java.util.concurrent.Executors$RunnableAdapter.call(Executors.java:539)\r\n\tat java.base/java.util.concurrent.FutureTask.run(FutureTask.java:264)\r\n\tat java.base/java.util.concurrent.ScheduledThreadPoolExecutor$ScheduledFutureTask.run(ScheduledThreadPoolExecutor.java:304)\r\n\tat java.base/java.util.concurrent.ThreadPoolExecutor.runWorker(ThreadPoolExecutor.java:1136)\r\n\tat java.base/java.util.concurrent.ThreadPoolExecutor$Worker.run(ThreadPoolExecutor.java:635)\r\n\tat java.base/java.lang.Thread.run(Thread.java:842)\r\n","service":"skyways","environment":"local","traceId":"${ctx:traceId}"}
{"@timestamp":"2026-05-16T09:13:19.695Z","ecs.version":"1.2.0","log.level":"INFO","message":"Started SkyWaysFlightServiceApplication in 21.471 seconds (process running for 23.998)","process.thread.name":"main","log.logger":"com.skyways.flight.SkyWaysFlightServiceApplication","service":"skyways","environment":"local","traceId":"${ctx:traceId}"}
{"@timestamp":"2026-05-16T09:13:19.860Z","ecs.version":"1.2.0","log.level":"INFO","message":"Initializing Spring DispatcherServlet 'dispatcherServlet'","process.thread.name":"http-nio-8082-exec-1","log.logger":"org.apache.catalina.core.ContainerBase.[Tomcat].[localhost].[/]","service":"skyways","environment":"local","traceId":"${ctx:traceId}"}
{"@timestamp":"2026-05-16T09:13:20.625Z","ecs.version":"1.2.0","log.level":"WARN","message":"[Consumer clientId=consumer-flight-service-group-1, groupId=flight-service-group] Connection to node -1 (localhost/127.0.0.1:29092) could not be established. Node may not be available.","process.thread.name":"org.springframework.kafka.KafkaListenerEndpointContainer#0-0-C-1","log.logger":"org.apache.kafka.clients.NetworkClient","service":"skyways","environment":"local","traceId":"${ctx:traceId}"}
{"@timestamp":"2026-05-16T09:13:20.625Z","ecs.version":"1.2.0","log.level":"WARN","message":"[Consumer clientId=consumer-flight-service-group-1, groupId=flight-service-group] Bootstrap broker localhost:29092 (id: -1 rack: null) disconnected","process.thread.name":"org.springframework.kafka.KafkaListenerEndpointContainer#0-0-C-1","log.logger":"org.apache.kafka.clients.NetworkClient","service":"skyways","environment":"local","traceId":"${ctx:traceId}"}
{"@timestamp":"2026-05-16T09:13:20.625Z","ecs.version":"1.2.0","log.level":"WARN","message":"[Consumer clientId=consumer-flight-service-group-2, groupId=flight-service-group] Connection to node -1 (localhost/127.0.0.1:29092) could not be established. Node may not be available.","process.thread.name":"org.springframework.kafka.KafkaListenerEndpointContainer#1-0-C-1","log.logger":"org.apache.kafka.clients.NetworkClient","service":"skyways","environment":"local","traceId":"${ctx:traceId}"}
{"@timestamp":"2026-05-16T09:13:20.628Z","ecs.version":"1.2.0","log.level":"WARN","message":"[Consumer clientId=consumer-flight-service-group-2, groupId=flight-service-group] Bootstrap broker localhost:29092 (id: -1 rack: null) disconnected","process.thread.name":"org.springframework.kafka.KafkaListenerEndpointContainer#1-0-C-1","log.logger":"org.apache.kafka.clients.NetworkClient","service":"skyways","environment":"local","traceId":"${ctx:traceId}"}
{"@timestamp":"2026-05-16T09:13:20.721Z","ecs.version":"1.2.0","log.level":"DEBUG","message":"Secret 'GDS_API_KEY' resolved from environment variable","process.thread.name":"ForkJoinPool.commonPool-worker-1","log.logger":"com.skyways.common.security.SecretManagerService","service":"skyways","environment":"local","traceId":"${ctx:traceId}"}
{"@timestamp":"2026-05-16T09:13:20.733Z","ecs.version":"1.2.0","log.level":"DEBUG","message":"Secret 'SKYSCANNER_API_KEY' resolved from environment variable","process.thread.name":"ForkJoinPool.commonPool-worker-2","log.logger":"com.skyways.common.security.SecretManagerService","service":"skyways","environment":"local","traceId":"${ctx:traceId}"}
{"@timestamp":"2026-05-16T09:13:20.739Z","ecs.version":"1.2.0","log.level":"WARN","message":"[Consumer clientId=consumer-flight-service-group-2, groupId=flight-service-group] Connection to node -1 (localhost/127.0.0.1:29092) could not be established. Node may not be available.","process.thread.name":"org.springframework.kafka.KafkaListenerEndpointContainer#1-0-C-1","log.logger":"org.apache.kafka.clients.NetworkClient","service":"skyways","environment":"local","traceId":"${ctx:traceId}"}
{"@timestamp":"2026-05-16T09:13:20.740Z","ecs.version":"1.2.0","log.level":"WARN","message":"[Consumer clientId=consumer-flight-service-group-2, groupId=flight-service-group] Bootstrap broker localhost:29092 (id: -1 rack: null) disconnected","process.thread.name":"org.springframework.kafka.KafkaListenerEndpointContainer#1-0-C-1","log.logger":"org.apache.kafka.clients.NetworkClient","service":"skyways","environment":"local","traceId":"${ctx:traceId}"}
{"@timestamp":"2026-05-16T09:13:20.741Z","ecs.version":"1.2.0","log.level":"WARN","message":"[Consumer clientId=consumer-flight-service-group-1, groupId=flight-service-group] Connection to node -1 (localhost/127.0.0.1:29092) could not be established. Node may not be available.","process.thread.name":"org.springframework.kafka.KafkaListenerEndpointContainer#0-0-C-1","log.logger":"org.apache.kafka.clients.NetworkClient","service":"skyways","environment":"local","traceId":"${ctx:traceId}"}
{"@timestamp":"2026-05-16T09:13:20.741Z","ecs.version":"1.2.0","log.level":"WARN","message":"[Consumer clientId=consumer-flight-service-group-1, groupId=flight-service-group] Bootstrap broker localhost:29092 (id: -1 rack: null) disconnected","process.thread.name":"org.springframework.kafka.KafkaListenerEndpointContainer#0-0-C-1","log.logger":"org.apache.kafka.clients.NetworkClient","service":"skyways","environment":"local","traceId":"${ctx:traceId}"}
{"@timestamp":"2026-05-16T09:13:20.864Z","ecs.version":"1.2.0","log.level":"WARN","message":"[Consumer clientId=consumer-flight-service-group-1, groupId=flight-service-group] Connection to node -1 (localhost/127.0.0.1:29092) could not be established. Node may not be available.","process.thread.name":"org.springframework.kafka.KafkaListenerEndpointContainer#0-0-C-1","log.logger":"org.apache.kafka.clients.NetworkClient","service":"skyways","environment":"local","traceId":"${ctx:traceId}"}
{"@timestamp":"2026-05-16T09:13:20.865Z","ecs.version":"1.2.0","log.level":"WARN","message":"[Consumer clientId=consumer-flight-service-group-1, groupId=flight-service-group] Bootstrap broker localhost:29092 (id: -1 rack: null) disconnected","process.thread.name":"org.springframework.kafka.KafkaListenerEndpointContainer#0-0-C-1","log.logger":"org.apache.kafka.clients.NetworkClient","service":"skyways","environment":"local","traceId":"${ctx:traceId}"}
{"@timestamp":"2026-05-16T09:13:20.865Z","ecs.version":"1.2.0","log.level":"WARN","message":"[Consumer clientId=consumer-flight-service-group-2, groupId=flight-service-group] Connection to node -1 (localhost/127.0.0.1:29092) could not be established. Node may not be available.","process.thread.name":"org.springframework.kafka.KafkaListenerEndpointContainer#1-0-C-1","log.logger":"org.apache.kafka.clients.NetworkClient","service":"skyways","environment":"local","traceId":"${ctx:traceId}"}
{"@timestamp":"2026-05-16T09:13:20.865Z","ecs.version":"1.2.0","log.level":"WARN","message":"[Consumer clientId=consumer-flight-service-group-2, groupId=flight-service-group] Bootstrap broker localhost:29092 (id: -1 rack: null) disconnected","process.thread.name":"org.springframework.kafka.KafkaListenerEndpointContainer#1-0-C-1","log.logger":"org.apache.kafka.clients.NetworkClient","service":"skyways","environment":"local","traceId":"${ctx:traceId}"}
{"@timestamp":"2026-05-16T09:13:21.103Z","ecs.version":"1.2.0","log.level":"WARN","message":"[Consumer clientId=consumer-flight-service-group-2, groupId=flight-service-group] Connection to node -1 (localhost/127.0.0.1:29092) could not be established. Node may not be available.","process.thread.name":"org.springframework.kafka.KafkaListenerEndpointContainer#1-0-C-1","log.logger":"org.apache.kafka.clients.NetworkClient","service":"skyways","environment":"local","traceId":"${ctx:traceId}"}
{"@timestamp":"2026-05-16T09:13:21.104Z","ecs.version":"1.2.0","log.level":"WARN","message":"[Consumer clientId=consumer-flight-service-group-2, groupId=flight-service-group] Bootstrap broker localhost:29092 (id: -1 rack: null) disconnected","process.thread.name":"org.springframework.kafka.KafkaListenerEndpointContainer#1-0-C-1","log.logger":"org.apache.kafka.clients.NetworkClient","service":"skyways","environment":"local","traceId":"${ctx:traceId}"}
{"@timestamp":"2026-05-16T09:13:21.119Z","ecs.version":"1.2.0","log.level":"WARN","message":"[Consumer clientId=consumer-flight-service-group-1, groupId=flight-service-group] Connection to node -1 (localhost/127.0.0.1:29092) could not be established. Node may not be available.","process.thread.name":"org.springframework.kafka.KafkaListenerEndpointContainer#0-0-C-1","log.logger":"org.apache.kafka.clients.NetworkClient","service":"skyways","environment":"local","traceId":"${ctx:traceId}"}
{"@timestamp":"2026-05-16T09:13:21.119Z","ecs.version":"1.2.0","log.level":"WARN","message":"[Consumer clientId=consumer-flight-service-group-1, groupId=flight-service-group] Bootstrap broker localhost:29092 (id: -1 rack: null) disconnected","process.thread.name":"org.springframework.kafka.KafkaListenerEndpointContainer#0-0-C-1","log.logger":"org.apache.kafka.clients.NetworkClient","service":"skyways","environment":"local","traceId":"${ctx:traceId}"}
{"@timestamp":"2026-05-16T09:13:21.499Z","ecs.version":"1.2.0","log.level":"WARN","message":"[Consumer clientId=consumer-flight-service-group-2, groupId=flight-service-group] Connection to node -1 (localhost/127.0.0.1:29092) could not be established. Node may not be available.","process.thread.name":"org.springframework.kafka.KafkaListenerEndpointContainer#1-0-C-1","log.logger":"org.apache.kafka.clients.NetworkClient","service":"skyways","environment":"local","traceId":"${ctx:traceId}"}
{"@timestamp":"2026-05-16T09:13:21.499Z","ecs.version":"1.2.0","log.level":"WARN","message":"[Consumer clientId=consumer-flight-service-group-2, groupId=flight-service-group] Bootstrap broker localhost:29092 (id: -1 rack: null) disconnected","process.thread.name":"org.springframework.kafka.KafkaListenerEndpointContainer#1-0-C-1","log.logger":"org.apache.kafka.clients.NetworkClient","service":"skyways","environment":"local","traceId":"${ctx:traceId}"}
{"@timestamp":"2026-05-16T09:13:21.577Z","ecs.version":"1.2.0","log.level":"WARN","message":"[Consumer clientId=consumer-flight-service-group-1, groupId=flight-service-group] Connection to node -1 (localhost/127.0.0.1:29092) could not be established. Node may not be available.","process.thread.name":"org.springframework.kafka.KafkaListenerEndpointContainer#0-0-C-1","log.logger":"org.apache.kafka.clients.NetworkClient","service":"skyways","environment":"local","traceId":"${ctx:traceId}"}
{"@timestamp":"2026-05-16T09:13:21.577Z","ecs.version":"1.2.0","log.level":"WARN","message":"[Consumer clientId=consumer-flight-service-group-1, groupId=flight-service-group] Bootstrap broker localhost:29092 (id: -1 rack: null) disconnected","process.thread.name":"org.springframework.kafka.KafkaListenerEndpointContainer#0-0-C-1","log.logger":"org.apache.kafka.clients.NetworkClient","service":"skyways","environment":"local","traceId":"${ctx:traceId}"}
{"@timestamp":"2026-05-16T09:13:21.673Z","ecs.version":"1.2.0","log.level":"WARN","message":"GDS circuit breaker fallback triggered for BLR->SIN: GDS connection timeout or network error","process.thread.name":"ForkJoinPool.commonPool-worker-1","log.logger":"com.skyways.flight.service.GDSIntegrationService","service":"skyways","environment":"local","traceId":"${ctx:traceId}"}
{"@timestamp":"2026-05-16T09:13:22.267Z","ecs.version":"1.2.0","log.level":"WARN","message":"[Consumer clientId=consumer-flight-service-group-1, groupId=flight-service-group] Connection to node -1 (localhost/127.0.0.1:29092) could not be established. Node may not be available.","process.thread.name":"org.springframework.kafka.KafkaListenerEndpointContainer#0-0-C-1","log.logger":"org.apache.kafka.clients.NetworkClient","service":"skyways","environment":"local","traceId":"${ctx:traceId}"}
{"@timestamp":"2026-05-16T09:13:22.267Z","ecs.version":"1.2.0","log.level":"WARN","message":"[Consumer clientId=consumer-flight-service-group-1, groupId=flight-service-group] Bootstrap broker localhost:29092 (id: -1 rack: null) disconnected","process.thread.name":"org.springframework.kafka.KafkaListenerEndpointContainer#0-0-C-1","log.logger":"org.apache.kafka.clients.NetworkClient","service":"skyways","environment":"local","traceId":"${ctx:traceId}"}
{"@timestamp":"2026-05-16T09:13:22.439Z","ecs.version":"1.2.0","log.level":"WARN","message":"[Consumer clientId=consumer-flight-service-group-2, groupId=flight-service-group] Connection to node -1 (localhost/127.0.0.1:29092) could not be established. Node may not be available.","process.thread.name":"org.springframework.kafka.KafkaListenerEndpointContainer#1-0-C-1","log.logger":"org.apache.kafka.clients.NetworkClient","service":"skyways","environment":"local","traceId":"${ctx:traceId}"}
{"@timestamp":"2026-05-16T09:13:22.439Z","ecs.version":"1.2.0","log.level":"WARN","message":"[Consumer clientId=consumer-flight-service-group-2, groupId=flight-service-group] Bootstrap broker localhost:29092 (id: -1 rack: null) disconnected","process.thread.name":"org.springframework.kafka.KafkaListenerEndpointContainer#1-0-C-1","log.logger":"org.apache.kafka.clients.NetworkClient","service":"skyways","environment":"local","traceId":"${ctx:traceId}"}
{"@timestamp":"2026-05-16T09:13:23.231Z","ecs.version":"1.2.0","log.level":"WARN","message":"[Consumer clientId=consumer-flight-service-group-1, groupId=flight-service-group] Connection to node -1 (localhost/127.0.0.1:29092) could not be established. Node may not be available.","process.thread.name":"org.springframework.kafka.KafkaListenerEndpointContainer#0-0-C-1","log.logger":"org.apache.kafka.clients.NetworkClient","service":"skyways","environment":"local","traceId":"${ctx:traceId}"}
{"@timestamp":"2026-05-16T09:13:23.235Z","ecs.version":"1.2.0","log.level":"WARN","message":"[Consumer clientId=consumer-flight-service-group-1, groupId=flight-service-group] Bootstrap broker localhost:29092 (id: -1 rack: null) disconnected","process.thread.name":"org.springframework.kafka.KafkaListenerEndpointContainer#0-0-C-1","log.logger":"org.apache.kafka.clients.NetworkClient","service":"skyways","environment":"local","traceId":"${ctx:traceId}"}
{"@timestamp":"2026-05-16T09:13:23.446Z","ecs.version":"1.2.0","log.level":"WARN","message":"[Consumer clientId=consumer-flight-service-group-2, groupId=flight-service-group] Connection to node -1 (localhost/127.0.0.1:29092) could not be established. Node may not be available.","process.thread.name":"org.springframework.kafka.KafkaListenerEndpointContainer#1-0-C-1","log.logger":"org.apache.kafka.clients.NetworkClient","service":"skyways","environment":"local","traceId":"${ctx:traceId}"}
{"@timestamp":"2026-05-16T09:13:23.446Z","ecs.version":"1.2.0","log.level":"WARN","message":"[Consumer clientId=consumer-flight-service-group-2, groupId=flight-service-group] Bootstrap broker localhost:29092 (id: -1 rack: null) disconnected","process.thread.name":"org.springframework.kafka.KafkaListenerEndpointContainer#1-0-C-1","log.logger":"org.apache.kafka.clients.NetworkClient","service":"skyways","environment":"local","traceId":"${ctx:traceId}"}
{"@timestamp":"2026-05-16T09:13:24.240Z","ecs.version":"1.2.0","log.level":"WARN","message":"[Consumer clientId=consumer-flight-service-group-1, groupId=flight-service-group] Connection to node -1 (localhost/127.0.0.1:29092) could not be established. Node may not be available.","process.thread.name":"org.springframework.kafka.KafkaListenerEndpointContainer#0-0-C-1","log.logger":"org.apache.kafka.clients.NetworkClient","service":"skyways","environment":"local","traceId":"${ctx:traceId}"}
{"@timestamp":"2026-05-16T09:13:24.240Z","ecs.version":"1.2.0","log.level":"WARN","message":"[Consumer clientId=consumer-flight-service-group-1, groupId=flight-service-group] Bootstrap broker localhost:29092 (id: -1 rack: null) disconnected","process.thread.name":"org.springframework.kafka.KafkaListenerEndpointContainer#0-0-C-1","log.logger":"org.apache.kafka.clients.NetworkClient","service":"skyways","environment":"local","traceId":"${ctx:traceId}"}
{"@timestamp":"2026-05-16T09:13:24.447Z","ecs.version":"1.2.0","log.level":"WARN","message":"[Consumer clientId=consumer-flight-service-group-2, groupId=flight-service-group] Connection to node -1 (localhost/127.0.0.1:29092) could not be established. Node may not be available.","process.thread.name":"org.springframework.kafka.KafkaListenerEndpointContainer#1-0-C-1","log.logger":"org.apache.kafka.clients.NetworkClient","service":"skyways","environment":"local","traceId":"${ctx:traceId}"}
{"@timestamp":"2026-05-16T09:13:24.447Z","ecs.version":"1.2.0","log.level":"WARN","message":"[Consumer clientId=consumer-flight-service-group-2, groupId=flight-service-group] Bootstrap broker localhost:29092 (id: -1 rack: null) disconnected","process.thread.name":"org.springframework.kafka.KafkaListenerEndpointContainer#1-0-C-1","log.logger":"org.apache.kafka.clients.NetworkClient","service":"skyways","environment":"local","traceId":"${ctx:traceId}"}
{"@timestamp":"2026-05-16T09:13:25.178Z","ecs.version":"1.2.0","log.level":"WARN","message":"[Consumer clientId=consumer-flight-service-group-1, groupId=flight-service-group] Connection to node -1 (localhost/127.0.0.1:29092) could not be established. Node may not be available.","process.thread.name":"org.springframework.kafka.KafkaListenerEndpointContainer#0-0-C-1","log.logger":"org.apache.kafka.clients.NetworkClient","service":"skyways","environment":"local","traceId":"${ctx:traceId}"}
{"@timestamp":"2026-05-16T09:13:25.178Z","ecs.version":"1.2.0","log.level":"WARN","message":"[Consumer clientId=consumer-flight-service-group-1, groupId=flight-service-group] Bootstrap broker localhost:29092 (id: -1 rack: null) disconnected","process.thread.name":"org.springframework.kafka.KafkaListenerEndpointContainer#0-0-C-1","log.logger":"org.apache.kafka.clients.NetworkClient","service":"skyways","environment":"local","traceId":"${ctx:traceId}"}
{"@timestamp":"2026-05-16T09:13:25.462Z","ecs.version":"1.2.0","log.level":"WARN","message":"[Consumer clientId=consumer-flight-service-group-2, groupId=flight-service-group] Connection to node -1 (localhost/127.0.0.1:29092) could not be established. Node may not be available.","process.thread.name":"org.springframework.kafka.KafkaListenerEndpointContainer#1-0-C-1","log.logger":"org.apache.kafka.clients.NetworkClient","service":"skyways","environment":"local","traceId":"${ctx:traceId}"}
{"@timestamp":"2026-05-16T09:13:25.462Z","ecs.version":"1.2.0","log.level":"WARN","message":"[Consumer clientId=consumer-flight-service-group-2, groupId=flight-service-group] Bootstrap broker localhost:29092 (id: -1 rack: null) disconnected","process.thread.name":"org.springframework.kafka.KafkaListenerEndpointContainer#1-0-C-1","log.logger":"org.apache.kafka.clients.NetworkClient","service":"skyways","environment":"local","traceId":"${ctx:traceId}"}
{"@timestamp":"2026-05-16T09:13:26.187Z","ecs.version":"1.2.0","log.level":"WARN","message":"[Consumer clientId=consumer-flight-service-group-1, groupId=flight-service-group] Connection to node -1 (localhost/127.0.0.1:29092) could not be established. Node may not be available.","process.thread.name":"org.springframework.kafka.KafkaListenerEndpointContainer#0-0-C-1","log.logger":"org.apache.kafka.clients.NetworkClient","service":"skyways","environment":"local","traceId":"${ctx:traceId}"}
{"@timestamp":"2026-05-16T09:13:26.187Z","ecs.version":"1.2.0","log.level":"WARN","message":"[Consumer clientId=consumer-flight-service-group-1, groupId=flight-service-group] Bootstrap broker localhost:29092 (id: -1 rack: null) disconnected","process.thread.name":"org.springframework.kafka.KafkaListenerEndpointContainer#0-0-C-1","log.logger":"org.apache.kafka.clients.NetworkClient","service":"skyways","environment":"local","traceId":"${ctx:traceId}"}
{"@timestamp":"2026-05-16T09:13:26.472Z","ecs.version":"1.2.0","log.level":"WARN","message":"[Consumer clientId=consumer-flight-service-group-2, groupId=flight-service-group] Connection to node -1 (localhost/127.0.0.1:29092) could not be established. Node may not be available.","process.thread.name":"org.springframework.kafka.KafkaListenerEndpointContainer#1-0-C-1","log.logger":"org.apache.kafka.clients.NetworkClient","service":"skyways","environment":"local","traceId":"${ctx:traceId}"}
{"@timestamp":"2026-05-16T09:13:26.472Z","ecs.version":"1.2.0","log.level":"WARN","message":"[Consumer clientId=consumer-flight-service-group-2, groupId=flight-service-group] Bootstrap broker localhost:29092 (id: -1 rack: null) disconnected","process.thread.name":"org.springframework.kafka.KafkaListenerEndpointContainer#1-0-C-1","log.logger":"org.apache.kafka.clients.NetworkClient","service":"skyways","environment":"local","traceId":"${ctx:traceId}"}
{"@timestamp":"2026-05-16T09:13:27.007Z","ecs.version":"1.2.0","log.level":"WARN","message":"[Consumer clientId=consumer-flight-service-group-1, groupId=flight-service-group] Connection to node -1 (localhost/127.0.0.1:29092) could not be established. Node may not be available.","process.thread.name":"org.springframework.kafka.KafkaListenerEndpointContainer#0-0-C-1","log.logger":"org.apache.kafka.clients.NetworkClient","service":"skyways","environment":"local","traceId":"${ctx:traceId}"}
{"@timestamp":"2026-05-16T09:13:27.008Z","ecs.version":"1.2.0","log.level":"WARN","message":"[Consumer clientId=consumer-flight-service-group-1, groupId=flight-service-group] Bootstrap broker localhost:29092 (id: -1 rack: null) disconnected","process.thread.name":"org.springframework.kafka.KafkaListenerEndpointContainer#0-0-C-1","log.logger":"org.apache.kafka.clients.NetworkClient","service":"skyways","environment":"local","traceId":"${ctx:traceId}"}
{"@timestamp":"2026-05-16T09:13:27.495Z","ecs.version":"1.2.0","log.level":"WARN","message":"[Consumer clientId=consumer-flight-service-group-2, groupId=flight-service-group] Connection to node -1 (localhost/127.0.0.1:29092) could not be established. Node may not be available.","process.thread.name":"org.springframework.kafka.KafkaListenerEndpointContainer#1-0-C-1","log.logger":"org.apache.kafka.clients.NetworkClient","service":"skyways","environment":"local","traceId":"${ctx:traceId}"}
{"@timestamp":"2026-05-16T09:13:27.495Z","ecs.version":"1.2.0","log.level":"WARN","message":"[Consumer clientId=consumer-flight-service-group-2, groupId=flight-service-group] Bootstrap broker localhost:29092 (id: -1 rack: null) disconnected","process.thread.name":"org.springframework.kafka.KafkaListenerEndpointContainer#1-0-C-1","log.logger":"org.apache.kafka.clients.NetworkClient","service":"skyways","environment":"local","traceId":"${ctx:traceId}"}
{"@timestamp":"2026-05-16T09:13:28.015Z","ecs.version":"1.2.0","log.level":"WARN","message":"[Consumer clientId=consumer-flight-service-group-1, groupId=flight-service-group] Connection to node -1 (localhost/127.0.0.1:29092) could not be established. Node may not be available.","process.thread.name":"org.springframework.kafka.KafkaListenerEndpointContainer#0-0-C-1","log.logger":"org.apache.kafka.clients.NetworkClient","service":"skyways","environment":"local","traceId":"${ctx:traceId}"}
{"@timestamp":"2026-05-16T09:13:28.015Z","ecs.version":"1.2.0","log.level":"WARN","message":"[Consumer clientId=consumer-flight-service-group-1, groupId=flight-service-group] Bootstrap broker localhost:29092 (id: -1 rack: null) disconnected","process.thread.name":"org.springframework.kafka.KafkaListenerEndpointContainer#0-0-C-1","log.logger":"org.apache.kafka.clients.NetworkClient","service":"skyways","environment":"local","traceId":"${ctx:traceId}"}
{"@timestamp":"2026-05-16T09:13:28.506Z","ecs.version":"1.2.0","log.level":"WARN","message":"[Consumer clientId=consumer-flight-service-group-2, groupId=flight-service-group] Connection to node -1 (localhost/127.0.0.1:29092) could not be established. Node may not be available.","process.thread.name":"org.springframework.kafka.KafkaListenerEndpointContainer#1-0-C-1","log.logger":"org.apache.kafka.clients.NetworkClient","service":"skyways","environment":"local","traceId":"${ctx:traceId}"}
{"@timestamp":"2026-05-16T09:13:28.506Z","ecs.version":"1.2.0","log.level":"WARN","message":"[Consumer clientId=consumer-flight-service-group-2, groupId=flight-service-group] Bootstrap broker localhost:29092 (id: -1 rack: null) disconnected","process.thread.name":"org.springframework.kafka.KafkaListenerEndpointContainer#1-0-C-1","log.logger":"org.apache.kafka.clients.NetworkClient","service":"skyways","environment":"local","traceId":"${ctx:traceId}"}
{"@timestamp":"2026-05-16T09:13:28.902Z","ecs.version":"1.2.0","log.level":"WARN","message":"[Consumer clientId=consumer-flight-service-group-1, groupId=flight-service-group] Connection to node -1 (localhost/127.0.0.1:29092) could not be established. Node may not be available.","process.thread.name":"org.springframework.kafka.KafkaListenerEndpointContainer#0-0-C-1","log.logger":"org.apache.kafka.clients.NetworkClient","service":"skyways","environment":"local","traceId":"${ctx:traceId}"}
{"@timestamp":"2026-05-16T09:13:28.902Z","ecs.version":"1.2.0","log.level":"WARN","message":"[Consumer clientId=consumer-flight-service-group-1, groupId=flight-service-group] Bootstrap broker localhost:29092 (id: -1 rack: null) disconnected","process.thread.name":"org.springframework.kafka.KafkaListenerEndpointContainer#0-0-C-1","log.logger":"org.apache.kafka.clients.NetworkClient","service":"skyways","environment":"local","traceId":"${ctx:traceId}"}
{"@timestamp":"2026-05-16T09:13:29.547Z","ecs.version":"1.2.0","log.level":"WARN","message":"[Consumer clientId=consumer-flight-service-group-2, groupId=flight-service-group] Connection to node -1 (localhost/127.0.0.1:29092) could not be established. Node may not be available.","process.thread.name":"org.springframework.kafka.KafkaListenerEndpointContainer#1-0-C-1","log.logger":"org.apache.kafka.clients.NetworkClient","service":"skyways","environment":"local","traceId":"${ctx:traceId}"}
{"@timestamp":"2026-05-16T09:13:29.547Z","ecs.version":"1.2.0","log.level":"WARN","message":"[Consumer clientId=consumer-flight-service-group-2, groupId=flight-service-group] Bootstrap broker localhost:29092 (id: -1 rack: null) disconnected","process.thread.name":"org.springframework.kafka.KafkaListenerEndpointContainer#1-0-C-1","log.logger":"org.apache.kafka.clients.NetworkClient","service":"skyways","environment":"local","traceId":"${ctx:traceId}"}
{"@timestamp":"2026-05-16T09:13:29.909Z","ecs.version":"1.2.0","log.level":"WARN","message":"[Consumer clientId=consumer-flight-service-group-1, groupId=flight-service-group] Connection to node -1 (localhost/127.0.0.1:29092) could not be established. Node may not be available.","process.thread.name":"org.springframework.kafka.KafkaListenerEndpointContainer#0-0-C-1","log.logger":"org.apache.kafka.clients.NetworkClient","service":"skyways","environment":"local","traceId":"${ctx:traceId}"}
{"@timestamp":"2026-05-16T09:13:29.909Z","ecs.version":"1.2.0","log.level":"WARN","message":"[Consumer clientId=consumer-flight-service-group-1, groupId=flight-service-group] Bootstrap broker localhost:29092 (id: -1 rack: null) disconnected","process.thread.name":"org.springframework.kafka.KafkaListenerEndpointContainer#0-0-C-1","log.logger":"org.apache.kafka.clients.NetworkClient","service":"skyways","environment":"local","traceId":"${ctx:traceId}"}
{"@timestamp":"2026-05-16T09:13:30.443Z","ecs.version":"1.2.0","log.level":"WARN","message":"[Consumer clientId=consumer-flight-service-group-2, groupId=flight-service-group] Connection to node -1 (localhost/127.0.0.1:29092) could not be established. Node may not be available.","process.thread.name":"org.springframework.kafka.KafkaListenerEndpointContainer#1-0-C-1","log.logger":"org.apache.kafka.clients.NetworkClient","service":"skyways","environment":"local","traceId":"${ctx:traceId}"}
{"@timestamp":"2026-05-16T09:13:30.443Z","ecs.version":"1.2.0","log.level":"WARN","message":"[Consumer clientId=consumer-flight-service-group-2, groupId=flight-service-group] Bootstrap broker localhost:29092 (id: -1 rack: null) disconnected","process.thread.name":"org.springframework.kafka.KafkaListenerEndpointContainer#1-0-C-1","log.logger":"org.apache.kafka.clients.NetworkClient","service":"skyways","environment":"local","traceId":"${ctx:traceId}"}
{"@timestamp":"2026-05-16T09:13:30.915Z","ecs.version":"1.2.0","log.level":"WARN","message":"[Consumer clientId=consumer-flight-service-group-1, groupId=flight-service-group] Connection to node -1 (localhost/127.0.0.1:29092) could not be established. Node may not be available.","process.thread.name":"org.springframework.kafka.KafkaListenerEndpointContainer#0-0-C-1","log.logger":"org.apache.kafka.clients.NetworkClient","service":"skyways","environment":"local","traceId":"${ctx:traceId}"}
{"@timestamp":"2026-05-16T09:13:30.915Z","ecs.version":"1.2.0","log.level":"WARN","message":"[Consumer clientId=consumer-flight-service-group-1, groupId=flight-service-group] Bootstrap broker localhost:29092 (id: -1 rack: null) disconnected","process.thread.name":"org.springframework.kafka.KafkaListenerEndpointContainer#0-0-C-1","log.logger":"org.apache.kafka.clients.NetworkClient","service":"skyways","environment":"local","traceId":"${ctx:traceId}"}
{"@timestamp":"2026-05-16T09:13:31.462Z","ecs.version":"1.2.0","log.level":"WARN","message":"Skyscanner circuit breaker fallback for BLR->SIN: Skyscanner API error: Skyscanner HTTP error: 404 NOT_FOUND","process.thread.name":"ForkJoinPool.commonPool-worker-2","log.logger":"com.skyways.flight.service.SkyscannerIntegrationService","service":"skyways","environment":"local","traceId":"${ctx:traceId}"}
{"@timestamp":"2026-05-16T09:13:31.465Z","ecs.version":"1.2.0","log.level":"INFO","message":"External APIs returned 0 flights for BLR->SIN","process.thread.name":"http-nio-8082-exec-2","log.logger":"com.skyways.flight.service.FlightAggregatorService","traceId":"226e5f32-ce60-468c-9c61-947b72079e1f","service":"skyways","environment":"local","traceId":"226e5f32-ce60-468c-9c61-947b72079e1f"}
{"@timestamp":"2026-05-16T09:13:31.466Z","ecs.version":"1.2.0","log.level":"INFO","message":"External APIs returned no results for BLR->SIN, falling back to database","process.thread.name":"http-nio-8082-exec-2","log.logger":"com.skyways.flight.service.FlightAggregatorService","traceId":"226e5f32-ce60-468c-9c61-947b72079e1f","service":"skyways","environment":"local","traceId":"226e5f32-ce60-468c-9c61-947b72079e1f"}
{"@timestamp":"2026-05-16T09:13:31.501Z","ecs.version":"1.2.0","log.level":"WARN","message":"[Consumer clientId=consumer-flight-service-group-2, groupId=flight-service-group] Connection to node -1 (localhost/127.0.0.1:29092) could not be established. Node may not be available.","process.thread.name":"org.springframework.kafka.KafkaListenerEndpointContainer#1-0-C-1","log.logger":"org.apache.kafka.clients.NetworkClient","service":"skyways","environment":"local","traceId":"${ctx:traceId}"}
{"@timestamp":"2026-05-16T09:13:31.501Z","ecs.version":"1.2.0","log.level":"WARN","message":"[Consumer clientId=consumer-flight-service-group-2, groupId=flight-service-group] Bootstrap broker localhost:29092 (id: -1 rack: null) disconnected","process.thread.name":"org.springframework.kafka.KafkaListenerEndpointContainer#1-0-C-1","log.logger":"org.apache.kafka.clients.NetworkClient","service":"skyways","environment":"local","traceId":"${ctx:traceId}"}
{"@timestamp":"2026-05-16T09:13:31.603Z","ecs.version":"1.2.0","log.level":"INFO","message":"No direct flights for BLR->SIN, searching for 1-stop connections","process.thread.name":"http-nio-8082-exec-2","log.logger":"com.skyways.flight.service.FlightAggregatorService","traceId":"226e5f32-ce60-468c-9c61-947b72079e1f","service":"skyways","environment":"local","traceId":"226e5f32-ce60-468c-9c61-947b72079e1f"}
{"@timestamp":"2026-05-16T09:13:31.695Z","ecs.version":"1.2.0","log.level":"INFO","message":"Found 1 connecting itineraries for BLR->SIN","process.thread.name":"http-nio-8082-exec-2","log.logger":"com.skyways.flight.service.FlightAggregatorService","traceId":"226e5f32-ce60-468c-9c61-947b72079e1f","service":"skyways","environment":"local","traceId":"226e5f32-ce60-468c-9c61-947b72079e1f"}
{"@timestamp":"2026-05-16T09:13:31.927Z","ecs.version":"1.2.0","log.level":"WARN","message":"[Consumer clientId=consumer-flight-service-group-1, groupId=flight-service-group] Connection to node -1 (localhost/127.0.0.1:29092) could not be established. Node may not be available.","process.thread.name":"org.springframework.kafka.KafkaListenerEndpointContainer#0-0-C-1","log.logger":"org.apache.kafka.clients.NetworkClient","service":"skyways","environment":"local","traceId":"${ctx:traceId}"}
{"@timestamp":"2026-05-16T09:13:31.927Z","ecs.version":"1.2.0","log.level":"WARN","message":"[Consumer clientId=consumer-flight-service-group-1, groupId=flight-service-group] Bootstrap broker localhost:29092 (id: -1 rack: null) disconnected","process.thread.name":"org.springframework.kafka.KafkaListenerEndpointContainer#0-0-C-1","log.logger":"org.apache.kafka.clients.NetworkClient","service":"skyways","environment":"local","traceId":"${ctx:traceId}"}
{"@timestamp":"2026-05-16T09:13:32.156Z","ecs.version":"1.2.0","log.level":"WARN","message":"GDS circuit breaker fallback triggered for NRT->DEL: GDS connection timeout or network error","process.thread.name":"ForkJoinPool.commonPool-worker-2","log.logger":"com.skyways.flight.service.GDSIntegrationService","service":"skyways","environment":"local","traceId":"${ctx:traceId}"}
{"@timestamp":"2026-05-16T09:13:32.512Z","ecs.version":"1.2.0","log.level":"WARN","message":"[Consumer clientId=consumer-flight-service-group-2, groupId=flight-service-group] Connection to node -1 (localhost/127.0.0.1:29092) could not be established. Node may not be available.","process.thread.name":"org.springframework.kafka.KafkaListenerEndpointContainer#1-0-C-1","log.logger":"org.apache.kafka.clients.NetworkClient","service":"skyways","environment":"local","traceId":"${ctx:traceId}"}
{"@timestamp":"2026-05-16T09:13:32.512Z","ecs.version":"1.2.0","log.level":"WARN","message":"[Consumer clientId=consumer-flight-service-group-2, groupId=flight-service-group] Bootstrap broker localhost:29092 (id: -1 rack: null) disconnected","process.thread.name":"org.springframework.kafka.KafkaListenerEndpointContainer#1-0-C-1","log.logger":"org.apache.kafka.clients.NetworkClient","service":"skyways","environment":"local","traceId":"${ctx:traceId}"}
{"@timestamp":"2026-05-16T09:13:32.874Z","ecs.version":"1.2.0","log.level":"WARN","message":"[Consumer clientId=consumer-flight-service-group-1, groupId=flight-service-group] Connection to node -1 (localhost/127.0.0.1:29092) could not be established. Node may not be available.","process.thread.name":"org.springframework.kafka.KafkaListenerEndpointContainer#0-0-C-1","log.logger":"org.apache.kafka.clients.NetworkClient","service":"skyways","environment":"local","traceId":"${ctx:traceId}"}
{"@timestamp":"2026-05-16T09:13:32.874Z","ecs.version":"1.2.0","log.level":"WARN","message":"[Consumer clientId=consumer-flight-service-group-1, groupId=flight-service-group] Bootstrap broker localhost:29092 (id: -1 rack: null) disconnected","process.thread.name":"org.springframework.kafka.KafkaListenerEndpointContainer#0-0-C-1","log.logger":"org.apache.kafka.clients.NetworkClient","service":"skyways","environment":"local","traceId":"${ctx:traceId}"}
{"@timestamp":"2026-05-16T09:13:33.456Z","ecs.version":"1.2.0","log.level":"WARN","message":"[Consumer clientId=consumer-flight-service-group-2, groupId=flight-service-group] Connection to node -1 (localhost/127.0.0.1:29092) could not be established. Node may not be available.","process.thread.name":"org.springframework.kafka.KafkaListenerEndpointContainer#1-0-C-1","log.logger":"org.apache.kafka.clients.NetworkClient","service":"skyways","environment":"local","traceId":"${ctx:traceId}"}
{"@timestamp":"2026-05-16T09:13:33.456Z","ecs.version":"1.2.0","log.level":"WARN","message":"[Consumer clientId=consumer-flight-service-group-2, groupId=flight-service-group] Bootstrap broker localhost:29092 (id: -1 rack: null) disconnected","process.thread.name":"org.springframework.kafka.KafkaListenerEndpointContainer#1-0-C-1","log.logger":"org.apache.kafka.clients.NetworkClient","service":"skyways","environment":"local","traceId":"${ctx:traceId}"}
{"@timestamp":"2026-05-16T09:13:33.757Z","ecs.version":"1.2.0","log.level":"WARN","message":"[Consumer clientId=consumer-flight-service-group-1, groupId=flight-service-group] Connection to node -1 (localhost/127.0.0.1:29092) could not be established. Node may not be available.","process.thread.name":"org.springframework.kafka.KafkaListenerEndpointContainer#0-0-C-1","log.logger":"org.apache.kafka.clients.NetworkClient","service":"skyways","environment":"local","traceId":"${ctx:traceId}"}
{"@timestamp":"2026-05-16T09:13:33.757Z","ecs.version":"1.2.0","log.level":"WARN","message":"[Consumer clientId=consumer-flight-service-group-1, groupId=flight-service-group] Bootstrap broker localhost:29092 (id: -1 rack: null) disconnected","process.thread.name":"org.springframework.kafka.KafkaListenerEndpointContainer#0-0-C-1","log.logger":"org.apache.kafka.clients.NetworkClient","service":"skyways","environment":"local","traceId":"${ctx:traceId}"}
{"@timestamp":"2026-05-16T09:13:34.469Z","ecs.version":"1.2.0","log.level":"WARN","message":"[Consumer clientId=consumer-flight-service-group-2, groupId=flight-service-group] Connection to node -1 (localhost/127.0.0.1:29092) could not be established. Node may not be available.","process.thread.name":"org.springframework.kafka.KafkaListenerEndpointContainer#1-0-C-1","log.logger":"org.apache.kafka.clients.NetworkClient","service":"skyways","environment":"local","traceId":"${ctx:traceId}"}
{"@timestamp":"2026-05-16T09:13:34.469Z","ecs.version":"1.2.0","log.level":"WARN","message":"[Consumer clientId=consumer-flight-service-group-2, groupId=flight-service-group] Bootstrap broker localhost:29092 (id: -1 rack: null) disconnected","process.thread.name":"org.springframework.kafka.KafkaListenerEndpointContainer#1-0-C-1","log.logger":"org.apache.kafka.clients.NetworkClient","service":"skyways","environment":"local","traceId":"${ctx:traceId}"}
{"@timestamp":"2026-05-16T09:13:34.751Z","ecs.version":"1.2.0","log.level":"WARN","message":"[Consumer clientId=consumer-flight-service-group-1, groupId=flight-service-group] Connection to node -1 (localhost/127.0.0.1:29092) could not be established. Node may not be available.","process.thread.name":"org.springframework.kafka.KafkaListenerEndpointContainer#0-0-C-1","log.logger":"org.apache.kafka.clients.NetworkClient","service":"skyways","environment":"local","traceId":"${ctx:traceId}"}
{"@timestamp":"2026-05-16T09:13:34.751Z","ecs.version":"1.2.0","log.level":"WARN","message":"[Consumer clientId=consumer-flight-service-group-1, groupId=flight-service-group] Bootstrap broker localhost:29092 (id: -1 rack: null) disconnected","process.thread.name":"org.springframework.kafka.KafkaListenerEndpointContainer#0-0-C-1","log.logger":"org.apache.kafka.clients.NetworkClient","service":"skyways","environment":"local","traceId":"${ctx:traceId}"}
{"@timestamp":"2026-05-16T09:13:35.528Z","ecs.version":"1.2.0","log.level":"WARN","message":"[Consumer clientId=consumer-flight-service-group-2, groupId=flight-service-group] Connection to node -1 (localhost/127.0.0.1:29092) could not be established. Node may not be available.","process.thread.name":"org.springframework.kafka.KafkaListenerEndpointContainer#1-0-C-1","log.logger":"org.apache.kafka.clients.NetworkClient","service":"skyways","environment":"local","traceId":"${ctx:traceId}"}
{"@timestamp":"2026-05-16T09:13:35.529Z","ecs.version":"1.2.0","log.level":"WARN","message":"[Consumer clientId=consumer-flight-service-group-2, groupId=flight-service-group] Bootstrap broker localhost:29092 (id: -1 rack: null) disconnected","process.thread.name":"org.springframework.kafka.KafkaListenerEndpointContainer#1-0-C-1","log.logger":"org.apache.kafka.clients.NetworkClient","service":"skyways","environment":"local","traceId":"${ctx:traceId}"}
{"@timestamp":"2026-05-16T09:13:35.763Z","ecs.version":"1.2.0","log.level":"WARN","message":"[Consumer clientId=consumer-flight-service-group-1, groupId=flight-service-group] Connection to node -1 (localhost/127.0.0.1:29092) could not be established. Node may not be available.","process.thread.name":"org.springframework.kafka.KafkaListenerEndpointContainer#0-0-C-1","log.logger":"org.apache.kafka.clients.NetworkClient","service":"skyways","environment":"local","traceId":"${ctx:traceId}"}
{"@timestamp":"2026-05-16T09:13:35.764Z","ecs.version":"1.2.0","log.level":"WARN","message":"[Consumer clientId=consumer-flight-service-group-1, groupId=flight-service-group] Bootstrap broker localhost:29092 (id: -1 rack: null) disconnected","process.thread.name":"org.springframework.kafka.KafkaListenerEndpointContainer#0-0-C-1","log.logger":"org.apache.kafka.clients.NetworkClient","service":"skyways","environment":"local","traceId":"${ctx:traceId}"}
{"@timestamp":"2026-05-16T09:13:36.550Z","ecs.version":"1.2.0","log.level":"WARN","message":"[Consumer clientId=consumer-flight-service-group-2, groupId=flight-service-group] Connection to node -1 (localhost/127.0.0.1:29092) could not be established. Node may not be available.","process.thread.name":"org.springframework.kafka.KafkaListenerEndpointContainer#1-0-C-1","log.logger":"org.apache.kafka.clients.NetworkClient","service":"skyways","environment":"local","traceId":"${ctx:traceId}"}
{"@timestamp":"2026-05-16T09:13:36.551Z","ecs.version":"1.2.0","log.level":"WARN","message":"[Consumer clientId=consumer-flight-service-group-2, groupId=flight-service-group] Bootstrap broker localhost:29092 (id: -1 rack: null) disconnected","process.thread.name":"org.springframework.kafka.KafkaListenerEndpointContainer#1-0-C-1","log.logger":"org.apache.kafka.clients.NetworkClient","service":"skyways","environment":"local","traceId":"${ctx:traceId}"}
{"@timestamp":"2026-05-16T09:13:36.647Z","ecs.version":"1.2.0","log.level":"WARN","message":"[Consumer clientId=consumer-flight-service-group-1, groupId=flight-service-group] Connection to node -1 (localhost/127.0.0.1:29092) could not be established. Node may not be available.","process.thread.name":"org.springframework.kafka.KafkaListenerEndpointContainer#0-0-C-1","log.logger":"org.apache.kafka.clients.NetworkClient","service":"skyways","environment":"local","traceId":"${ctx:traceId}"}
{"@timestamp":"2026-05-16T09:13:36.647Z","ecs.version":"1.2.0","log.level":"WARN","message":"[Consumer clientId=consumer-flight-service-group-1, groupId=flight-service-group] Bootstrap broker localhost:29092 (id: -1 rack: null) disconnected","process.thread.name":"org.springframework.kafka.KafkaListenerEndpointContainer#0-0-C-1","log.logger":"org.apache.kafka.clients.NetworkClient","service":"skyways","environment":"local","traceId":"${ctx:traceId}"}
{"@timestamp":"2026-05-16T09:13:37.436Z","ecs.version":"1.2.0","log.level":"WARN","message":"[Consumer clientId=consumer-flight-service-group-2, groupId=flight-service-group] Connection to node -1 (localhost/127.0.0.1:29092) could not be established. Node may not be available.","process.thread.name":"org.springframework.kafka.KafkaListenerEndpointContainer#1-0-C-1","log.logger":"org.apache.kafka.clients.NetworkClient","service":"skyways","environment":"local","traceId":"${ctx:traceId}"}
{"@timestamp":"2026-05-16T09:13:37.437Z","ecs.version":"1.2.0","log.level":"WARN","message":"[Consumer clientId=consumer-flight-service-group-2, groupId=flight-service-group] Bootstrap broker localhost:29092 (id: -1 rack: null) disconnected","process.thread.name":"org.springframework.kafka.KafkaListenerEndpointContainer#1-0-C-1","log.logger":"org.apache.kafka.clients.NetworkClient","service":"skyways","environment":"local","traceId":"${ctx:traceId}"}
{"@timestamp":"2026-05-16T09:13:37.655Z","ecs.version":"1.2.0","log.level":"WARN","message":"[Consumer clientId=consumer-flight-service-group-1, groupId=flight-service-group] Connection to node -1 (localhost/127.0.0.1:29092) could not be established. Node may not be available.","process.thread.name":"org.springframework.kafka.KafkaListenerEndpointContainer#0-0-C-1","log.logger":"org.apache.kafka.clients.NetworkClient","service":"skyways","environment":"local","traceId":"${ctx:traceId}"}
{"@timestamp":"2026-05-16T09:13:37.656Z","ecs.version":"1.2.0","log.level":"WARN","message":"[Consumer clientId=consumer-flight-service-group-1, groupId=flight-service-group] Bootstrap broker localhost:29092 (id: -1 rack: null) disconnected","process.thread.name":"org.springframework.kafka.KafkaListenerEndpointContainer#0-0-C-1","log.logger":"org.apache.kafka.clients.NetworkClient","service":"skyways","environment":"local","traceId":"${ctx:traceId}"}
{"@timestamp":"2026-05-16T09:13:38.443Z","ecs.version":"1.2.0","log.level":"WARN","message":"[Consumer clientId=consumer-flight-service-group-2, groupId=flight-service-group] Connection to node -1 (localhost/127.0.0.1:29092) could not be established. Node may not be available.","process.thread.name":"org.springframework.kafka.KafkaListenerEndpointContainer#1-0-C-1","log.logger":"org.apache.kafka.clients.NetworkClient","service":"skyways","environment":"local","traceId":"${ctx:traceId}"}
{"@timestamp":"2026-05-16T09:13:38.443Z","ecs.version":"1.2.0","log.level":"WARN","message":"[Consumer clientId=consumer-flight-service-group-2, groupId=flight-service-group] Bootstrap broker localhost:29092 (id: -1 rack: null) disconnected","process.thread.name":"org.springframework.kafka.KafkaListenerEndpointContainer#1-0-C-1","log.logger":"org.apache.kafka.clients.NetworkClient","service":"skyways","environment":"local","traceId":"${ctx:traceId}"}
{"@timestamp":"2026-05-16T09:13:38.663Z","ecs.version":"1.2.0","log.level":"WARN","message":"[Consumer clientId=consumer-flight-service-group-1, groupId=flight-service-group] Connection to node -1 (localhost/127.0.0.1:29092) could not be established. Node may not be available.","process.thread.name":"org.springframework.kafka.KafkaListenerEndpointContainer#0-0-C-1","log.logger":"org.apache.kafka.clients.NetworkClient","service":"skyways","environment":"local","traceId":"${ctx:traceId}"}
{"@timestamp":"2026-05-16T09:13:38.664Z","ecs.version":"1.2.0","log.level":"WARN","message":"[Consumer clientId=consumer-flight-service-group-1, groupId=flight-service-group] Bootstrap broker localhost:29092 (id: -1 rack: null) disconnected","process.thread.name":"org.springframework.kafka.KafkaListenerEndpointContainer#0-0-C-1","log.logger":"org.apache.kafka.clients.NetworkClient","service":"skyways","environment":"local","traceId":"${ctx:traceId}"}
{"@timestamp":"2026-05-16T09:13:39.449Z","ecs.version":"1.2.0","log.level":"WARN","message":"[Consumer clientId=consumer-flight-service-group-2, groupId=flight-service-group] Connection to node -1 (localhost/127.0.0.1:29092) could not be established. Node may not be available.","process.thread.name":"org.springframework.kafka.KafkaListenerEndpointContainer#1-0-C-1","log.logger":"org.apache.kafka.clients.NetworkClient","service":"skyways","environment":"local","traceId":"${ctx:traceId}"}
{"@timestamp":"2026-05-16T09:13:39.449Z","ecs.version":"1.2.0","log.level":"WARN","message":"[Consumer clientId=consumer-flight-service-group-2, groupId=flight-service-group] Bootstrap broker localhost:29092 (id: -1 rack: null) disconnected","process.thread.name":"org.springframework.kafka.KafkaListenerEndpointContainer#1-0-C-1","log.logger":"org.apache.kafka.clients.NetworkClient","service":"skyways","environment":"local","traceId":"${ctx:traceId}"}
{"@timestamp":"2026-05-16T09:13:39.732Z","ecs.version":"1.2.0","log.level":"WARN","message":"[Consumer clientId=consumer-flight-service-group-1, groupId=flight-service-group] Connection to node -1 (localhost/127.0.0.1:29092) could not be established. Node may not be available.","process.thread.name":"org.springframework.kafka.KafkaListenerEndpointContainer#0-0-C-1","log.logger":"org.apache.kafka.clients.NetworkClient","service":"skyways","environment":"local","traceId":"${ctx:traceId}"}
{"@timestamp":"2026-05-16T09:13:39.733Z","ecs.version":"1.2.0","log.level":"WARN","message":"[Consumer clientId=consumer-flight-service-group-1, groupId=flight-service-group] Bootstrap broker localhost:29092 (id: -1 rack: null) disconnected","process.thread.name":"org.springframework.kafka.KafkaListenerEndpointContainer#0-0-C-1","log.logger":"org.apache.kafka.clients.NetworkClient","service":"skyways","environment":"local","traceId":"${ctx:traceId}"}
{"@timestamp":"2026-05-16T09:13:40.460Z","ecs.version":"1.2.0","log.level":"WARN","message":"[Consumer clientId=consumer-flight-service-group-2, groupId=flight-service-group] Connection to node -1 (localhost/127.0.0.1:29092) could not be established. Node may not be available.","process.thread.name":"org.springframework.kafka.KafkaListenerEndpointContainer#1-0-C-1","log.logger":"org.apache.kafka.clients.NetworkClient","service":"skyways","environment":"local","traceId":"${ctx:traceId}"}
{"@timestamp":"2026-05-16T09:13:40.461Z","ecs.version":"1.2.0","log.level":"WARN","message":"[Consumer clientId=consumer-flight-service-group-2, groupId=flight-service-group] Bootstrap broker localhost:29092 (id: -1 rack: null) disconnected","process.thread.name":"org.springframework.kafka.KafkaListenerEndpointContainer#1-0-C-1","log.logger":"org.apache.kafka.clients.NetworkClient","service":"skyways","environment":"local","traceId":"${ctx:traceId}"}
{"@timestamp":"2026-05-16T09:13:40.713Z","ecs.version":"1.2.0","log.level":"WARN","message":"[Consumer clientId=consumer-flight-service-group-1, groupId=flight-service-group] Connection to node -1 (localhost/127.0.0.1:29092) could not be established. Node may not be available.","process.thread.name":"org.springframework.kafka.KafkaListenerEndpointContainer#0-0-C-1","log.logger":"org.apache.kafka.clients.NetworkClient","service":"skyways","environment":"local","traceId":"${ctx:traceId}"}
{"@timestamp":"2026-05-16T09:13:40.713Z","ecs.version":"1.2.0","log.level":"WARN","message":"[Consumer clientId=consumer-flight-service-group-1, groupId=flight-service-group] Bootstrap broker localhost:29092 (id: -1 rack: null) disconnected","process.thread.name":"org.springframework.kafka.KafkaListenerEndpointContainer#0-0-C-1","log.logger":"org.apache.kafka.clients.NetworkClient","service":"skyways","environment":"local","traceId":"${ctx:traceId}"}
{"@timestamp":"2026-05-16T09:13:41.409Z","ecs.version":"1.2.0","log.level":"WARN","message":"[Consumer clientId=consumer-flight-service-group-2, groupId=flight-service-group] Connection to node -1 (localhost/127.0.0.1:29092) could not be established. Node may not be available.","process.thread.name":"org.springframework.kafka.KafkaListenerEndpointContainer#1-0-C-1","log.logger":"org.apache.kafka.clients.NetworkClient","service":"skyways","environment":"local","traceId":"${ctx:traceId}"}
{"@timestamp":"2026-05-16T09:13:41.410Z","ecs.version":"1.2.0","log.level":"WARN","message":"[Consumer clientId=consumer-flight-service-group-2, groupId=flight-service-group] Bootstrap broker localhost:29092 (id: -1 rack: null) disconnected","process.thread.name":"org.springframework.kafka.KafkaListenerEndpointContainer#1-0-C-1","log.logger":"org.apache.kafka.clients.NetworkClient","service":"skyways","environment":"local","traceId":"${ctx:traceId}"}
{"@timestamp":"2026-05-16T09:13:41.758Z","ecs.version":"1.2.0","log.level":"WARN","message":"[Consumer clientId=consumer-flight-service-group-1, groupId=flight-service-group] Connection to node -1 (localhost/127.0.0.1:29092) could not be established. Node may not be available.","process.thread.name":"org.springframework.kafka.KafkaListenerEndpointContainer#0-0-C-1","log.logger":"org.apache.kafka.clients.NetworkClient","service":"skyways","environment":"local","traceId":"${ctx:traceId}"}
{"@timestamp":"2026-05-16T09:13:41.758Z","ecs.version":"1.2.0","log.level":"WARN","message":"[Consumer clientId=consumer-flight-service-group-1, groupId=flight-service-group] Bootstrap broker localhost:29092 (id: -1 rack: null) disconnected","process.thread.name":"org.springframework.kafka.KafkaListenerEndpointContainer#0-0-C-1","log.logger":"org.apache.kafka.clients.NetworkClient","service":"skyways","environment":"local","traceId":"${ctx:traceId}"}
{"@timestamp":"2026-05-16T09:13:42.357Z","ecs.version":"1.2.0","log.level":"WARN","message":"[Consumer clientId=consumer-flight-service-group-2, groupId=flight-service-group] Connection to node -1 (localhost/127.0.0.1:29092) could not be established. Node may not be available.","process.thread.name":"org.springframework.kafka.KafkaListenerEndpointContainer#1-0-C-1","log.logger":"org.apache.kafka.clients.NetworkClient","service":"skyways","environment":"local","traceId":"${ctx:traceId}"}
{"@timestamp":"2026-05-16T09:13:42.358Z","ecs.version":"1.2.0","log.level":"WARN","message":"[Consumer clientId=consumer-flight-service-group-2, groupId=flight-service-group] Bootstrap broker localhost:29092 (id: -1 rack: null) disconnected","process.thread.name":"org.springframework.kafka.KafkaListenerEndpointContainer#1-0-C-1","log.logger":"org.apache.kafka.clients.NetworkClient","service":"skyways","environment":"local","traceId":"${ctx:traceId}"}
{"@timestamp":"2026-05-16T09:13:42.769Z","ecs.version":"1.2.0","log.level":"WARN","message":"[Consumer clientId=consumer-flight-service-group-1, groupId=flight-service-group] Connection to node -1 (localhost/127.0.0.1:29092) could not be established. Node may not be available.","process.thread.name":"org.springframework.kafka.KafkaListenerEndpointContainer#0-0-C-1","log.logger":"org.apache.kafka.clients.NetworkClient","service":"skyways","environment":"local","traceId":"${ctx:traceId}"}
{"@timestamp":"2026-05-16T09:13:42.769Z","ecs.version":"1.2.0","log.level":"WARN","message":"[Consumer clientId=consumer-flight-service-group-1, groupId=flight-service-group] Bootstrap broker localhost:29092 (id: -1 rack: null) disconnected","process.thread.name":"org.springframework.kafka.KafkaListenerEndpointContainer#0-0-C-1","log.logger":"org.apache.kafka.clients.NetworkClient","service":"skyways","environment":"local","traceId":"${ctx:traceId}"}
{"@timestamp":"2026-05-16T09:13:43.397Z","ecs.version":"1.2.0","log.level":"WARN","message":"[Consumer clientId=consumer-flight-service-group-2, groupId=flight-service-group] Connection to node -1 (localhost/127.0.0.1:29092) could not be established. Node may not be available.","process.thread.name":"org.springframework.kafka.KafkaListenerEndpointContainer#1-0-C-1","log.logger":"org.apache.kafka.clients.NetworkClient","service":"skyways","environment":"local","traceId":"${ctx:traceId}"}
{"@timestamp":"2026-05-16T09:13:43.397Z","ecs.version":"1.2.0","log.level":"WARN","message":"[Consumer clientId=consumer-flight-service-group-2, groupId=flight-service-group] Bootstrap broker localhost:29092 (id: -1 rack: null) disconnected","process.thread.name":"org.springframework.kafka.KafkaListenerEndpointContainer#1-0-C-1","log.logger":"org.apache.kafka.clients.NetworkClient","service":"skyways","environment":"local","traceId":"${ctx:traceId}"}
{"@timestamp":"2026-05-16T09:13:43.772Z","ecs.version":"1.2.0","log.level":"WARN","message":"[Consumer clientId=consumer-flight-service-group-1, groupId=flight-service-group] Connection to node -1 (localhost/127.0.0.1:29092) could not be established. Node may not be available.","process.thread.name":"org.springframework.kafka.KafkaListenerEndpointContainer#0-0-C-1","log.logger":"org.apache.kafka.clients.NetworkClient","service":"skyways","environment":"local","traceId":"${ctx:traceId}"}
{"@timestamp":"2026-05-16T09:13:43.772Z","ecs.version":"1.2.0","log.level":"WARN","message":"[Consumer clientId=consumer-flight-service-group-1, groupId=flight-service-group] Bootstrap broker localhost:29092 (id: -1 rack: null) disconnected","process.thread.name":"org.springframework.kafka.KafkaListenerEndpointContainer#0-0-C-1","log.logger":"org.apache.kafka.clients.NetworkClient","service":"skyways","environment":"local","traceId":"${ctx:traceId}"}
{"@timestamp":"2026-05-16T09:13:44.403Z","ecs.version":"1.2.0","log.level":"WARN","message":"[Consumer clientId=consumer-flight-service-group-2, groupId=flight-service-group] Connection to node -1 (localhost/127.0.0.1:29092) could not be established. Node may not be available.","process.thread.name":"org.springframework.kafka.KafkaListenerEndpointContainer#1-0-C-1","log.logger":"org.apache.kafka.clients.NetworkClient","service":"skyways","environment":"local","traceId":"${ctx:traceId}"}
{"@timestamp":"2026-05-16T09:13:44.403Z","ecs.version":"1.2.0","log.level":"WARN","message":"[Consumer clientId=consumer-flight-service-group-2, groupId=flight-service-group] Bootstrap broker localhost:29092 (id: -1 rack: null) disconnected","process.thread.name":"org.springframework.kafka.KafkaListenerEndpointContainer#1-0-C-1","log.logger":"org.apache.kafka.clients.NetworkClient","service":"skyways","environment":"local","traceId":"${ctx:traceId}"}
{"@timestamp":"2026-05-16T09:13:44.816Z","ecs.version":"1.2.0","log.level":"WARN","message":"[Consumer clientId=consumer-flight-service-group-1, groupId=flight-service-group] Connection to node -1 (localhost/127.0.0.1:29092) could not be established. Node may not be available.","process.thread.name":"org.springframework.kafka.KafkaListenerEndpointContainer#0-0-C-1","log.logger":"org.apache.kafka.clients.NetworkClient","service":"skyways","environment":"local","traceId":"${ctx:traceId}"}
{"@timestamp":"2026-05-16T09:13:44.817Z","ecs.version":"1.2.0","log.level":"WARN","message":"[Consumer clientId=consumer-flight-service-group-1, groupId=flight-service-group] Bootstrap broker localhost:29092 (id: -1 rack: null) disconnected","process.thread.name":"org.springframework.kafka.KafkaListenerEndpointContainer#0-0-C-1","log.logger":"org.apache.kafka.clients.NetworkClient","service":"skyways","environment":"local","traceId":"${ctx:traceId}"}
{"@timestamp":"2026-05-16T09:13:45.271Z","ecs.version":"1.2.0","log.level":"WARN","message":"[Consumer clientId=consumer-flight-service-group-2, groupId=flight-service-group] Connection to node -1 (localhost/127.0.0.1:29092) could not be established. Node may not be available.","process.thread.name":"org.springframework.kafka.KafkaListenerEndpointContainer#1-0-C-1","log.logger":"org.apache.kafka.clients.NetworkClient","service":"skyways","environment":"local","traceId":"${ctx:traceId}"}
{"@timestamp":"2026-05-16T09:13:45.271Z","ecs.version":"1.2.0","log.level":"WARN","message":"[Consumer clientId=consumer-flight-service-group-2, groupId=flight-service-group] Bootstrap broker localhost:29092 (id: -1 rack: null) disconnected","process.thread.name":"org.springframework.kafka.KafkaListenerEndpointContainer#1-0-C-1","log.logger":"org.apache.kafka.clients.NetworkClient","service":"skyways","environment":"local","traceId":"${ctx:traceId}"}
{"@timestamp":"2026-05-16T09:13:45.819Z","ecs.version":"1.2.0","log.level":"WARN","message":"[Consumer clientId=consumer-flight-service-group-1, groupId=flight-service-group] Connection to node -1 (localhost/127.0.0.1:29092) could not be established. Node may not be available.","process.thread.name":"org.springframework.kafka.KafkaListenerEndpointContainer#0-0-C-1","log.logger":"org.apache.kafka.clients.NetworkClient","service":"skyways","environment":"local","traceId":"${ctx:traceId}"}
{"@timestamp":"2026-05-16T09:13:45.819Z","ecs.version":"1.2.0","log.level":"WARN","message":"[Consumer clientId=consumer-flight-service-group-1, groupId=flight-service-group] Bootstrap broker localhost:29092 (id: -1 rack: null) disconnected","process.thread.name":"org.springframework.kafka.KafkaListenerEndpointContainer#0-0-C-1","log.logger":"org.apache.kafka.clients.NetworkClient","service":"skyways","environment":"local","traceId":"${ctx:traceId}"}
{"@timestamp":"2026-05-16T09:13:46.277Z","ecs.version":"1.2.0","log.level":"WARN","message":"[Consumer clientId=consumer-flight-service-group-2, groupId=flight-service-group] Connection to node -1 (localhost/127.0.0.1:29092) could not be established. Node may not be available.","process.thread.name":"org.springframework.kafka.KafkaListenerEndpointContainer#1-0-C-1","log.logger":"org.apache.kafka.clients.NetworkClient","service":"skyways","environment":"local","traceId":"${ctx:traceId}"}
{"@timestamp":"2026-05-16T09:13:46.277Z","ecs.version":"1.2.0","log.level":"WARN","message":"[Consumer clientId=consumer-flight-service-group-2, groupId=flight-service-group] Bootstrap broker localhost:29092 (id: -1 rack: null) disconnected","process.thread.name":"org.springframework.kafka.KafkaListenerEndpointContainer#1-0-C-1","log.logger":"org.apache.kafka.clients.NetworkClient","service":"skyways","environment":"local","traceId":"${ctx:traceId}"}
{"@timestamp":"2026-05-16T09:13:46.799Z","ecs.version":"1.2.0","log.level":"WARN","message":"[Consumer clientId=consumer-flight-service-group-1, groupId=flight-service-group] Connection to node -1 (localhost/127.0.0.1:29092) could not be established. Node may not be available.","process.thread.name":"org.springframework.kafka.KafkaListenerEndpointContainer#0-0-C-1","log.logger":"org.apache.kafka.clients.NetworkClient","service":"skyways","environment":"local","traceId":"${ctx:traceId}"}
{"@timestamp":"2026-05-16T09:13:46.800Z","ecs.version":"1.2.0","log.level":"WARN","message":"[Consumer clientId=consumer-flight-service-group-1, groupId=flight-service-group] Bootstrap broker localhost:29092 (id: -1 rack: null) disconnected","process.thread.name":"org.springframework.kafka.KafkaListenerEndpointContainer#0-0-C-1","log.logger":"org.apache.kafka.clients.NetworkClient","service":"skyways","environment":"local","traceId":"${ctx:traceId}"}
{"@timestamp":"2026-05-16T09:13:47.226Z","ecs.version":"1.2.0","log.level":"WARN","message":"[Consumer clientId=consumer-flight-service-group-2, groupId=flight-service-group] Connection to node -1 (localhost/127.0.0.1:29092) could not be established. Node may not be available.","process.thread.name":"org.springframework.kafka.KafkaListenerEndpointContainer#1-0-C-1","log.logger":"org.apache.kafka.clients.NetworkClient","service":"skyways","environment":"local","traceId":"${ctx:traceId}"}
{"@timestamp":"2026-05-16T09:13:47.226Z","ecs.version":"1.2.0","log.level":"WARN","message":"[Consumer clientId=consumer-flight-service-group-2, groupId=flight-service-group] Bootstrap broker localhost:29092 (id: -1 rack: null) disconnected","process.thread.name":"org.springframework.kafka.KafkaListenerEndpointContainer#1-0-C-1","log.logger":"org.apache.kafka.clients.NetworkClient","service":"skyways","environment":"local","traceId":"${ctx:traceId}"}
{"@timestamp":"2026-05-16T09:13:47.814Z","ecs.version":"1.2.0","log.level":"WARN","message":"[Consumer clientId=consumer-flight-service-group-1, groupId=flight-service-group] Connection to node -1 (localhost/127.0.0.1:29092) could not be established. Node may not be available.","process.thread.name":"org.springframework.kafka.KafkaListenerEndpointContainer#0-0-C-1","log.logger":"org.apache.kafka.clients.NetworkClient","service":"skyways","environment":"local","traceId":"${ctx:traceId}"}
{"@timestamp":"2026-05-16T09:13:47.814Z","ecs.version":"1.2.0","log.level":"WARN","message":"[Consumer clientId=consumer-flight-service-group-1, groupId=flight-service-group] Bootstrap broker localhost:29092 (id: -1 rack: null) disconnected","process.thread.name":"org.springframework.kafka.KafkaListenerEndpointContainer#0-0-C-1","log.logger":"org.apache.kafka.clients.NetworkClient","service":"skyways","environment":"local","traceId":"${ctx:traceId}"}
{"@timestamp":"2026-05-16T09:13:48.238Z","ecs.version":"1.2.0","log.level":"WARN","message":"[Consumer clientId=consumer-flight-service-group-2, groupId=flight-service-group] Connection to node -1 (localhost/127.0.0.1:29092) could not be established. Node may not be available.","process.thread.name":"org.springframework.kafka.KafkaListenerEndpointContainer#1-0-C-1","log.logger":"org.apache.kafka.clients.NetworkClient","service":"skyways","environment":"local","traceId":"${ctx:traceId}"}
{"@timestamp":"2026-05-16T09:13:48.238Z","ecs.version":"1.2.0","log.level":"WARN","message":"[Consumer clientId=consumer-flight-service-group-2, groupId=flight-service-group] Bootstrap broker localhost:29092 (id: -1 rack: null) disconnected","process.thread.name":"org.springframework.kafka.KafkaListenerEndpointContainer#1-0-C-1","log.logger":"org.apache.kafka.clients.NetworkClient","service":"skyways","environment":"local","traceId":"${ctx:traceId}"}
{"@timestamp":"2026-05-16T09:13:48.817Z","ecs.version":"1.2.0","log.level":"WARN","message":"Request execution failed with message: I/O error on GET request for \"http://localhost:8761/eureka/apps/\": Connect to http://localhost:8761 [localhost/127.0.0.1, localhost/0:0:0:0:0:0:0:1] failed: Connection refused: no further information","process.thread.name":"DiscoveryClient-CacheRefreshExecutor-0","log.logger":"com.netflix.discovery.shared.transport.decorator.RetryableEurekaHttpClient","service":"skyways","environment":"local","traceId":"${ctx:traceId}"}
{"@timestamp":"2026-05-16T09:13:48.819Z","ecs.version":"1.2.0","log.level":"WARN","message":"[Consumer clientId=consumer-flight-service-group-1, groupId=flight-service-group] Connection to node -1 (localhost/127.0.0.1:29092) could not be established. Node may not be available.","process.thread.name":"org.springframework.kafka.KafkaListenerEndpointContainer#0-0-C-1","log.logger":"org.apache.kafka.clients.NetworkClient","service":"skyways","environment":"local","traceId":"${ctx:traceId}"}
{"@timestamp":"2026-05-16T09:13:48.820Z","ecs.version":"1.2.0","log.level":"WARN","message":"[Consumer clientId=consumer-flight-service-group-1, groupId=flight-service-group] Bootstrap broker localhost:29092 (id: -1 rack: null) disconnected","process.thread.name":"org.springframework.kafka.KafkaListenerEndpointContainer#0-0-C-1","log.logger":"org.apache.kafka.clients.NetworkClient","service":"skyways","environment":"local","traceId":"${ctx:traceId}"}
{"@timestamp":"2026-05-16T09:13:48.852Z","ecs.version":"1.2.0","log.level":"WARN","message":"Request execution failed with message: I/O error on PUT request for \"http://localhost:8761/eureka/apps/SKYWAYS-FLIGHT-SERVICE/DESKTOP-S0AUF4J:skyways-flight-service:8082\": Connect to http://localhost:8761 [localhost/127.0.0.1, localhost/0:0:0:0:0:0:0:1] failed: Connection refused: no further information","process.thread.name":"DiscoveryClient-HeartbeatExecutor-0","log.logger":"com.netflix.discovery.shared.transport.decorator.RetryableEurekaHttpClient","service":"skyways","environment":"local","traceId":"${ctx:traceId}"}
{"@timestamp":"2026-05-16T09:13:48.852Z","ecs.version":"1.2.0","log.level":"ERROR","message":"DiscoveryClient_SKYWAYS-FLIGHT-SERVICE/DESKTOP-S0AUF4J:skyways-flight-service:8082 - was unable to send heartbeat!","process.thread.name":"DiscoveryClient-HeartbeatExecutor-0","log.logger":"com.netflix.discovery.DiscoveryClient","error.type":"com.netflix.discovery.shared.transport.TransportException","error.message":"Cannot execute request on any known server","error.stack_trace":"com.netflix.discovery.shared.transport.TransportException: Cannot execute request on any known server\r\n\tat com.netflix.discovery.shared.transport.decorator.RetryableEurekaHttpClient.execute(RetryableEurekaHttpClient.java:112)\r\n\tat com.netflix.discovery.shared.transport.decorator.EurekaHttpClientDecorator.sendHeartBeat(EurekaHttpClientDecorator.java:89)\r\n\tat com.netflix.discovery.shared.transport.decorator.EurekaHttpClientDecorator$3.execute(EurekaHttpClientDecorator.java:92)\r\n\tat com.netflix.discovery.shared.transport.decorator.SessionedEurekaHttpClient.execute(SessionedEurekaHttpClient.java:77)\r\n\tat com.netflix.discovery.shared.transport.decorator.EurekaHttpClientDecorator.sendHeartBeat(EurekaHttpClientDecorator.java:89)\r\n\tat com.netflix.discovery.DiscoveryClient.renew(DiscoveryClient.java:837)\r\n\tat com.netflix.discovery.DiscoveryClient$HeartbeatThread.run(DiscoveryClient.java:1401)\r\n\tat java.base/java.util.concurrent.Executors$RunnableAdapter.call(Executors.java:539)\r\n\tat java.base/java.util.concurrent.FutureTask.run(FutureTask.java:264)\r\n\tat java.base/java.util.concurrent.ThreadPoolExecutor.runWorker(ThreadPoolExecutor.java:1136)\r\n\tat java.base/java.util.concurrent.ThreadPoolExecutor$Worker.run(ThreadPoolExecutor.java:635)\r\n\tat java.base/java.lang.Thread.run(Thread.java:842)\r\n","service":"skyways","environment":"local","traceId":"${ctx:traceId}"}
{"@timestamp":"2026-05-16T09:13:48.956Z","ecs.version":"1.2.0","log.level":"WARN","message":"Request execution failed with message: I/O error on POST request for \"http://localhost:8761/eureka/apps/SKYWAYS-FLIGHT-SERVICE\": Connect to http://localhost:8761 [localhost/127.0.0.1, localhost/0:0:0:0:0:0:0:1] failed: Connection refused: no further information","process.thread.name":"DiscoveryClient-InstanceInfoReplicator-0","log.logger":"com.netflix.discovery.shared.transport.decorator.RetryableEurekaHttpClient","service":"skyways","environment":"local","traceId":"${ctx:traceId}"}
{"@timestamp":"2026-05-16T09:13:48.956Z","ecs.version":"1.2.0","log.level":"WARN","message":"DiscoveryClient_SKYWAYS-FLIGHT-SERVICE/DESKTOP-S0AUF4J:skyways-flight-service:8082 - registration failed Cannot execute request on any known server","process.thread.name":"DiscoveryClient-InstanceInfoReplicator-0","log.logger":"com.netflix.discovery.DiscoveryClient","error.type":"com.netflix.discovery.shared.transport.TransportException","error.message":"Cannot execute request on any known server","error.stack_trace":"com.netflix.discovery.shared.transport.TransportException: Cannot execute request on any known server\r\n\tat com.netflix.discovery.shared.transport.decorator.RetryableEurekaHttpClient.execute(RetryableEurekaHttpClient.java:112)\r\n\tat com.netflix.discovery.shared.transport.decorator.EurekaHttpClientDecorator.register(EurekaHttpClientDecorator.java:56)\r\n\tat com.netflix.discovery.shared.transport.decorator.EurekaHttpClientDecorator$1.execute(EurekaHttpClientDecorator.java:59)\r\n\tat com.netflix.discovery.shared.transport.decorator.SessionedEurekaHttpClient.execute(SessionedEurekaHttpClient.java:77)\r\n\tat com.netflix.discovery.shared.transport.decorator.EurekaHttpClientDecorator.register(EurekaHttpClientDecorator.java:56)\r\n\tat com.netflix.discovery.DiscoveryClient.register(DiscoveryClient.java:820)\r\n\tat com.netflix.discovery.InstanceInfoReplicator.run(InstanceInfoReplicator.java:121)\r\n\tat java.base/java.util.concurrent.Executors$RunnableAdapter.call(Executors.java:539)\r\n\tat java.base/java.util.concurrent.FutureTask.run(FutureTask.java:264)\r\n\tat java.base/java.util.concurrent.ScheduledThreadPoolExecutor$ScheduledFutureTask.run(ScheduledThreadPoolExecutor.java:304)\r\n\tat java.base/java.util.concurrent.ThreadPoolExecutor.runWorker(ThreadPoolExecutor.java:1136)\r\n\tat java.base/java.util.concurrent.ThreadPoolExecutor$Worker.run(ThreadPoolExecutor.java:635)\r\n\tat java.base/java.lang.Thread.run(Thread.java:842)\r\n","service":"skyways","environment":"local","traceId":"${ctx:traceId}"}
{"@timestamp":"2026-05-16T09:13:48.956Z","ecs.version":"1.2.0","log.level":"WARN","message":"There was a problem with the instance info replicator","process.thread.name":"DiscoveryClient-InstanceInfoReplicator-0","log.logger":"com.netflix.discovery.InstanceInfoReplicator","error.type":"com.netflix.discovery.shared.transport.TransportException","error.message":"Cannot execute request on any known server","error.stack_trace":"com.netflix.discovery.shared.transport.TransportException: Cannot execute request on any known server\r\n\tat com.netflix.discovery.shared.transport.decorator.RetryableEurekaHttpClient.execute(RetryableEurekaHttpClient.java:112)\r\n\tat com.netflix.discovery.shared.transport.decorator.EurekaHttpClientDecorator.register(EurekaHttpClientDecorator.java:56)\r\n\tat com.netflix.discovery.shared.transport.decorator.EurekaHttpClientDecorator$1.execute(EurekaHttpClientDecorator.java:59)\r\n\tat com.netflix.discovery.shared.transport.decorator.SessionedEurekaHttpClient.execute(SessionedEurekaHttpClient.java:77)\r\n\tat com.netflix.discovery.shared.transport.decorator.EurekaHttpClientDecorator.register(EurekaHttpClientDecorator.java:56)\r\n\tat com.netflix.discovery.DiscoveryClient.register(DiscoveryClient.java:820)\r\n\tat com.netflix.discovery.InstanceInfoReplicator.run(InstanceInfoReplicator.java:121)\r\n\tat java.base/java.util.concurrent.Executors$RunnableAdapter.call(Executors.java:539)\r\n\tat java.base/java.util.concurrent.FutureTask.run(FutureTask.java:264)\r\n\tat java.base/java.util.concurrent.ScheduledThreadPoolExecutor$ScheduledFutureTask.run(ScheduledThreadPoolExecutor.java:304)\r\n\tat java.base/java.util.concurrent.ThreadPoolExecutor.runWorker(ThreadPoolExecutor.java:1136)\r\n\tat java.base/java.util.concurrent.ThreadPoolExecutor$Worker.run(ThreadPoolExecutor.java:635)\r\n\tat java.base/java.lang.Thread.run(Thread.java:842)\r\n","service":"skyways","environment":"local","traceId":"${ctx:traceId}"}
{"@timestamp":"2026-05-16T09:13:49.056Z","ecs.version":"1.2.0","log.level":"WARN","message":"[Consumer clientId=consumer-flight-service-group-2, groupId=flight-service-group] Connection to node -1 (localhost/127.0.0.1:29092) could not be established. Node may not be available.","process.thread.name":"org.springframework.kafka.KafkaListenerEndpointContainer#1-0-C-1","log.logger":"org.apache.kafka.clients.NetworkClient","service":"skyways","environment":"local","traceId":"${ctx:traceId}"}
{"@timestamp":"2026-05-16T09:13:49.056Z","ecs.version":"1.2.0","log.level":"WARN","message":"[Consumer clientId=consumer-flight-service-group-2, groupId=flight-service-group] Bootstrap broker localhost:29092 (id: -1 rack: null) disconnected","process.thread.name":"org.springframework.kafka.KafkaListenerEndpointContainer#1-0-C-1","log.logger":"org.apache.kafka.clients.NetworkClient","service":"skyways","environment":"local","traceId":"${ctx:traceId}"}
{"@timestamp":"2026-05-16T09:13:49.756Z","ecs.version":"1.2.0","log.level":"WARN","message":"[Consumer clientId=consumer-flight-service-group-1, groupId=flight-service-group] Connection to node -1 (localhost/127.0.0.1:29092) could not be established. Node may not be available.","process.thread.name":"org.springframework.kafka.KafkaListenerEndpointContainer#0-0-C-1","log.logger":"org.apache.kafka.clients.NetworkClient","service":"skyways","environment":"local","traceId":"${ctx:traceId}"}
{"@timestamp":"2026-05-16T09:13:49.756Z","ecs.version":"1.2.0","log.level":"WARN","message":"[Consumer clientId=consumer-flight-service-group-1, groupId=flight-service-group] Bootstrap broker localhost:29092 (id: -1 rack: null) disconnected","process.thread.name":"org.springframework.kafka.KafkaListenerEndpointContainer#0-0-C-1","log.logger":"org.apache.kafka.clients.NetworkClient","service":"skyways","environment":"local","traceId":"${ctx:traceId}"}
{"@timestamp":"2026-05-16T09:13:50.056Z","ecs.version":"1.2.0","log.level":"WARN","message":"[Consumer clientId=consumer-flight-service-group-2, groupId=flight-service-group] Connection to node -1 (localhost/127.0.0.1:29092) could not be established. Node may not be available.","process.thread.name":"org.springframework.kafka.KafkaListenerEndpointContainer#1-0-C-1","log.logger":"org.apache.kafka.clients.NetworkClient","service":"skyways","environment":"local","traceId":"${ctx:traceId}"}
{"@timestamp":"2026-05-16T09:13:50.056Z","ecs.version":"1.2.0","log.level":"WARN","message":"[Consumer clientId=consumer-flight-service-group-2, groupId=flight-service-group] Bootstrap broker localhost:29092 (id: -1 rack: null) disconnected","process.thread.name":"org.springframework.kafka.KafkaListenerEndpointContainer#1-0-C-1","log.logger":"org.apache.kafka.clients.NetworkClient","service":"skyways","environment":"local","traceId":"${ctx:traceId}"}
{"@timestamp":"2026-05-16T09:13:50.575Z","ecs.version":"1.2.0","log.level":"WARN","message":"[Consumer clientId=consumer-flight-service-group-1, groupId=flight-service-group] Connection to node -1 (localhost/127.0.0.1:29092) could not be established. Node may not be available.","process.thread.name":"org.springframework.kafka.KafkaListenerEndpointContainer#0-0-C-1","log.logger":"org.apache.kafka.clients.NetworkClient","service":"skyways","environment":"local","traceId":"${ctx:traceId}"}
{"@timestamp":"2026-05-16T09:13:50.576Z","ecs.version":"1.2.0","log.level":"WARN","message":"[Consumer clientId=consumer-flight-service-group-1, groupId=flight-service-group] Bootstrap broker localhost:29092 (id: -1 rack: null) disconnected","process.thread.name":"org.springframework.kafka.KafkaListenerEndpointContainer#0-0-C-1","log.logger":"org.apache.kafka.clients.NetworkClient","service":"skyways","environment":"local","traceId":"${ctx:traceId}"}
{"@timestamp":"2026-05-16T09:13:51.068Z","ecs.version":"1.2.0","log.level":"WARN","message":"[Consumer clientId=consumer-flight-service-group-2, groupId=flight-service-group] Connection to node -1 (localhost/127.0.0.1:29092) could not be established. Node may not be available.","process.thread.name":"org.springframework.kafka.KafkaListenerEndpointContainer#1-0-C-1","log.logger":"org.apache.kafka.clients.NetworkClient","service":"skyways","environment":"local","traceId":"${ctx:traceId}"}
{"@timestamp":"2026-05-16T09:13:51.069Z","ecs.version":"1.2.0","log.level":"WARN","message":"[Consumer clientId=consumer-flight-service-group-2, groupId=flight-service-group] Bootstrap broker localhost:29092 (id: -1 rack: null) disconnected","process.thread.name":"org.springframework.kafka.KafkaListenerEndpointContainer#1-0-C-1","log.logger":"org.apache.kafka.clients.NetworkClient","service":"skyways","environment":"local","traceId":"${ctx:traceId}"}
{"@timestamp":"2026-05-16T09:13:51.586Z","ecs.version":"1.2.0","log.level":"WARN","message":"[Consumer clientId=consumer-flight-service-group-1, groupId=flight-service-group] Connection to node -1 (localhost/127.0.0.1:29092) could not be established. Node may not be available.","process.thread.name":"org.springframework.kafka.KafkaListenerEndpointContainer#0-0-C-1","log.logger":"org.apache.kafka.clients.NetworkClient","service":"skyways","environment":"local","traceId":"${ctx:traceId}"}
{"@timestamp":"2026-05-16T09:13:51.587Z","ecs.version":"1.2.0","log.level":"WARN","message":"[Consumer clientId=consumer-flight-service-group-1, groupId=flight-service-group] Bootstrap broker localhost:29092 (id: -1 rack: null) disconnected","process.thread.name":"org.springframework.kafka.KafkaListenerEndpointContainer#0-0-C-1","log.logger":"org.apache.kafka.clients.NetworkClient","service":"skyways","environment":"local","traceId":"${ctx:traceId}"}
{"@timestamp":"2026-05-16T09:13:52.077Z","ecs.version":"1.2.0","log.level":"WARN","message":"[Consumer clientId=consumer-flight-service-group-2, groupId=flight-service-group] Connection to node -1 (localhost/127.0.0.1:29092) could not be established. Node may not be available.","process.thread.name":"org.springframework.kafka.KafkaListenerEndpointContainer#1-0-C-1","log.logger":"org.apache.kafka.clients.NetworkClient","service":"skyways","environment":"local","traceId":"${ctx:traceId}"}
{"@timestamp":"2026-05-16T09:13:52.077Z","ecs.version":"1.2.0","log.level":"WARN","message":"[Consumer clientId=consumer-flight-service-group-2, groupId=flight-service-group] Bootstrap broker localhost:29092 (id: -1 rack: null) disconnected","process.thread.name":"org.springframework.kafka.KafkaListenerEndpointContainer#1-0-C-1","log.logger":"org.apache.kafka.clients.NetworkClient","service":"skyways","environment":"local","traceId":"${ctx:traceId}"}
{"@timestamp":"2026-05-16T09:13:52.598Z","ecs.version":"1.2.0","log.level":"WARN","message":"[Consumer clientId=consumer-flight-service-group-1, groupId=flight-service-group] Connection to node -1 (localhost/127.0.0.1:29092) could not be established. Node may not be available.","process.thread.name":"org.springframework.kafka.KafkaListenerEndpointContainer#0-0-C-1","log.logger":"org.apache.kafka.clients.NetworkClient","service":"skyways","environment":"local","traceId":"${ctx:traceId}"}
{"@timestamp":"2026-05-16T09:13:52.599Z","ecs.version":"1.2.0","log.level":"WARN","message":"[Consumer clientId=consumer-flight-service-group-1, groupId=flight-service-group] Bootstrap broker localhost:29092 (id: -1 rack: null) disconnected","process.thread.name":"org.springframework.kafka.KafkaListenerEndpointContainer#0-0-C-1","log.logger":"org.apache.kafka.clients.NetworkClient","service":"skyways","environment":"local","traceId":"${ctx:traceId}"}
{"@timestamp":"2026-05-16T09:13:52.956Z","ecs.version":"1.2.0","log.level":"WARN","message":"[Consumer clientId=consumer-flight-service-group-2, groupId=flight-service-group] Connection to node -1 (localhost/127.0.0.1:29092) could not be established. Node may not be available.","process.thread.name":"org.springframework.kafka.KafkaListenerEndpointContainer#1-0-C-1","log.logger":"org.apache.kafka.clients.NetworkClient","service":"skyways","environment":"local","traceId":"${ctx:traceId}"}
{"@timestamp":"2026-05-16T09:13:52.956Z","ecs.version":"1.2.0","log.level":"WARN","message":"[Consumer clientId=consumer-flight-service-group-2, groupId=flight-service-group] Bootstrap broker localhost:29092 (id: -1 rack: null) disconnected","process.thread.name":"org.springframework.kafka.KafkaListenerEndpointContainer#1-0-C-1","log.logger":"org.apache.kafka.clients.NetworkClient","service":"skyways","environment":"local","traceId":"${ctx:traceId}"}
{"@timestamp":"2026-05-16T09:13:53.415Z","ecs.version":"1.2.0","log.level":"WARN","message":"[Consumer clientId=consumer-flight-service-group-1, groupId=flight-service-group] Connection to node -1 (localhost/127.0.0.1:29092) could not be established. Node may not be available.","process.thread.name":"org.springframework.kafka.KafkaListenerEndpointContainer#0-0-C-1","log.logger":"org.apache.kafka.clients.NetworkClient","service":"skyways","environment":"local","traceId":"${ctx:traceId}"}
{"@timestamp":"2026-05-16T09:13:53.415Z","ecs.version":"1.2.0","log.level":"WARN","message":"[Consumer clientId=consumer-flight-service-group-1, groupId=flight-service-group] Bootstrap broker localhost:29092 (id: -1 rack: null) disconnected","process.thread.name":"org.springframework.kafka.KafkaListenerEndpointContainer#0-0-C-1","log.logger":"org.apache.kafka.clients.NetworkClient","service":"skyways","environment":"local","traceId":"${ctx:traceId}"}
{"@timestamp":"2026-05-16T09:13:53.842Z","ecs.version":"1.2.0","log.level":"WARN","message":"[Consumer clientId=consumer-flight-service-group-2, groupId=flight-service-group] Connection to node -1 (localhost/127.0.0.1:29092) could not be established. Node may not be available.","process.thread.name":"org.springframework.kafka.KafkaListenerEndpointContainer#1-0-C-1","log.logger":"org.apache.kafka.clients.NetworkClient","service":"skyways","environment":"local","traceId":"${ctx:traceId}"}
{"@timestamp":"2026-05-16T09:13:53.842Z","ecs.version":"1.2.0","log.level":"WARN","message":"[Consumer clientId=consumer-flight-service-group-2, groupId=flight-service-group] Bootstrap broker localhost:29092 (id: -1 rack: null) disconnected","process.thread.name":"org.springframework.kafka.KafkaListenerEndpointContainer#1-0-C-1","log.logger":"org.apache.kafka.clients.NetworkClient","service":"skyways","environment":"local","traceId":"${ctx:traceId}"}
{"@timestamp":"2026-05-16T09:13:54.331Z","ecs.version":"1.2.0","log.level":"WARN","message":"[Consumer clientId=consumer-flight-service-group-1, groupId=flight-service-group] Connection to node -1 (localhost/127.0.0.1:29092) could not be established. Node may not be available.","process.thread.name":"org.springframework.kafka.KafkaListenerEndpointContainer#0-0-C-1","log.logger":"org.apache.kafka.clients.NetworkClient","service":"skyways","environment":"local","traceId":"${ctx:traceId}"}
{"@timestamp":"2026-05-16T09:13:54.331Z","ecs.version":"1.2.0","log.level":"WARN","message":"[Consumer clientId=consumer-flight-service-group-1, groupId=flight-service-group] Bootstrap broker localhost:29092 (id: -1 rack: null) disconnected","process.thread.name":"org.springframework.kafka.KafkaListenerEndpointContainer#0-0-C-1","log.logger":"org.apache.kafka.clients.NetworkClient","service":"skyways","environment":"local","traceId":"${ctx:traceId}"}
{"@timestamp":"2026-05-16T09:13:54.803Z","ecs.version":"1.2.0","log.level":"WARN","message":"[Consumer clientId=consumer-flight-service-group-2, groupId=flight-service-group] Connection to node -1 (localhost/127.0.0.1:29092) could not be established. Node may not be available.","process.thread.name":"org.springframework.kafka.KafkaListenerEndpointContainer#1-0-C-1","log.logger":"org.apache.kafka.clients.NetworkClient","service":"skyways","environment":"local","traceId":"${ctx:traceId}"}
{"@timestamp":"2026-05-16T09:13:54.803Z","ecs.version":"1.2.0","log.level":"WARN","message":"[Consumer clientId=consumer-flight-service-group-2, groupId=flight-service-group] Bootstrap broker localhost:29092 (id: -1 rack: null) disconnected","process.thread.name":"org.springframework.kafka.KafkaListenerEndpointContainer#1-0-C-1","log.logger":"org.apache.kafka.clients.NetworkClient","service":"skyways","environment":"local","traceId":"${ctx:traceId}"}
{"@timestamp":"2026-05-16T09:13:55.149Z","ecs.version":"1.2.0","log.level":"WARN","message":"[Consumer clientId=consumer-flight-service-group-1, groupId=flight-service-group] Connection to node -1 (localhost/127.0.0.1:29092) could not be established. Node may not be available.","process.thread.name":"org.springframework.kafka.KafkaListenerEndpointContainer#0-0-C-1","log.logger":"org.apache.kafka.clients.NetworkClient","service":"skyways","environment":"local","traceId":"${ctx:traceId}"}
{"@timestamp":"2026-05-16T09:13:55.149Z","ecs.version":"1.2.0","log.level":"WARN","message":"[Consumer clientId=consumer-flight-service-group-1, groupId=flight-service-group] Bootstrap broker localhost:29092 (id: -1 rack: null) disconnected","process.thread.name":"org.springframework.kafka.KafkaListenerEndpointContainer#0-0-C-1","log.logger":"org.apache.kafka.clients.NetworkClient","service":"skyways","environment":"local","traceId":"${ctx:traceId}"}
{"@timestamp":"2026-05-16T09:13:55.685Z","ecs.version":"1.2.0","log.level":"WARN","message":"[Consumer clientId=consumer-flight-service-group-2, groupId=flight-service-group] Connection to node -1 (localhost/127.0.0.1:29092) could not be established. Node may not be available.","process.thread.name":"org.springframework.kafka.KafkaListenerEndpointContainer#1-0-C-1","log.logger":"org.apache.kafka.clients.NetworkClient","service":"skyways","environment":"local","traceId":"${ctx:traceId}"}
{"@timestamp":"2026-05-16T09:13:55.685Z","ecs.version":"1.2.0","log.level":"WARN","message":"[Consumer clientId=consumer-flight-service-group-2, groupId=flight-service-group] Bootstrap broker localhost:29092 (id: -1 rack: null) disconnected","process.thread.name":"org.springframework.kafka.KafkaListenerEndpointContainer#1-0-C-1","log.logger":"org.apache.kafka.clients.NetworkClient","service":"skyways","environment":"local","traceId":"${ctx:traceId}"}
{"@timestamp":"2026-05-16T09:13:56.156Z","ecs.version":"1.2.0","log.level":"WARN","message":"[Consumer clientId=consumer-flight-service-group-1, groupId=flight-service-group] Connection to node -1 (localhost/127.0.0.1:29092) could not be established. Node may not be available.","process.thread.name":"org.springframework.kafka.KafkaListenerEndpointContainer#0-0-C-1","log.logger":"org.apache.kafka.clients.NetworkClient","service":"skyways","environment":"local","traceId":"${ctx:traceId}"}
{"@timestamp":"2026-05-16T09:13:56.156Z","ecs.version":"1.2.0","log.level":"WARN","message":"[Consumer clientId=consumer-flight-service-group-1, groupId=flight-service-group] Bootstrap broker localhost:29092 (id: -1 rack: null) disconnected","process.thread.name":"org.springframework.kafka.KafkaListenerEndpointContainer#0-0-C-1","log.logger":"org.apache.kafka.clients.NetworkClient","service":"skyways","environment":"local","traceId":"${ctx:traceId}"}
{"@timestamp":"2026-05-16T09:13:56.566Z","ecs.version":"1.2.0","log.level":"WARN","message":"[Consumer clientId=consumer-flight-service-group-2, groupId=flight-service-group] Connection to node -1 (localhost/127.0.0.1:29092) could not be established. Node may not be available.","process.thread.name":"org.springframework.kafka.KafkaListenerEndpointContainer#1-0-C-1","log.logger":"org.apache.kafka.clients.NetworkClient","service":"skyways","environment":"local","traceId":"${ctx:traceId}"}
{"@timestamp":"2026-05-16T09:13:56.567Z","ecs.version":"1.2.0","log.level":"WARN","message":"[Consumer clientId=consumer-flight-service-group-2, groupId=flight-service-group] Bootstrap broker localhost:29092 (id: -1 rack: null) disconnected","process.thread.name":"org.springframework.kafka.KafkaListenerEndpointContainer#1-0-C-1","log.logger":"org.apache.kafka.clients.NetworkClient","service":"skyways","environment":"local","traceId":"${ctx:traceId}"}
{"@timestamp":"2026-05-16T09:13:57.101Z","ecs.version":"1.2.0","log.level":"WARN","message":"[Consumer clientId=consumer-flight-service-group-1, groupId=flight-service-group] Connection to node -1 (localhost/127.0.0.1:29092) could not be established. Node may not be available.","process.thread.name":"org.springframework.kafka.KafkaListenerEndpointContainer#0-0-C-1","log.logger":"org.apache.kafka.clients.NetworkClient","service":"skyways","environment":"local","traceId":"${ctx:traceId}"}
{"@timestamp":"2026-05-16T09:13:57.101Z","ecs.version":"1.2.0","log.level":"WARN","message":"[Consumer clientId=consumer-flight-service-group-1, groupId=flight-service-group] Bootstrap broker localhost:29092 (id: -1 rack: null) disconnected","process.thread.name":"org.springframework.kafka.KafkaListenerEndpointContainer#0-0-C-1","log.logger":"org.apache.kafka.clients.NetworkClient","service":"skyways","environment":"local","traceId":"${ctx:traceId}"}
{"@timestamp":"2026-05-16T09:13:57.572Z","ecs.version":"1.2.0","log.level":"WARN","message":"[Consumer clientId=consumer-flight-service-group-2, groupId=flight-service-group] Connection to node -1 (localhost/127.0.0.1:29092) could not be established. Node may not be available.","process.thread.name":"org.springframework.kafka.KafkaListenerEndpointContainer#1-0-C-1","log.logger":"org.apache.kafka.clients.NetworkClient","service":"skyways","environment":"local","traceId":"${ctx:traceId}"}
{"@timestamp":"2026-05-16T09:13:57.572Z","ecs.version":"1.2.0","log.level":"WARN","message":"[Consumer clientId=consumer-flight-service-group-2, groupId=flight-service-group] Bootstrap broker localhost:29092 (id: -1 rack: null) disconnected","process.thread.name":"org.springframework.kafka.KafkaListenerEndpointContainer#1-0-C-1","log.logger":"org.apache.kafka.clients.NetworkClient","service":"skyways","environment":"local","traceId":"${ctx:traceId}"}
{"@timestamp":"2026-05-16T09:13:58.109Z","ecs.version":"1.2.0","log.level":"WARN","message":"[Consumer clientId=consumer-flight-service-group-1, groupId=flight-service-group] Connection to node -1 (localhost/127.0.0.1:29092) could not be established. Node may not be available.","process.thread.name":"org.springframework.kafka.KafkaListenerEndpointContainer#0-0-C-1","log.logger":"org.apache.kafka.clients.NetworkClient","service":"skyways","environment":"local","traceId":"${ctx:traceId}"}
{"@timestamp":"2026-05-16T09:13:58.109Z","ecs.version":"1.2.0","log.level":"WARN","message":"[Consumer clientId=consumer-flight-service-group-1, groupId=flight-service-group] Bootstrap broker localhost:29092 (id: -1 rack: null) disconnected","process.thread.name":"org.springframework.kafka.KafkaListenerEndpointContainer#0-0-C-1","log.logger":"org.apache.kafka.clients.NetworkClient","service":"skyways","environment":"local","traceId":"${ctx:traceId}"}
{"@timestamp":"2026-05-16T09:13:58.579Z","ecs.version":"1.2.0","log.level":"WARN","message":"[Consumer clientId=consumer-flight-service-group-2, groupId=flight-service-group] Connection to node -1 (localhost/127.0.0.1:29092) could not be established. Node may not be available.","process.thread.name":"org.springframework.kafka.KafkaListenerEndpointContainer#1-0-C-1","log.logger":"org.apache.kafka.clients.NetworkClient","service":"skyways","environment":"local","traceId":"${ctx:traceId}"}
{"@timestamp":"2026-05-16T09:13:58.580Z","ecs.version":"1.2.0","log.level":"WARN","message":"[Consumer clientId=consumer-flight-service-group-2, groupId=flight-service-group] Bootstrap broker localhost:29092 (id: -1 rack: null) disconnected","process.thread.name":"org.springframework.kafka.KafkaListenerEndpointContainer#1-0-C-1","log.logger":"org.apache.kafka.clients.NetworkClient","service":"skyways","environment":"local","traceId":"${ctx:traceId}"}
{"@timestamp":"2026-05-16T09:13:59.116Z","ecs.version":"1.2.0","log.level":"WARN","message":"[Consumer clientId=consumer-flight-service-group-1, groupId=flight-service-group] Connection to node -1 (localhost/127.0.0.1:29092) could not be established. Node may not be available.","process.thread.name":"org.springframework.kafka.KafkaListenerEndpointContainer#0-0-C-1","log.logger":"org.apache.kafka.clients.NetworkClient","service":"skyways","environment":"local","traceId":"${ctx:traceId}"}
{"@timestamp":"2026-05-16T09:13:59.116Z","ecs.version":"1.2.0","log.level":"WARN","message":"[Consumer clientId=consumer-flight-service-group-1, groupId=flight-service-group] Bootstrap broker localhost:29092 (id: -1 rack: null) disconnected","process.thread.name":"org.springframework.kafka.KafkaListenerEndpointContainer#0-0-C-1","log.logger":"org.apache.kafka.clients.NetworkClient","service":"skyways","environment":"local","traceId":"${ctx:traceId}"}
{"@timestamp":"2026-05-16T09:13:59.591Z","ecs.version":"1.2.0","log.level":"WARN","message":"[Consumer clientId=consumer-flight-service-group-2, groupId=flight-service-group] Connection to node -1 (localhost/127.0.0.1:29092) could not be established. Node may not be available.","process.thread.name":"org.springframework.kafka.KafkaListenerEndpointContainer#1-0-C-1","log.logger":"org.apache.kafka.clients.NetworkClient","service":"skyways","environment":"local","traceId":"${ctx:traceId}"}
{"@timestamp":"2026-05-16T09:13:59.591Z","ecs.version":"1.2.0","log.level":"WARN","message":"[Consumer clientId=consumer-flight-service-group-2, groupId=flight-service-group] Bootstrap broker localhost:29092 (id: -1 rack: null) disconnected","process.thread.name":"org.springframework.kafka.KafkaListenerEndpointContainer#1-0-C-1","log.logger":"org.apache.kafka.clients.NetworkClient","service":"skyways","environment":"local","traceId":"${ctx:traceId}"}
{"@timestamp":"2026-05-16T09:14:00.128Z","ecs.version":"1.2.0","log.level":"WARN","message":"[Consumer clientId=consumer-flight-service-group-1, groupId=flight-service-group] Connection to node -1 (localhost/127.0.0.1:29092) could not be established. Node may not be available.","process.thread.name":"org.springframework.kafka.KafkaListenerEndpointContainer#0-0-C-1","log.logger":"org.apache.kafka.clients.NetworkClient","service":"skyways","environment":"local","traceId":"${ctx:traceId}"}
{"@timestamp":"2026-05-16T09:14:00.129Z","ecs.version":"1.2.0","log.level":"WARN","message":"[Consumer clientId=consumer-flight-service-group-1, groupId=flight-service-group] Bootstrap broker localhost:29092 (id: -1 rack: null) disconnected","process.thread.name":"org.springframework.kafka.KafkaListenerEndpointContainer#0-0-C-1","log.logger":"org.apache.kafka.clients.NetworkClient","service":"skyways","environment":"local","traceId":"${ctx:traceId}"}
{"@timestamp":"2026-05-16T09:14:00.569Z","ecs.version":"1.2.0","log.level":"WARN","message":"[Consumer clientId=consumer-flight-service-group-2, groupId=flight-service-group] Connection to node -1 (localhost/127.0.0.1:29092) could not be established. Node may not be available.","process.thread.name":"org.springframework.kafka.KafkaListenerEndpointContainer#1-0-C-1","log.logger":"org.apache.kafka.clients.NetworkClient","service":"skyways","environment":"local","traceId":"${ctx:traceId}"}
{"@timestamp":"2026-05-16T09:14:00.569Z","ecs.version":"1.2.0","log.level":"WARN","message":"[Consumer clientId=consumer-flight-service-group-2, groupId=flight-service-group] Bootstrap broker localhost:29092 (id: -1 rack: null) disconnected","process.thread.name":"org.springframework.kafka.KafkaListenerEndpointContainer#1-0-C-1","log.logger":"org.apache.kafka.clients.NetworkClient","service":"skyways","environment":"local","traceId":"${ctx:traceId}"}
{"@timestamp":"2026-05-16T09:14:01.136Z","ecs.version":"1.2.0","log.level":"WARN","message":"[Consumer clientId=consumer-flight-service-group-1, groupId=flight-service-group] Connection to node -1 (localhost/127.0.0.1:29092) could not be established. Node may not be available.","process.thread.name":"org.springframework.kafka.KafkaListenerEndpointContainer#0-0-C-1","log.logger":"org.apache.kafka.clients.NetworkClient","service":"skyways","environment":"local","traceId":"${ctx:traceId}"}
{"@timestamp":"2026-05-16T09:14:01.137Z","ecs.version":"1.2.0","log.level":"WARN","message":"[Consumer clientId=consumer-flight-service-group-1, groupId=flight-service-group] Bootstrap broker localhost:29092 (id: -1 rack: null) disconnected","process.thread.name":"org.springframework.kafka.KafkaListenerEndpointContainer#0-0-C-1","log.logger":"org.apache.kafka.clients.NetworkClient","service":"skyways","environment":"local","traceId":"${ctx:traceId}"}
{"@timestamp":"2026-05-16T09:14:01.516Z","ecs.version":"1.2.0","log.level":"WARN","message":"[Consumer clientId=consumer-flight-service-group-2, groupId=flight-service-group] Connection to node -1 (localhost/127.0.0.1:29092) could not be established. Node may not be available.","process.thread.name":"org.springframework.kafka.KafkaListenerEndpointContainer#1-0-C-1","log.logger":"org.apache.kafka.clients.NetworkClient","service":"skyways","environment":"local","traceId":"${ctx:traceId}"}
{"@timestamp":"2026-05-16T09:14:01.516Z","ecs.version":"1.2.0","log.level":"WARN","message":"[Consumer clientId=consumer-flight-service-group-2, groupId=flight-service-group] Bootstrap broker localhost:29092 (id: -1 rack: null) disconnected","process.thread.name":"org.springframework.kafka.KafkaListenerEndpointContainer#1-0-C-1","log.logger":"org.apache.kafka.clients.NetworkClient","service":"skyways","environment":"local","traceId":"${ctx:traceId}"}
{"@timestamp":"2026-05-16T09:14:01.958Z","ecs.version":"1.2.0","log.level":"WARN","message":"[Consumer clientId=consumer-flight-service-group-1, groupId=flight-service-group] Connection to node -1 (localhost/127.0.0.1:29092) could not be established. Node may not be available.","process.thread.name":"org.springframework.kafka.KafkaListenerEndpointContainer#0-0-C-1","log.logger":"org.apache.kafka.clients.NetworkClient","service":"skyways","environment":"local","traceId":"${ctx:traceId}"}
{"@timestamp":"2026-05-16T09:14:01.959Z","ecs.version":"1.2.0","log.level":"WARN","message":"[Consumer clientId=consumer-flight-service-group-1, groupId=flight-service-group] Bootstrap broker localhost:29092 (id: -1 rack: null) disconnected","process.thread.name":"org.springframework.kafka.KafkaListenerEndpointContainer#0-0-C-1","log.logger":"org.apache.kafka.clients.NetworkClient","service":"skyways","environment":"local","traceId":"${ctx:traceId}"}
{"@timestamp":"2026-05-16T09:14:02.371Z","ecs.version":"1.2.0","log.level":"WARN","message":"Skyscanner circuit breaker fallback for NRT->DEL: Skyscanner API error: Skyscanner connection timeout","process.thread.name":"ForkJoinPool.commonPool-worker-1","log.logger":"com.skyways.flight.service.SkyscannerIntegrationService","service":"skyways","environment":"local","traceId":"${ctx:traceId}"}
{"@timestamp":"2026-05-16T09:14:02.372Z","ecs.version":"1.2.0","log.level":"INFO","message":"External APIs returned 0 flights for NRT->DEL","process.thread.name":"http-nio-8082-exec-4","log.logger":"com.skyways.flight.service.FlightAggregatorService","traceId":"a8807dfb-1fb7-462a-9c65-94074011b11a","service":"skyways","environment":"local","traceId":"a8807dfb-1fb7-462a-9c65-94074011b11a"}
{"@timestamp":"2026-05-16T09:14:02.372Z","ecs.version":"1.2.0","log.level":"INFO","message":"External APIs returned no results for NRT->DEL, falling back to database","process.thread.name":"http-nio-8082-exec-4","log.logger":"com.skyways.flight.service.FlightAggregatorService","traceId":"a8807dfb-1fb7-462a-9c65-94074011b11a","service":"skyways","environment":"local","traceId":"a8807dfb-1fb7-462a-9c65-94074011b11a"}
{"@timestamp":"2026-05-16T09:14:02.374Z","ecs.version":"1.2.0","log.level":"INFO","message":"No direct flights for NRT->DEL, searching for 1-stop connections","process.thread.name":"http-nio-8082-exec-4","log.logger":"com.skyways.flight.service.FlightAggregatorService","traceId":"a8807dfb-1fb7-462a-9c65-94074011b11a","service":"skyways","environment":"local","traceId":"a8807dfb-1fb7-462a-9c65-94074011b11a"}
{"@timestamp":"2026-05-16T09:14:02.401Z","ecs.version":"1.2.0","log.level":"INFO","message":"Found 0 connecting itineraries for NRT->DEL","process.thread.name":"http-nio-8082-exec-4","log.logger":"com.skyways.flight.service.FlightAggregatorService","traceId":"a8807dfb-1fb7-462a-9c65-94074011b11a","service":"skyways","environment":"local","traceId":"a8807dfb-1fb7-462a-9c65-94074011b11a"}
{"@timestamp":"2026-05-16T09:14:02.467Z","ecs.version":"1.2.0","log.level":"WARN","message":"GDS circuit breaker fallback triggered for BLR->BOM: GDS connection timeout or network error","process.thread.name":"ForkJoinPool.commonPool-worker-1","log.logger":"com.skyways.flight.service.GDSIntegrationService","service":"skyways","environment":"local","traceId":"${ctx:traceId}"}
{"@timestamp":"2026-05-16T09:14:02.527Z","ecs.version":"1.2.0","log.level":"WARN","message":"[Consumer clientId=consumer-flight-service-group-2, groupId=flight-service-group] Connection to node -1 (localhost/127.0.0.1:29092) could not be established. Node may not be available.","process.thread.name":"org.springframework.kafka.KafkaListenerEndpointContainer#1-0-C-1","log.logger":"org.apache.kafka.clients.NetworkClient","service":"skyways","environment":"local","traceId":"${ctx:traceId}"}
{"@timestamp":"2026-05-16T09:14:02.527Z","ecs.version":"1.2.0","log.level":"WARN","message":"[Consumer clientId=consumer-flight-service-group-2, groupId=flight-service-group] Bootstrap broker localhost:29092 (id: -1 rack: null) disconnected","process.thread.name":"org.springframework.kafka.KafkaListenerEndpointContainer#1-0-C-1","log.logger":"org.apache.kafka.clients.NetworkClient","service":"skyways","environment":"local","traceId":"${ctx:traceId}"}
{"@timestamp":"2026-05-16T09:14:02.841Z","ecs.version":"1.2.0","log.level":"WARN","message":"[Consumer clientId=consumer-flight-service-group-1, groupId=flight-service-group] Connection to node -1 (localhost/127.0.0.1:29092) could not be established. Node may not be available.","process.thread.name":"org.springframework.kafka.KafkaListenerEndpointContainer#0-0-C-1","log.logger":"org.apache.kafka.clients.NetworkClient","service":"skyways","environment":"local","traceId":"${ctx:traceId}"}
{"@timestamp":"2026-05-16T09:14:02.841Z","ecs.version":"1.2.0","log.level":"WARN","message":"[Consumer clientId=consumer-flight-service-group-1, groupId=flight-service-group] Bootstrap broker localhost:29092 (id: -1 rack: null) disconnected","process.thread.name":"org.springframework.kafka.KafkaListenerEndpointContainer#0-0-C-1","log.logger":"org.apache.kafka.clients.NetworkClient","service":"skyways","environment":"local","traceId":"${ctx:traceId}"}
{"@timestamp":"2026-05-16T09:14:03.087Z","ecs.version":"1.2.0","log.level":"WARN","message":"Skyscanner circuit breaker fallback for BLR->BOM: Skyscanner API error: Skyscanner HTTP error: 404 NOT_FOUND","process.thread.name":"ForkJoinPool.commonPool-worker-2","log.logger":"com.skyways.flight.service.SkyscannerIntegrationService","service":"skyways","environment":"local","traceId":"${ctx:traceId}"}
{"@timestamp":"2026-05-16T09:14:03.088Z","ecs.version":"1.2.0","log.level":"INFO","message":"External APIs returned 0 flights for BLR->BOM","process.thread.name":"http-nio-8082-exec-6","log.logger":"com.skyways.flight.service.FlightAggregatorService","traceId":"9bad396b-f629-463f-ab0a-62d37920df7f","service":"skyways","environment":"local","traceId":"9bad396b-f629-463f-ab0a-62d37920df7f"}
{"@timestamp":"2026-05-16T09:14:03.088Z","ecs.version":"1.2.0","log.level":"INFO","message":"External APIs returned no results for BLR->BOM, falling back to database","process.thread.name":"http-nio-8082-exec-6","log.logger":"com.skyways.flight.service.FlightAggregatorService","traceId":"9bad396b-f629-463f-ab0a-62d37920df7f","service":"skyways","environment":"local","traceId":"9bad396b-f629-463f-ab0a-62d37920df7f"}
{"@timestamp":"2026-05-16T09:14:03.532Z","ecs.version":"1.2.0","log.level":"WARN","message":"[Consumer clientId=consumer-flight-service-group-2, groupId=flight-service-group] Connection to node -1 (localhost/127.0.0.1:29092) could not be established. Node may not be available.","process.thread.name":"org.springframework.kafka.KafkaListenerEndpointContainer#1-0-C-1","log.logger":"org.apache.kafka.clients.NetworkClient","service":"skyways","environment":"local","traceId":"${ctx:traceId}"}
{"@timestamp":"2026-05-16T09:14:03.532Z","ecs.version":"1.2.0","log.level":"WARN","message":"[Consumer clientId=consumer-flight-service-group-2, groupId=flight-service-group] Bootstrap broker localhost:29092 (id: -1 rack: null) disconnected","process.thread.name":"org.springframework.kafka.KafkaListenerEndpointContainer#1-0-C-1","log.logger":"org.apache.kafka.clients.NetworkClient","service":"skyways","environment":"local","traceId":"${ctx:traceId}"}
{"@timestamp":"2026-05-16T09:14:03.848Z","ecs.version":"1.2.0","log.level":"WARN","message":"[Consumer clientId=consumer-flight-service-group-1, groupId=flight-service-group] Connection to node -1 (localhost/127.0.0.1:29092) could not be established. Node may not be available.","process.thread.name":"org.springframework.kafka.KafkaListenerEndpointContainer#0-0-C-1","log.logger":"org.apache.kafka.clients.NetworkClient","service":"skyways","environment":"local","traceId":"${ctx:traceId}"}
{"@timestamp":"2026-05-16T09:14:03.848Z","ecs.version":"1.2.0","log.level":"WARN","message":"[Consumer clientId=consumer-flight-service-group-1, groupId=flight-service-group] Bootstrap broker localhost:29092 (id: -1 rack: null) disconnected","process.thread.name":"org.springframework.kafka.KafkaListenerEndpointContainer#0-0-C-1","log.logger":"org.apache.kafka.clients.NetworkClient","service":"skyways","environment":"local","traceId":"${ctx:traceId}"}
{"@timestamp":"2026-05-16T09:14:04.418Z","ecs.version":"1.2.0","log.level":"WARN","message":"[Consumer clientId=consumer-flight-service-group-2, groupId=flight-service-group] Connection to node -1 (localhost/127.0.0.1:29092) could not be established. Node may not be available.","process.thread.name":"org.springframework.kafka.KafkaListenerEndpointContainer#1-0-C-1","log.logger":"org.apache.kafka.clients.NetworkClient","service":"skyways","environment":"local","traceId":"${ctx:traceId}"}
{"@timestamp":"2026-05-16T09:14:04.419Z","ecs.version":"1.2.0","log.level":"WARN","message":"[Consumer clientId=consumer-flight-service-group-2, groupId=flight-service-group] Bootstrap broker localhost:29092 (id: -1 rack: null) disconnected","process.thread.name":"org.springframework.kafka.KafkaListenerEndpointContainer#1-0-C-1","log.logger":"org.apache.kafka.clients.NetworkClient","service":"skyways","environment":"local","traceId":"${ctx:traceId}"}
{"@timestamp":"2026-05-16T09:14:04.856Z","ecs.version":"1.2.0","log.level":"WARN","message":"[Consumer clientId=consumer-flight-service-group-1, groupId=flight-service-group] Connection to node -1 (localhost/127.0.0.1:29092) could not be established. Node may not be available.","process.thread.name":"org.springframework.kafka.KafkaListenerEndpointContainer#0-0-C-1","log.logger":"org.apache.kafka.clients.NetworkClient","service":"skyways","environment":"local","traceId":"${ctx:traceId}"}
{"@timestamp":"2026-05-16T09:14:04.857Z","ecs.version":"1.2.0","log.level":"WARN","message":"[Consumer clientId=consumer-flight-service-group-1, groupId=flight-service-group] Bootstrap broker localhost:29092 (id: -1 rack: null) disconnected","process.thread.name":"org.springframework.kafka.KafkaListenerEndpointContainer#0-0-C-1","log.logger":"org.apache.kafka.clients.NetworkClient","service":"skyways","environment":"local","traceId":"${ctx:traceId}"}
{"@timestamp":"2026-05-16T09:14:05.455Z","ecs.version":"1.2.0","log.level":"WARN","message":"[Consumer clientId=consumer-flight-service-group-2, groupId=flight-service-group] Connection to node -1 (localhost/127.0.0.1:29092) could not be established. Node may not be available.","process.thread.name":"org.springframework.kafka.KafkaListenerEndpointContainer#1-0-C-1","log.logger":"org.apache.kafka.clients.NetworkClient","service":"skyways","environment":"local","traceId":"${ctx:traceId}"}
{"@timestamp":"2026-05-16T09:14:05.455Z","ecs.version":"1.2.0","log.level":"WARN","message":"[Consumer clientId=consumer-flight-service-group-2, groupId=flight-service-group] Bootstrap broker localhost:29092 (id: -1 rack: null) disconnected","process.thread.name":"org.springframework.kafka.KafkaListenerEndpointContainer#1-0-C-1","log.logger":"org.apache.kafka.clients.NetworkClient","service":"skyways","environment":"local","traceId":"${ctx:traceId}"}
{"@timestamp":"2026-05-16T09:14:05.861Z","ecs.version":"1.2.0","log.level":"WARN","message":"[Consumer clientId=consumer-flight-service-group-1, groupId=flight-service-group] Connection to node -1 (localhost/127.0.0.1:29092) could not be established. Node may not be available.","process.thread.name":"org.springframework.kafka.KafkaListenerEndpointContainer#0-0-C-1","log.logger":"org.apache.kafka.clients.NetworkClient","service":"skyways","environment":"local","traceId":"${ctx:traceId}"}
{"@timestamp":"2026-05-16T09:14:05.862Z","ecs.version":"1.2.0","log.level":"WARN","message":"[Consumer clientId=consumer-flight-service-group-1, groupId=flight-service-group] Bootstrap broker localhost:29092 (id: -1 rack: null) disconnected","process.thread.name":"org.springframework.kafka.KafkaListenerEndpointContainer#0-0-C-1","log.logger":"org.apache.kafka.clients.NetworkClient","service":"skyways","environment":"local","traceId":"${ctx:traceId}"}
{"@timestamp":"2026-05-16T09:14:06.457Z","ecs.version":"1.2.0","log.level":"WARN","message":"[Consumer clientId=consumer-flight-service-group-2, groupId=flight-service-group] Connection to node -1 (localhost/127.0.0.1:29092) could not be established. Node may not be available.","process.thread.name":"org.springframework.kafka.KafkaListenerEndpointContainer#1-0-C-1","log.logger":"org.apache.kafka.clients.NetworkClient","service":"skyways","environment":"local","traceId":"${ctx:traceId}"}
{"@timestamp":"2026-05-16T09:14:06.458Z","ecs.version":"1.2.0","log.level":"WARN","message":"[Consumer clientId=consumer-flight-service-group-2, groupId=flight-service-group] Bootstrap broker localhost:29092 (id: -1 rack: null) disconnected","process.thread.name":"org.springframework.kafka.KafkaListenerEndpointContainer#1-0-C-1","log.logger":"org.apache.kafka.clients.NetworkClient","service":"skyways","environment":"local","traceId":"${ctx:traceId}"}
{"@timestamp":"2026-05-16T09:14:06.866Z","ecs.version":"1.2.0","log.level":"WARN","message":"[Consumer clientId=consumer-flight-service-group-1, groupId=flight-service-group] Connection to node -1 (localhost/127.0.0.1:29092) could not be established. Node may not be available.","process.thread.name":"org.springframework.kafka.KafkaListenerEndpointContainer#0-0-C-1","log.logger":"org.apache.kafka.clients.NetworkClient","service":"skyways","environment":"local","traceId":"${ctx:traceId}"}
{"@timestamp":"2026-05-16T09:14:06.866Z","ecs.version":"1.2.0","log.level":"WARN","message":"[Consumer clientId=consumer-flight-service-group-1, groupId=flight-service-group] Bootstrap broker localhost:29092 (id: -1 rack: null) disconnected","process.thread.name":"org.springframework.kafka.KafkaListenerEndpointContainer#0-0-C-1","log.logger":"org.apache.kafka.clients.NetworkClient","service":"skyways","environment":"local","traceId":"${ctx:traceId}"}
{"@timestamp":"2026-05-16T09:14:07.465Z","ecs.version":"1.2.0","log.level":"WARN","message":"[Consumer clientId=consumer-flight-service-group-2, groupId=flight-service-group] Connection to node -1 (localhost/127.0.0.1:29092) could not be established. Node may not be available.","process.thread.name":"org.springframework.kafka.KafkaListenerEndpointContainer#1-0-C-1","log.logger":"org.apache.kafka.clients.NetworkClient","service":"skyways","environment":"local","traceId":"${ctx:traceId}"}
{"@timestamp":"2026-05-16T09:14:07.465Z","ecs.version":"1.2.0","log.level":"WARN","message":"[Consumer clientId=consumer-flight-service-group-2, groupId=flight-service-group] Bootstrap broker localhost:29092 (id: -1 rack: null) disconnected","process.thread.name":"org.springframework.kafka.KafkaListenerEndpointContainer#1-0-C-1","log.logger":"org.apache.kafka.clients.NetworkClient","service":"skyways","environment":"local","traceId":"${ctx:traceId}"}
{"@timestamp":"2026-05-16T09:14:07.686Z","ecs.version":"1.2.0","log.level":"WARN","message":"[Consumer clientId=consumer-flight-service-group-1, groupId=flight-service-group] Connection to node -1 (localhost/127.0.0.1:29092) could not be established. Node may not be available.","process.thread.name":"org.springframework.kafka.KafkaListenerEndpointContainer#0-0-C-1","log.logger":"org.apache.kafka.clients.NetworkClient","service":"skyways","environment":"local","traceId":"${ctx:traceId}"}
{"@timestamp":"2026-05-16T09:14:07.686Z","ecs.version":"1.2.0","log.level":"WARN","message":"[Consumer clientId=consumer-flight-service-group-1, groupId=flight-service-group] Bootstrap broker localhost:29092 (id: -1 rack: null) disconnected","process.thread.name":"org.springframework.kafka.KafkaListenerEndpointContainer#0-0-C-1","log.logger":"org.apache.kafka.clients.NetworkClient","service":"skyways","environment":"local","traceId":"${ctx:traceId}"}
{"@timestamp":"2026-05-16T09:14:08.472Z","ecs.version":"1.2.0","log.level":"WARN","message":"[Consumer clientId=consumer-flight-service-group-2, groupId=flight-service-group] Connection to node -1 (localhost/127.0.0.1:29092) could not be established. Node may not be available.","process.thread.name":"org.springframework.kafka.KafkaListenerEndpointContainer#1-0-C-1","log.logger":"org.apache.kafka.clients.NetworkClient","service":"skyways","environment":"local","traceId":"${ctx:traceId}"}
{"@timestamp":"2026-05-16T09:14:08.472Z","ecs.version":"1.2.0","log.level":"WARN","message":"[Consumer clientId=consumer-flight-service-group-2, groupId=flight-service-group] Bootstrap broker localhost:29092 (id: -1 rack: null) disconnected","process.thread.name":"org.springframework.kafka.KafkaListenerEndpointContainer#1-0-C-1","log.logger":"org.apache.kafka.clients.NetworkClient","service":"skyways","environment":"local","traceId":"${ctx:traceId}"}
{"@timestamp":"2026-05-16T09:14:08.629Z","ecs.version":"1.2.0","log.level":"WARN","message":"[Consumer clientId=consumer-flight-service-group-1, groupId=flight-service-group] Connection to node -1 (localhost/127.0.0.1:29092) could not be established. Node may not be available.","process.thread.name":"org.springframework.kafka.KafkaListenerEndpointContainer#0-0-C-1","log.logger":"org.apache.kafka.clients.NetworkClient","service":"skyways","environment":"local","traceId":"${ctx:traceId}"}
{"@timestamp":"2026-05-16T09:14:08.629Z","ecs.version":"1.2.0","log.level":"WARN","message":"[Consumer clientId=consumer-flight-service-group-1, groupId=flight-service-group] Bootstrap broker localhost:29092 (id: -1 rack: null) disconnected","process.thread.name":"org.springframework.kafka.KafkaListenerEndpointContainer#0-0-C-1","log.logger":"org.apache.kafka.clients.NetworkClient","service":"skyways","environment":"local","traceId":"${ctx:traceId}"}
{"@timestamp":"2026-05-16T09:14:09.473Z","ecs.version":"1.2.0","log.level":"WARN","message":"[Consumer clientId=consumer-flight-service-group-2, groupId=flight-service-group] Connection to node -1 (localhost/127.0.0.1:29092) could not be established. Node may not be available.","process.thread.name":"org.springframework.kafka.KafkaListenerEndpointContainer#1-0-C-1","log.logger":"org.apache.kafka.clients.NetworkClient","service":"skyways","environment":"local","traceId":"${ctx:traceId}"}
{"@timestamp":"2026-05-16T09:14:09.473Z","ecs.version":"1.2.0","log.level":"WARN","message":"[Consumer clientId=consumer-flight-service-group-2, groupId=flight-service-group] Bootstrap broker localhost:29092 (id: -1 rack: null) disconnected","process.thread.name":"org.springframework.kafka.KafkaListenerEndpointContainer#1-0-C-1","log.logger":"org.apache.kafka.clients.NetworkClient","service":"skyways","environment":"local","traceId":"${ctx:traceId}"}
{"@timestamp":"2026-05-16T09:14:09.629Z","ecs.version":"1.2.0","log.level":"WARN","message":"[Consumer clientId=consumer-flight-service-group-1, groupId=flight-service-group] Connection to node -1 (localhost/127.0.0.1:29092) could not be established. Node may not be available.","process.thread.name":"org.springframework.kafka.KafkaListenerEndpointContainer#0-0-C-1","log.logger":"org.apache.kafka.clients.NetworkClient","service":"skyways","environment":"local","traceId":"${ctx:traceId}"}
{"@timestamp":"2026-05-16T09:14:09.630Z","ecs.version":"1.2.0","log.level":"WARN","message":"[Consumer clientId=consumer-flight-service-group-1, groupId=flight-service-group] Bootstrap broker localhost:29092 (id: -1 rack: null) disconnected","process.thread.name":"org.springframework.kafka.KafkaListenerEndpointContainer#0-0-C-1","log.logger":"org.apache.kafka.clients.NetworkClient","service":"skyways","environment":"local","traceId":"${ctx:traceId}"}
{"@timestamp":"2026-05-16T09:14:10.316Z","ecs.version":"1.2.0","log.level":"WARN","message":"[Consumer clientId=consumer-flight-service-group-2, groupId=flight-service-group] Connection to node -1 (localhost/127.0.0.1:29092) could not be established. Node may not be available.","process.thread.name":"org.springframework.kafka.KafkaListenerEndpointContainer#1-0-C-1","log.logger":"org.apache.kafka.clients.NetworkClient","service":"skyways","environment":"local","traceId":"${ctx:traceId}"}
{"@timestamp":"2026-05-16T09:14:10.316Z","ecs.version":"1.2.0","log.level":"WARN","message":"[Consumer clientId=consumer-flight-service-group-2, groupId=flight-service-group] Bootstrap broker localhost:29092 (id: -1 rack: null) disconnected","process.thread.name":"org.springframework.kafka.KafkaListenerEndpointContainer#1-0-C-1","log.logger":"org.apache.kafka.clients.NetworkClient","service":"skyways","environment":"local","traceId":"${ctx:traceId}"}
{"@timestamp":"2026-05-16T09:14:10.631Z","ecs.version":"1.2.0","log.level":"WARN","message":"[Consumer clientId=consumer-flight-service-group-1, groupId=flight-service-group] Connection to node -1 (localhost/127.0.0.1:29092) could not be established. Node may not be available.","process.thread.name":"org.springframework.kafka.KafkaListenerEndpointContainer#0-0-C-1","log.logger":"org.apache.kafka.clients.NetworkClient","service":"skyways","environment":"local","traceId":"${ctx:traceId}"}
{"@timestamp":"2026-05-16T09:14:10.631Z","ecs.version":"1.2.0","log.level":"WARN","message":"[Consumer clientId=consumer-flight-service-group-1, groupId=flight-service-group] Bootstrap broker localhost:29092 (id: -1 rack: null) disconnected","process.thread.name":"org.springframework.kafka.KafkaListenerEndpointContainer#0-0-C-1","log.logger":"org.apache.kafka.clients.NetworkClient","service":"skyways","environment":"local","traceId":"${ctx:traceId}"}
{"@timestamp":"2026-05-16T09:14:11.243Z","ecs.version":"1.2.0","log.level":"WARN","message":"[Consumer clientId=consumer-flight-service-group-2, groupId=flight-service-group] Connection to node -1 (localhost/127.0.0.1:29092) could not be established. Node may not be available.","process.thread.name":"org.springframework.kafka.KafkaListenerEndpointContainer#1-0-C-1","log.logger":"org.apache.kafka.clients.NetworkClient","service":"skyways","environment":"local","traceId":"${ctx:traceId}"}
{"@timestamp":"2026-05-16T09:14:11.243Z","ecs.version":"1.2.0","log.level":"WARN","message":"[Consumer clientId=consumer-flight-service-group-2, groupId=flight-service-group] Bootstrap broker localhost:29092 (id: -1 rack: null) disconnected","process.thread.name":"org.springframework.kafka.KafkaListenerEndpointContainer#1-0-C-1","log.logger":"org.apache.kafka.clients.NetworkClient","service":"skyways","environment":"local","traceId":"${ctx:traceId}"}
{"@timestamp":"2026-05-16T09:14:11.636Z","ecs.version":"1.2.0","log.level":"WARN","message":"[Consumer clientId=consumer-flight-service-group-1, groupId=flight-service-group] Connection to node -1 (localhost/127.0.0.1:29092) could not be established. Node may not be available.","process.thread.name":"org.springframework.kafka.KafkaListenerEndpointContainer#0-0-C-1","log.logger":"org.apache.kafka.clients.NetworkClient","service":"skyways","environment":"local","traceId":"${ctx:traceId}"}
{"@timestamp":"2026-05-16T09:14:11.637Z","ecs.version":"1.2.0","log.level":"WARN","message":"[Consumer clientId=consumer-flight-service-group-1, groupId=flight-service-group] Bootstrap broker localhost:29092 (id: -1 rack: null) disconnected","process.thread.name":"org.springframework.kafka.KafkaListenerEndpointContainer#0-0-C-1","log.logger":"org.apache.kafka.clients.NetworkClient","service":"skyways","environment":"local","traceId":"${ctx:traceId}"}
{"@timestamp":"2026-05-16T09:14:12.185Z","ecs.version":"1.2.0","log.level":"WARN","message":"[Consumer clientId=consumer-flight-service-group-2, groupId=flight-service-group] Connection to node -1 (localhost/127.0.0.1:29092) could not be established. Node may not be available.","process.thread.name":"org.springframework.kafka.KafkaListenerEndpointContainer#1-0-C-1","log.logger":"org.apache.kafka.clients.NetworkClient","service":"skyways","environment":"local","traceId":"${ctx:traceId}"}
{"@timestamp":"2026-05-16T09:14:12.186Z","ecs.version":"1.2.0","log.level":"WARN","message":"[Consumer clientId=consumer-flight-service-group-2, groupId=flight-service-group] Bootstrap broker localhost:29092 (id: -1 rack: null) disconnected","process.thread.name":"org.springframework.kafka.KafkaListenerEndpointContainer#1-0-C-1","log.logger":"org.apache.kafka.clients.NetworkClient","service":"skyways","environment":"local","traceId":"${ctx:traceId}"}
{"@timestamp":"2026-05-16T09:14:12.626Z","ecs.version":"1.2.0","log.level":"WARN","message":"[Consumer clientId=consumer-flight-service-group-1, groupId=flight-service-group] Connection to node -1 (localhost/127.0.0.1:29092) could not be established. Node may not be available.","process.thread.name":"org.springframework.kafka.KafkaListenerEndpointContainer#0-0-C-1","log.logger":"org.apache.kafka.clients.NetworkClient","service":"skyways","environment":"local","traceId":"${ctx:traceId}"}
{"@timestamp":"2026-05-16T09:14:12.626Z","ecs.version":"1.2.0","log.level":"WARN","message":"[Consumer clientId=consumer-flight-service-group-1, groupId=flight-service-group] Bootstrap broker localhost:29092 (id: -1 rack: null) disconnected","process.thread.name":"org.springframework.kafka.KafkaListenerEndpointContainer#0-0-C-1","log.logger":"org.apache.kafka.clients.NetworkClient","service":"skyways","environment":"local","traceId":"${ctx:traceId}"}
{"@timestamp":"2026-05-16T09:14:13.132Z","ecs.version":"1.2.0","log.level":"WARN","message":"[Consumer clientId=consumer-flight-service-group-2, groupId=flight-service-group] Connection to node -1 (localhost/127.0.0.1:29092) could not be established. Node may not be available.","process.thread.name":"org.springframework.kafka.KafkaListenerEndpointContainer#1-0-C-1","log.logger":"org.apache.kafka.clients.NetworkClient","service":"skyways","environment":"local","traceId":"${ctx:traceId}"}
{"@timestamp":"2026-05-16T09:14:13.133Z","ecs.version":"1.2.0","log.level":"WARN","message":"[Consumer clientId=consumer-flight-service-group-2, groupId=flight-service-group] Bootstrap broker localhost:29092 (id: -1 rack: null) disconnected","process.thread.name":"org.springframework.kafka.KafkaListenerEndpointContainer#1-0-C-1","log.logger":"org.apache.kafka.clients.NetworkClient","service":"skyways","environment":"local","traceId":"${ctx:traceId}"}
{"@timestamp":"2026-05-16T09:14:13.638Z","ecs.version":"1.2.0","log.level":"WARN","message":"[Consumer clientId=consumer-flight-service-group-1, groupId=flight-service-group] Connection to node -1 (localhost/127.0.0.1:29092) could not be established. Node may not be available.","process.thread.name":"org.springframework.kafka.KafkaListenerEndpointContainer#0-0-C-1","log.logger":"org.apache.kafka.clients.NetworkClient","service":"skyways","environment":"local","traceId":"${ctx:traceId}"}
{"@timestamp":"2026-05-16T09:14:13.638Z","ecs.version":"1.2.0","log.level":"WARN","message":"[Consumer clientId=consumer-flight-service-group-1, groupId=flight-service-group] Bootstrap broker localhost:29092 (id: -1 rack: null) disconnected","process.thread.name":"org.springframework.kafka.KafkaListenerEndpointContainer#0-0-C-1","log.logger":"org.apache.kafka.clients.NetworkClient","service":"skyways","environment":"local","traceId":"${ctx:traceId}"}
{"@timestamp":"2026-05-16T09:14:14.138Z","ecs.version":"1.2.0","log.level":"WARN","message":"[Consumer clientId=consumer-flight-service-group-2, groupId=flight-service-group] Connection to node -1 (localhost/127.0.0.1:29092) could not be established. Node may not be available.","process.thread.name":"org.springframework.kafka.KafkaListenerEndpointContainer#1-0-C-1","log.logger":"org.apache.kafka.clients.NetworkClient","service":"skyways","environment":"local","traceId":"${ctx:traceId}"}
{"@timestamp":"2026-05-16T09:14:14.139Z","ecs.version":"1.2.0","log.level":"WARN","message":"[Consumer clientId=consumer-flight-service-group-2, groupId=flight-service-group] Bootstrap broker localhost:29092 (id: -1 rack: null) disconnected","process.thread.name":"org.springframework.kafka.KafkaListenerEndpointContainer#1-0-C-1","log.logger":"org.apache.kafka.clients.NetworkClient","service":"skyways","environment":"local","traceId":"${ctx:traceId}"}
{"@timestamp":"2026-05-16T09:14:14.516Z","ecs.version":"1.2.0","log.level":"WARN","message":"[Consumer clientId=consumer-flight-service-group-1, groupId=flight-service-group] Connection to node -1 (localhost/127.0.0.1:29092) could not be established. Node may not be available.","process.thread.name":"org.springframework.kafka.KafkaListenerEndpointContainer#0-0-C-1","log.logger":"org.apache.kafka.clients.NetworkClient","service":"skyways","environment":"local","traceId":"${ctx:traceId}"}
{"@timestamp":"2026-05-16T09:14:14.517Z","ecs.version":"1.2.0","log.level":"WARN","message":"[Consumer clientId=consumer-flight-service-group-1, groupId=flight-service-group] Bootstrap broker localhost:29092 (id: -1 rack: null) disconnected","process.thread.name":"org.springframework.kafka.KafkaListenerEndpointContainer#0-0-C-1","log.logger":"org.apache.kafka.clients.NetworkClient","service":"skyways","environment":"local","traceId":"${ctx:traceId}"}
{"@timestamp":"2026-05-16T09:14:15.156Z","ecs.version":"1.2.0","log.level":"WARN","message":"[Consumer clientId=consumer-flight-service-group-2, groupId=flight-service-group] Connection to node -1 (localhost/127.0.0.1:29092) could not be established. Node may not be available.","process.thread.name":"org.springframework.kafka.KafkaListenerEndpointContainer#1-0-C-1","log.logger":"org.apache.kafka.clients.NetworkClient","service":"skyways","environment":"local","traceId":"${ctx:traceId}"}
{"@timestamp":"2026-05-16T09:14:15.156Z","ecs.version":"1.2.0","log.level":"WARN","message":"[Consumer clientId=consumer-flight-service-group-2, groupId=flight-service-group] Bootstrap broker localhost:29092 (id: -1 rack: null) disconnected","process.thread.name":"org.springframework.kafka.KafkaListenerEndpointContainer#1-0-C-1","log.logger":"org.apache.kafka.clients.NetworkClient","service":"skyways","environment":"local","traceId":"${ctx:traceId}"}
{"@timestamp":"2026-05-16T09:14:15.565Z","ecs.version":"1.2.0","log.level":"WARN","message":"[Consumer clientId=consumer-flight-service-group-1, groupId=flight-service-group] Connection to node -1 (localhost/127.0.0.1:29092) could not be established. Node may not be available.","process.thread.name":"org.springframework.kafka.KafkaListenerEndpointContainer#0-0-C-1","log.logger":"org.apache.kafka.clients.NetworkClient","service":"skyways","environment":"local","traceId":"${ctx:traceId}"}
{"@timestamp":"2026-05-16T09:14:15.565Z","ecs.version":"1.2.0","log.level":"WARN","message":"[Consumer clientId=consumer-flight-service-group-1, groupId=flight-service-group] Bootstrap broker localhost:29092 (id: -1 rack: null) disconnected","process.thread.name":"org.springframework.kafka.KafkaListenerEndpointContainer#0-0-C-1","log.logger":"org.apache.kafka.clients.NetworkClient","service":"skyways","environment":"local","traceId":"${ctx:traceId}"}
{"@timestamp":"2026-05-16T09:14:15.972Z","ecs.version":"1.2.0","log.level":"WARN","message":"[Consumer clientId=consumer-flight-service-group-2, groupId=flight-service-group] Connection to node -1 (localhost/127.0.0.1:29092) could not be established. Node may not be available.","process.thread.name":"org.springframework.kafka.KafkaListenerEndpointContainer#1-0-C-1","log.logger":"org.apache.kafka.clients.NetworkClient","service":"skyways","environment":"local","traceId":"${ctx:traceId}"}
{"@timestamp":"2026-05-16T09:14:15.972Z","ecs.version":"1.2.0","log.level":"WARN","message":"[Consumer clientId=consumer-flight-service-group-2, groupId=flight-service-group] Bootstrap broker localhost:29092 (id: -1 rack: null) disconnected","process.thread.name":"org.springframework.kafka.KafkaListenerEndpointContainer#1-0-C-1","log.logger":"org.apache.kafka.clients.NetworkClient","service":"skyways","environment":"local","traceId":"${ctx:traceId}"}
{"@timestamp":"2026-05-16T09:14:16.586Z","ecs.version":"1.2.0","log.level":"WARN","message":"[Consumer clientId=consumer-flight-service-group-1, groupId=flight-service-group] Connection to node -1 (localhost/127.0.0.1:29092) could not be established. Node may not be available.","process.thread.name":"org.springframework.kafka.KafkaListenerEndpointContainer#0-0-C-1","log.logger":"org.apache.kafka.clients.NetworkClient","service":"skyways","environment":"local","traceId":"${ctx:traceId}"}
{"@timestamp":"2026-05-16T09:14:16.587Z","ecs.version":"1.2.0","log.level":"WARN","message":"[Consumer clientId=consumer-flight-service-group-1, groupId=flight-service-group] Bootstrap broker localhost:29092 (id: -1 rack: null) disconnected","process.thread.name":"org.springframework.kafka.KafkaListenerEndpointContainer#0-0-C-1","log.logger":"org.apache.kafka.clients.NetworkClient","service":"skyways","environment":"local","traceId":"${ctx:traceId}"}
{"@timestamp":"2026-05-16T09:14:16.981Z","ecs.version":"1.2.0","log.level":"WARN","message":"[Consumer clientId=consumer-flight-service-group-2, groupId=flight-service-group] Connection to node -1 (localhost/127.0.0.1:29092) could not be established. Node may not be available.","process.thread.name":"org.springframework.kafka.KafkaListenerEndpointContainer#1-0-C-1","log.logger":"org.apache.kafka.clients.NetworkClient","service":"skyways","environment":"local","traceId":"${ctx:traceId}"}
{"@timestamp":"2026-05-16T09:14:16.981Z","ecs.version":"1.2.0","log.level":"WARN","message":"[Consumer clientId=consumer-flight-service-group-2, groupId=flight-service-group] Bootstrap broker localhost:29092 (id: -1 rack: null) disconnected","process.thread.name":"org.springframework.kafka.KafkaListenerEndpointContainer#1-0-C-1","log.logger":"org.apache.kafka.clients.NetworkClient","service":"skyways","environment":"local","traceId":"${ctx:traceId}"}
{"@timestamp":"2026-05-16T09:14:17.629Z","ecs.version":"1.2.0","log.level":"WARN","message":"[Consumer clientId=consumer-flight-service-group-1, groupId=flight-service-group] Connection to node -1 (localhost/127.0.0.1:29092) could not be established. Node may not be available.","process.thread.name":"org.springframework.kafka.KafkaListenerEndpointContainer#0-0-C-1","log.logger":"org.apache.kafka.clients.NetworkClient","service":"skyways","environment":"local","traceId":"${ctx:traceId}"}
{"@timestamp":"2026-05-16T09:14:17.629Z","ecs.version":"1.2.0","log.level":"WARN","message":"[Consumer clientId=consumer-flight-service-group-1, groupId=flight-service-group] Bootstrap broker localhost:29092 (id: -1 rack: null) disconnected","process.thread.name":"org.springframework.kafka.KafkaListenerEndpointContainer#0-0-C-1","log.logger":"org.apache.kafka.clients.NetworkClient","service":"skyways","environment":"local","traceId":"${ctx:traceId}"}
{"@timestamp":"2026-05-16T09:14:17.986Z","ecs.version":"1.2.0","log.level":"WARN","message":"[Consumer clientId=consumer-flight-service-group-2, groupId=flight-service-group] Connection to node -1 (localhost/127.0.0.1:29092) could not be established. Node may not be available.","process.thread.name":"org.springframework.kafka.KafkaListenerEndpointContainer#1-0-C-1","log.logger":"org.apache.kafka.clients.NetworkClient","service":"skyways","environment":"local","traceId":"${ctx:traceId}"}
{"@timestamp":"2026-05-16T09:14:17.987Z","ecs.version":"1.2.0","log.level":"WARN","message":"[Consumer clientId=consumer-flight-service-group-2, groupId=flight-service-group] Bootstrap broker localhost:29092 (id: -1 rack: null) disconnected","process.thread.name":"org.springframework.kafka.KafkaListenerEndpointContainer#1-0-C-1","log.logger":"org.apache.kafka.clients.NetworkClient","service":"skyways","environment":"local","traceId":"${ctx:traceId}"}
{"@timestamp":"2026-05-16T09:14:18.640Z","ecs.version":"1.2.0","log.level":"WARN","message":"[Consumer clientId=consumer-flight-service-group-1, groupId=flight-service-group] Connection to node -1 (localhost/127.0.0.1:29092) could not be established. Node may not be available.","process.thread.name":"org.springframework.kafka.KafkaListenerEndpointContainer#0-0-C-1","log.logger":"org.apache.kafka.clients.NetworkClient","service":"skyways","environment":"local","traceId":"${ctx:traceId}"}
{"@timestamp":"2026-05-16T09:14:18.641Z","ecs.version":"1.2.0","log.level":"WARN","message":"[Consumer clientId=consumer-flight-service-group-1, groupId=flight-service-group] Bootstrap broker localhost:29092 (id: -1 rack: null) disconnected","process.thread.name":"org.springframework.kafka.KafkaListenerEndpointContainer#0-0-C-1","log.logger":"org.apache.kafka.clients.NetworkClient","service":"skyways","environment":"local","traceId":"${ctx:traceId}"}
{"@timestamp":"2026-05-16T09:14:18.860Z","ecs.version":"1.2.0","log.level":"WARN","message":"Request execution failed with message: I/O error on GET request for \"http://localhost:8761/eureka/apps/\": Connect to http://localhost:8761 [localhost/127.0.0.1, localhost/0:0:0:0:0:0:0:1] failed: Connection refused: no further information","process.thread.name":"DiscoveryClient-CacheRefreshExecutor-0","log.logger":"com.netflix.discovery.shared.transport.decorator.RetryableEurekaHttpClient","service":"skyways","environment":"local","traceId":"${ctx:traceId}"}
{"@timestamp":"2026-05-16T09:14:18.907Z","ecs.version":"1.2.0","log.level":"WARN","message":"Request execution failed with message: I/O error on PUT request for \"http://localhost:8761/eureka/apps/SKYWAYS-FLIGHT-SERVICE/DESKTOP-S0AUF4J:skyways-flight-service:8082\": Connect to http://localhost:8761 [localhost/127.0.0.1, localhost/0:0:0:0:0:0:0:1] failed: Connection refused: no further information","process.thread.name":"DiscoveryClient-HeartbeatExecutor-0","log.logger":"com.netflix.discovery.shared.transport.decorator.RetryableEurekaHttpClient","service":"skyways","environment":"local","traceId":"${ctx:traceId}"}
{"@timestamp":"2026-05-16T09:14:18.907Z","ecs.version":"1.2.0","log.level":"ERROR","message":"DiscoveryClient_SKYWAYS-FLIGHT-SERVICE/DESKTOP-S0AUF4J:skyways-flight-service:8082 - was unable to send heartbeat!","process.thread.name":"DiscoveryClient-HeartbeatExecutor-0","log.logger":"com.netflix.discovery.DiscoveryClient","error.type":"com.netflix.discovery.shared.transport.TransportException","error.message":"Cannot execute request on any known server","error.stack_trace":"com.netflix.discovery.shared.transport.TransportException: Cannot execute request on any known server\r\n\tat com.netflix.discovery.shared.transport.decorator.RetryableEurekaHttpClient.execute(RetryableEurekaHttpClient.java:112)\r\n\tat com.netflix.discovery.shared.transport.decorator.EurekaHttpClientDecorator.sendHeartBeat(EurekaHttpClientDecorator.java:89)\r\n\tat com.netflix.discovery.shared.transport.decorator.EurekaHttpClientDecorator$3.execute(EurekaHttpClientDecorator.java:92)\r\n\tat com.netflix.discovery.shared.transport.decorator.SessionedEurekaHttpClient.execute(SessionedEurekaHttpClient.java:77)\r\n\tat com.netflix.discovery.shared.transport.decorator.EurekaHttpClientDecorator.sendHeartBeat(EurekaHttpClientDecorator.java:89)\r\n\tat com.netflix.discovery.DiscoveryClient.renew(DiscoveryClient.java:837)\r\n\tat com.netflix.discovery.DiscoveryClient$HeartbeatThread.run(DiscoveryClient.java:1401)\r\n\tat java.base/java.util.concurrent.Executors$RunnableAdapter.call(Executors.java:539)\r\n\tat java.base/java.util.concurrent.FutureTask.run(FutureTask.java:264)\r\n\tat java.base/java.util.concurrent.ThreadPoolExecutor.runWorker(ThreadPoolExecutor.java:1136)\r\n\tat java.base/java.util.concurrent.ThreadPoolExecutor$Worker.run(ThreadPoolExecutor.java:635)\r\n\tat java.base/java.lang.Thread.run(Thread.java:842)\r\n","service":"skyways","environment":"local","traceId":"${ctx:traceId}"}
{"@timestamp":"2026-05-16T09:14:18.986Z","ecs.version":"1.2.0","log.level":"WARN","message":"[Consumer clientId=consumer-flight-service-group-2, groupId=flight-service-group] Connection to node -1 (localhost/127.0.0.1:29092) could not be established. Node may not be available.","process.thread.name":"org.springframework.kafka.KafkaListenerEndpointContainer#1-0-C-1","log.logger":"org.apache.kafka.clients.NetworkClient","service":"skyways","environment":"local","traceId":"${ctx:traceId}"}
{"@timestamp":"2026-05-16T09:14:18.986Z","ecs.version":"1.2.0","log.level":"WARN","message":"[Consumer clientId=consumer-flight-service-group-2, groupId=flight-service-group] Bootstrap broker localhost:29092 (id: -1 rack: null) disconnected","process.thread.name":"org.springframework.kafka.KafkaListenerEndpointContainer#1-0-C-1","log.logger":"org.apache.kafka.clients.NetworkClient","service":"skyways","environment":"local","traceId":"${ctx:traceId}"}
{"@timestamp":"2026-05-16T09:14:19.000Z","ecs.version":"1.2.0","log.level":"WARN","message":"Request execution failed with message: I/O error on POST request for \"http://localhost:8761/eureka/apps/SKYWAYS-FLIGHT-SERVICE\": Connect to http://localhost:8761 [localhost/127.0.0.1, localhost/0:0:0:0:0:0:0:1] failed: Connection refused: no further information","process.thread.name":"DiscoveryClient-InstanceInfoReplicator-0","log.logger":"com.netflix.discovery.shared.transport.decorator.RetryableEurekaHttpClient","service":"skyways","environment":"local","traceId":"${ctx:traceId}"}
{"@timestamp":"2026-05-16T09:14:19.001Z","ecs.version":"1.2.0","log.level":"WARN","message":"DiscoveryClient_SKYWAYS-FLIGHT-SERVICE/DESKTOP-S0AUF4J:skyways-flight-service:8082 - registration failed Cannot execute request on any known server","process.thread.name":"DiscoveryClient-InstanceInfoReplicator-0","log.logger":"com.netflix.discovery.DiscoveryClient","error.type":"com.netflix.discovery.shared.transport.TransportException","error.message":"Cannot execute request on any known server","error.stack_trace":"com.netflix.discovery.shared.transport.TransportException: Cannot execute request on any known server\r\n\tat com.netflix.discovery.shared.transport.decorator.RetryableEurekaHttpClient.execute(RetryableEurekaHttpClient.java:112)\r\n\tat com.netflix.discovery.shared.transport.decorator.EurekaHttpClientDecorator.register(EurekaHttpClientDecorator.java:56)\r\n\tat com.netflix.discovery.shared.transport.decorator.EurekaHttpClientDecorator$1.execute(EurekaHttpClientDecorator.java:59)\r\n\tat com.netflix.discovery.shared.transport.decorator.SessionedEurekaHttpClient.execute(SessionedEurekaHttpClient.java:77)\r\n\tat com.netflix.discovery.shared.transport.decorator.EurekaHttpClientDecorator.register(EurekaHttpClientDecorator.java:56)\r\n\tat com.netflix.discovery.DiscoveryClient.register(DiscoveryClient.java:820)\r\n\tat com.netflix.discovery.InstanceInfoReplicator.run(InstanceInfoReplicator.java:121)\r\n\tat java.base/java.util.concurrent.Executors$RunnableAdapter.call(Executors.java:539)\r\n\tat java.base/java.util.concurrent.FutureTask.run(FutureTask.java:264)\r\n\tat java.base/java.util.concurrent.ScheduledThreadPoolExecutor$ScheduledFutureTask.run(ScheduledThreadPoolExecutor.java:304)\r\n\tat java.base/java.util.concurrent.ThreadPoolExecutor.runWorker(ThreadPoolExecutor.java:1136)\r\n\tat java.base/java.util.concurrent.ThreadPoolExecutor$Worker.run(ThreadPoolExecutor.java:635)\r\n\tat java.base/java.lang.Thread.run(Thread.java:842)\r\n","service":"skyways","environment":"local","traceId":"${ctx:traceId}"}
{"@timestamp":"2026-05-16T09:14:19.001Z","ecs.version":"1.2.0","log.level":"WARN","message":"There was a problem with the instance info replicator","process.thread.name":"DiscoveryClient-InstanceInfoReplicator-0","log.logger":"com.netflix.discovery.InstanceInfoReplicator","error.type":"com.netflix.discovery.shared.transport.TransportException","error.message":"Cannot execute request on any known server","error.stack_trace":"com.netflix.discovery.shared.transport.TransportException: Cannot execute request on any known server\r\n\tat com.netflix.discovery.shared.transport.decorator.RetryableEurekaHttpClient.execute(RetryableEurekaHttpClient.java:112)\r\n\tat com.netflix.discovery.shared.transport.decorator.EurekaHttpClientDecorator.register(EurekaHttpClientDecorator.java:56)\r\n\tat com.netflix.discovery.shared.transport.decorator.EurekaHttpClientDecorator$1.execute(EurekaHttpClientDecorator.java:59)\r\n\tat com.netflix.discovery.shared.transport.decorator.SessionedEurekaHttpClient.execute(SessionedEurekaHttpClient.java:77)\r\n\tat com.netflix.discovery.shared.transport.decorator.EurekaHttpClientDecorator.register(EurekaHttpClientDecorator.java:56)\r\n\tat com.netflix.discovery.DiscoveryClient.register(DiscoveryClient.java:820)\r\n\tat com.netflix.discovery.InstanceInfoReplicator.run(InstanceInfoReplicator.java:121)\r\n\tat java.base/java.util.concurrent.Executors$RunnableAdapter.call(Executors.java:539)\r\n\tat java.base/java.util.concurrent.FutureTask.run(FutureTask.java:264)\r\n\tat java.base/java.util.concurrent.ScheduledThreadPoolExecutor$ScheduledFutureTask.run(ScheduledThreadPoolExecutor.java:304)\r\n\tat java.base/java.util.concurrent.ThreadPoolExecutor.runWorker(ThreadPoolExecutor.java:1136)\r\n\tat java.base/java.util.concurrent.ThreadPoolExecutor$Worker.run(ThreadPoolExecutor.java:635)\r\n\tat java.base/java.lang.Thread.run(Thread.java:842)\r\n","service":"skyways","environment":"local","traceId":"${ctx:traceId}"}
{"@timestamp":"2026-05-16T09:14:19.645Z","ecs.version":"1.2.0","log.level":"WARN","message":"[Consumer clientId=consumer-flight-service-group-1, groupId=flight-service-group] Connection to node -1 (localhost/127.0.0.1:29092) could not be established. Node may not be available.","process.thread.name":"org.springframework.kafka.KafkaListenerEndpointContainer#0-0-C-1","log.logger":"org.apache.kafka.clients.NetworkClient","service":"skyways","environment":"local","traceId":"${ctx:traceId}"}
{"@timestamp":"2026-05-16T09:14:19.645Z","ecs.version":"1.2.0","log.level":"WARN","message":"[Consumer clientId=consumer-flight-service-group-1, groupId=flight-service-group] Bootstrap broker localhost:29092 (id: -1 rack: null) disconnected","process.thread.name":"org.springframework.kafka.KafkaListenerEndpointContainer#0-0-C-1","log.logger":"org.apache.kafka.clients.NetworkClient","service":"skyways","environment":"local","traceId":"${ctx:traceId}"}
{"@timestamp":"2026-05-16T09:14:20.020Z","ecs.version":"1.2.0","log.level":"WARN","message":"[Consumer clientId=consumer-flight-service-group-2, groupId=flight-service-group] Connection to node -1 (localhost/127.0.0.1:29092) could not be established. Node may not be available.","process.thread.name":"org.springframework.kafka.KafkaListenerEndpointContainer#1-0-C-1","log.logger":"org.apache.kafka.clients.NetworkClient","service":"skyways","environment":"local","traceId":"${ctx:traceId}"}
{"@timestamp":"2026-05-16T09:14:20.020Z","ecs.version":"1.2.0","log.level":"WARN","message":"[Consumer clientId=consumer-flight-service-group-2, groupId=flight-service-group] Bootstrap broker localhost:29092 (id: -1 rack: null) disconnected","process.thread.name":"org.springframework.kafka.KafkaListenerEndpointContainer#1-0-C-1","log.logger":"org.apache.kafka.clients.NetworkClient","service":"skyways","environment":"local","traceId":"${ctx:traceId}"}
{"@timestamp":"2026-05-16T09:14:20.508Z","ecs.version":"1.2.0","log.level":"WARN","message":"[Consumer clientId=consumer-flight-service-group-1, groupId=flight-service-group] Connection to node -1 (localhost/127.0.0.1:29092) could not be established. Node may not be available.","process.thread.name":"org.springframework.kafka.KafkaListenerEndpointContainer#0-0-C-1","log.logger":"org.apache.kafka.clients.NetworkClient","service":"skyways","environment":"local","traceId":"${ctx:traceId}"}
{"@timestamp":"2026-05-16T09:14:20.508Z","ecs.version":"1.2.0","log.level":"WARN","message":"[Consumer clientId=consumer-flight-service-group-1, groupId=flight-service-group] Bootstrap broker localhost:29092 (id: -1 rack: null) disconnected","process.thread.name":"org.springframework.kafka.KafkaListenerEndpointContainer#0-0-C-1","log.logger":"org.apache.kafka.clients.NetworkClient","service":"skyways","environment":"local","traceId":"${ctx:traceId}"}
{"@timestamp":"2026-05-16T09:14:21.021Z","ecs.version":"1.2.0","log.level":"WARN","message":"[Consumer clientId=consumer-flight-service-group-2, groupId=flight-service-group] Connection to node -1 (localhost/127.0.0.1:29092) could not be established. Node may not be available.","process.thread.name":"org.springframework.kafka.KafkaListenerEndpointContainer#1-0-C-1","log.logger":"org.apache.kafka.clients.NetworkClient","service":"skyways","environment":"local","traceId":"${ctx:traceId}"}
{"@timestamp":"2026-05-16T09:14:21.022Z","ecs.version":"1.2.0","log.level":"WARN","message":"[Consumer clientId=consumer-flight-service-group-2, groupId=flight-service-group] Bootstrap broker localhost:29092 (id: -1 rack: null) disconnected","process.thread.name":"org.springframework.kafka.KafkaListenerEndpointContainer#1-0-C-1","log.logger":"org.apache.kafka.clients.NetworkClient","service":"skyways","environment":"local","traceId":"${ctx:traceId}"}
{"@timestamp":"2026-05-16T09:14:21.458Z","ecs.version":"1.2.0","log.level":"WARN","message":"[Consumer clientId=consumer-flight-service-group-1, groupId=flight-service-group] Connection to node -1 (localhost/127.0.0.1:29092) could not be established. Node may not be available.","process.thread.name":"org.springframework.kafka.KafkaListenerEndpointContainer#0-0-C-1","log.logger":"org.apache.kafka.clients.NetworkClient","service":"skyways","environment":"local","traceId":"${ctx:traceId}"}
{"@timestamp":"2026-05-16T09:14:21.458Z","ecs.version":"1.2.0","log.level":"WARN","message":"[Consumer clientId=consumer-flight-service-group-1, groupId=flight-service-group] Bootstrap broker localhost:29092 (id: -1 rack: null) disconnected","process.thread.name":"org.springframework.kafka.KafkaListenerEndpointContainer#0-0-C-1","log.logger":"org.apache.kafka.clients.NetworkClient","service":"skyways","environment":"local","traceId":"${ctx:traceId}"}
{"@timestamp":"2026-05-16T09:14:22.083Z","ecs.version":"1.2.0","log.level":"WARN","message":"[Consumer clientId=consumer-flight-service-group-2, groupId=flight-service-group] Connection to node -1 (localhost/127.0.0.1:29092) could not be established. Node may not be available.","process.thread.name":"org.springframework.kafka.KafkaListenerEndpointContainer#1-0-C-1","log.logger":"org.apache.kafka.clients.NetworkClient","service":"skyways","environment":"local","traceId":"${ctx:traceId}"}
{"@timestamp":"2026-05-16T09:14:22.083Z","ecs.version":"1.2.0","log.level":"WARN","message":"[Consumer clientId=consumer-flight-service-group-2, groupId=flight-service-group] Bootstrap broker localhost:29092 (id: -1 rack: null) disconnected","process.thread.name":"org.springframework.kafka.KafkaListenerEndpointContainer#1-0-C-1","log.logger":"org.apache.kafka.clients.NetworkClient","service":"skyways","environment":"local","traceId":"${ctx:traceId}"}
{"@timestamp":"2026-05-16T09:14:22.473Z","ecs.version":"1.2.0","log.level":"WARN","message":"[Consumer clientId=consumer-flight-service-group-1, groupId=flight-service-group] Connection to node -1 (localhost/127.0.0.1:29092) could not be established. Node may not be available.","process.thread.name":"org.springframework.kafka.KafkaListenerEndpointContainer#0-0-C-1","log.logger":"org.apache.kafka.clients.NetworkClient","service":"skyways","environment":"local","traceId":"${ctx:traceId}"}
{"@timestamp":"2026-05-16T09:14:22.474Z","ecs.version":"1.2.0","log.level":"WARN","message":"[Consumer clientId=consumer-flight-service-group-1, groupId=flight-service-group] Bootstrap broker localhost:29092 (id: -1 rack: null) disconnected","process.thread.name":"org.springframework.kafka.KafkaListenerEndpointContainer#0-0-C-1","log.logger":"org.apache.kafka.clients.NetworkClient","service":"skyways","environment":"local","traceId":"${ctx:traceId}"}
{"@timestamp":"2026-05-16T09:14:23.020Z","ecs.version":"1.2.0","log.level":"WARN","message":"[Consumer clientId=consumer-flight-service-group-2, groupId=flight-service-group] Connection to node -1 (localhost/127.0.0.1:29092) could not be established. Node may not be available.","process.thread.name":"org.springframework.kafka.KafkaListenerEndpointContainer#1-0-C-1","log.logger":"org.apache.kafka.clients.NetworkClient","service":"skyways","environment":"local","traceId":"${ctx:traceId}"}
{"@timestamp":"2026-05-16T09:14:23.020Z","ecs.version":"1.2.0","log.level":"WARN","message":"[Consumer clientId=consumer-flight-service-group-2, groupId=flight-service-group] Bootstrap broker localhost:29092 (id: -1 rack: null) disconnected","process.thread.name":"org.springframework.kafka.KafkaListenerEndpointContainer#1-0-C-1","log.logger":"org.apache.kafka.clients.NetworkClient","service":"skyways","environment":"local","traceId":"${ctx:traceId}"}
{"@timestamp":"2026-05-16T09:14:23.287Z","ecs.version":"1.2.0","log.level":"WARN","message":"[Consumer clientId=consumer-flight-service-group-1, groupId=flight-service-group] Connection to node -1 (localhost/127.0.0.1:29092) could not be established. Node may not be available.","process.thread.name":"org.springframework.kafka.KafkaListenerEndpointContainer#0-0-C-1","log.logger":"org.apache.kafka.clients.NetworkClient","service":"skyways","environment":"local","traceId":"${ctx:traceId}"}
{"@timestamp":"2026-05-16T09:14:23.287Z","ecs.version":"1.2.0","log.level":"WARN","message":"[Consumer clientId=consumer-flight-service-group-1, groupId=flight-service-group] Bootstrap broker localhost:29092 (id: -1 rack: null) disconnected","process.thread.name":"org.springframework.kafka.KafkaListenerEndpointContainer#0-0-C-1","log.logger":"org.apache.kafka.clients.NetworkClient","service":"skyways","environment":"local","traceId":"${ctx:traceId}"}
{"@timestamp":"2026-05-16T09:14:23.892Z","ecs.version":"1.2.0","log.level":"WARN","message":"[Consumer clientId=consumer-flight-service-group-2, groupId=flight-service-group] Connection to node -1 (localhost/127.0.0.1:29092) could not be established. Node may not be available.","process.thread.name":"org.springframework.kafka.KafkaListenerEndpointContainer#1-0-C-1","log.logger":"org.apache.kafka.clients.NetworkClient","service":"skyways","environment":"local","traceId":"${ctx:traceId}"}
{"@timestamp":"2026-05-16T09:14:23.892Z","ecs.version":"1.2.0","log.level":"WARN","message":"[Consumer clientId=consumer-flight-service-group-2, groupId=flight-service-group] Bootstrap broker localhost:29092 (id: -1 rack: null) disconnected","process.thread.name":"org.springframework.kafka.KafkaListenerEndpointContainer#1-0-C-1","log.logger":"org.apache.kafka.clients.NetworkClient","service":"skyways","environment":"local","traceId":"${ctx:traceId}"}
{"@timestamp":"2026-05-16T09:14:24.347Z","ecs.version":"1.2.0","log.level":"WARN","message":"[Consumer clientId=consumer-flight-service-group-1, groupId=flight-service-group] Connection to node -1 (localhost/127.0.0.1:29092) could not be established. Node may not be available.","process.thread.name":"org.springframework.kafka.KafkaListenerEndpointContainer#0-0-C-1","log.logger":"org.apache.kafka.clients.NetworkClient","service":"skyways","environment":"local","traceId":"${ctx:traceId}"}
{"@timestamp":"2026-05-16T09:14:24.347Z","ecs.version":"1.2.0","log.level":"WARN","message":"[Consumer clientId=consumer-flight-service-group-1, groupId=flight-service-group] Bootstrap broker localhost:29092 (id: -1 rack: null) disconnected","process.thread.name":"org.springframework.kafka.KafkaListenerEndpointContainer#0-0-C-1","log.logger":"org.apache.kafka.clients.NetworkClient","service":"skyways","environment":"local","traceId":"${ctx:traceId}"}
{"@timestamp":"2026-05-16T09:14:24.854Z","ecs.version":"1.2.0","log.level":"WARN","message":"[Consumer clientId=consumer-flight-service-group-2, groupId=flight-service-group] Connection to node -1 (localhost/127.0.0.1:29092) could not be established. Node may not be available.","process.thread.name":"org.springframework.kafka.KafkaListenerEndpointContainer#1-0-C-1","log.logger":"org.apache.kafka.clients.NetworkClient","service":"skyways","environment":"local","traceId":"${ctx:traceId}"}
{"@timestamp":"2026-05-16T09:14:24.854Z","ecs.version":"1.2.0","log.level":"WARN","message":"[Consumer clientId=consumer-flight-service-group-2, groupId=flight-service-group] Bootstrap broker localhost:29092 (id: -1 rack: null) disconnected","process.thread.name":"org.springframework.kafka.KafkaListenerEndpointContainer#1-0-C-1","log.logger":"org.apache.kafka.clients.NetworkClient","service":"skyways","environment":"local","traceId":"${ctx:traceId}"}
{"@timestamp":"2026-05-16T09:14:25.185Z","ecs.version":"1.2.0","log.level":"WARN","message":"[Consumer clientId=consumer-flight-service-group-1, groupId=flight-service-group] Connection to node -1 (localhost/127.0.0.1:29092) could not be established. Node may not be available.","process.thread.name":"org.springframework.kafka.KafkaListenerEndpointContainer#0-0-C-1","log.logger":"org.apache.kafka.clients.NetworkClient","service":"skyways","environment":"local","traceId":"${ctx:traceId}"}
{"@timestamp":"2026-05-16T09:14:25.185Z","ecs.version":"1.2.0","log.level":"WARN","message":"[Consumer clientId=consumer-flight-service-group-1, groupId=flight-service-group] Bootstrap broker localhost:29092 (id: -1 rack: null) disconnected","process.thread.name":"org.springframework.kafka.KafkaListenerEndpointContainer#0-0-C-1","log.logger":"org.apache.kafka.clients.NetworkClient","service":"skyways","environment":"local","traceId":"${ctx:traceId}"}
{"@timestamp":"2026-05-16T09:14:25.736Z","ecs.version":"1.2.0","log.level":"WARN","message":"[Consumer clientId=consumer-flight-service-group-2, groupId=flight-service-group] Connection to node -1 (localhost/127.0.0.1:29092) could not be established. Node may not be available.","process.thread.name":"org.springframework.kafka.KafkaListenerEndpointContainer#1-0-C-1","log.logger":"org.apache.kafka.clients.NetworkClient","service":"skyways","environment":"local","traceId":"${ctx:traceId}"}
{"@timestamp":"2026-05-16T09:14:25.736Z","ecs.version":"1.2.0","log.level":"WARN","message":"[Consumer clientId=consumer-flight-service-group-2, groupId=flight-service-group] Bootstrap broker localhost:29092 (id: -1 rack: null) disconnected","process.thread.name":"org.springframework.kafka.KafkaListenerEndpointContainer#1-0-C-1","log.logger":"org.apache.kafka.clients.NetworkClient","service":"skyways","environment":"local","traceId":"${ctx:traceId}"}
{"@timestamp":"2026-05-16T09:14:26.241Z","ecs.version":"1.2.0","log.level":"WARN","message":"[Consumer clientId=consumer-flight-service-group-1, groupId=flight-service-group] Connection to node -1 (localhost/127.0.0.1:29092) could not be established. Node may not be available.","process.thread.name":"org.springframework.kafka.KafkaListenerEndpointContainer#0-0-C-1","log.logger":"org.apache.kafka.clients.NetworkClient","service":"skyways","environment":"local","traceId":"${ctx:traceId}"}
{"@timestamp":"2026-05-16T09:14:26.241Z","ecs.version":"1.2.0","log.level":"WARN","message":"[Consumer clientId=consumer-flight-service-group-1, groupId=flight-service-group] Bootstrap broker localhost:29092 (id: -1 rack: null) disconnected","process.thread.name":"org.springframework.kafka.KafkaListenerEndpointContainer#0-0-C-1","log.logger":"org.apache.kafka.clients.NetworkClient","service":"skyways","environment":"local","traceId":"${ctx:traceId}"}
{"@timestamp":"2026-05-16T09:14:26.742Z","ecs.version":"1.2.0","log.level":"WARN","message":"[Consumer clientId=consumer-flight-service-group-2, groupId=flight-service-group] Connection to node -1 (localhost/127.0.0.1:29092) could not be established. Node may not be available.","process.thread.name":"org.springframework.kafka.KafkaListenerEndpointContainer#1-0-C-1","log.logger":"org.apache.kafka.clients.NetworkClient","service":"skyways","environment":"local","traceId":"${ctx:traceId}"}
{"@timestamp":"2026-05-16T09:14:26.742Z","ecs.version":"1.2.0","log.level":"WARN","message":"[Consumer clientId=consumer-flight-service-group-2, groupId=flight-service-group] Bootstrap broker localhost:29092 (id: -1 rack: null) disconnected","process.thread.name":"org.springframework.kafka.KafkaListenerEndpointContainer#1-0-C-1","log.logger":"org.apache.kafka.clients.NetworkClient","service":"skyways","environment":"local","traceId":"${ctx:traceId}"}
{"@timestamp":"2026-05-16T09:14:27.243Z","ecs.version":"1.2.0","log.level":"WARN","message":"[Consumer clientId=consumer-flight-service-group-1, groupId=flight-service-group] Connection to node -1 (localhost/127.0.0.1:29092) could not be established. Node may not be available.","process.thread.name":"org.springframework.kafka.KafkaListenerEndpointContainer#0-0-C-1","log.logger":"org.apache.kafka.clients.NetworkClient","service":"skyways","environment":"local","traceId":"${ctx:traceId}"}
{"@timestamp":"2026-05-16T09:14:27.244Z","ecs.version":"1.2.0","log.level":"WARN","message":"[Consumer clientId=consumer-flight-service-group-1, groupId=flight-service-group] Bootstrap broker localhost:29092 (id: -1 rack: null) disconnected","process.thread.name":"org.springframework.kafka.KafkaListenerEndpointContainer#0-0-C-1","log.logger":"org.apache.kafka.clients.NetworkClient","service":"skyways","environment":"local","traceId":"${ctx:traceId}"}
{"@timestamp":"2026-05-16T09:14:27.744Z","ecs.version":"1.2.0","log.level":"WARN","message":"[Consumer clientId=consumer-flight-service-group-2, groupId=flight-service-group] Connection to node -1 (localhost/127.0.0.1:29092) could not be established. Node may not be available.","process.thread.name":"org.springframework.kafka.KafkaListenerEndpointContainer#1-0-C-1","log.logger":"org.apache.kafka.clients.NetworkClient","service":"skyways","environment":"local","traceId":"${ctx:traceId}"}
{"@timestamp":"2026-05-16T09:14:27.745Z","ecs.version":"1.2.0","log.level":"WARN","message":"[Consumer clientId=consumer-flight-service-group-2, groupId=flight-service-group] Bootstrap broker localhost:29092 (id: -1 rack: null) disconnected","process.thread.name":"org.springframework.kafka.KafkaListenerEndpointContainer#1-0-C-1","log.logger":"org.apache.kafka.clients.NetworkClient","service":"skyways","environment":"local","traceId":"${ctx:traceId}"}
{"@timestamp":"2026-05-16T09:14:28.184Z","ecs.version":"1.2.0","log.level":"WARN","message":"[Consumer clientId=consumer-flight-service-group-1, groupId=flight-service-group] Connection to node -1 (localhost/127.0.0.1:29092) could not be established. Node may not be available.","process.thread.name":"org.springframework.kafka.KafkaListenerEndpointContainer#0-0-C-1","log.logger":"org.apache.kafka.clients.NetworkClient","service":"skyways","environment":"local","traceId":"${ctx:traceId}"}
{"@timestamp":"2026-05-16T09:14:28.184Z","ecs.version":"1.2.0","log.level":"WARN","message":"[Consumer clientId=consumer-flight-service-group-1, groupId=flight-service-group] Bootstrap broker localhost:29092 (id: -1 rack: null) disconnected","process.thread.name":"org.springframework.kafka.KafkaListenerEndpointContainer#0-0-C-1","log.logger":"org.apache.kafka.clients.NetworkClient","service":"skyways","environment":"local","traceId":"${ctx:traceId}"}
{"@timestamp":"2026-05-16T09:14:28.781Z","ecs.version":"1.2.0","log.level":"WARN","message":"[Consumer clientId=consumer-flight-service-group-2, groupId=flight-service-group] Connection to node -1 (localhost/127.0.0.1:29092) could not be established. Node may not be available.","process.thread.name":"org.springframework.kafka.KafkaListenerEndpointContainer#1-0-C-1","log.logger":"org.apache.kafka.clients.NetworkClient","service":"skyways","environment":"local","traceId":"${ctx:traceId}"}
{"@timestamp":"2026-05-16T09:14:28.782Z","ecs.version":"1.2.0","log.level":"WARN","message":"[Consumer clientId=consumer-flight-service-group-2, groupId=flight-service-group] Bootstrap broker localhost:29092 (id: -1 rack: null) disconnected","process.thread.name":"org.springframework.kafka.KafkaListenerEndpointContainer#1-0-C-1","log.logger":"org.apache.kafka.clients.NetworkClient","service":"skyways","environment":"local","traceId":"${ctx:traceId}"}
{"@timestamp":"2026-05-16T09:14:29.066Z","ecs.version":"1.2.0","log.level":"WARN","message":"[Consumer clientId=consumer-flight-service-group-1, groupId=flight-service-group] Connection to node -1 (localhost/127.0.0.1:29092) could not be established. Node may not be available.","process.thread.name":"org.springframework.kafka.KafkaListenerEndpointContainer#0-0-C-1","log.logger":"org.apache.kafka.clients.NetworkClient","service":"skyways","environment":"local","traceId":"${ctx:traceId}"}
{"@timestamp":"2026-05-16T09:14:29.067Z","ecs.version":"1.2.0","log.level":"WARN","message":"[Consumer clientId=consumer-flight-service-group-1, groupId=flight-service-group] Bootstrap broker localhost:29092 (id: -1 rack: null) disconnected","process.thread.name":"org.springframework.kafka.KafkaListenerEndpointContainer#0-0-C-1","log.logger":"org.apache.kafka.clients.NetworkClient","service":"skyways","environment":"local","traceId":"${ctx:traceId}"}
{"@timestamp":"2026-05-16T09:14:29.753Z","ecs.version":"1.2.0","log.level":"WARN","message":"[Consumer clientId=consumer-flight-service-group-2, groupId=flight-service-group] Connection to node -1 (localhost/127.0.0.1:29092) could not be established. Node may not be available.","process.thread.name":"org.springframework.kafka.KafkaListenerEndpointContainer#1-0-C-1","log.logger":"org.apache.kafka.clients.NetworkClient","service":"skyways","environment":"local","traceId":"${ctx:traceId}"}
{"@timestamp":"2026-05-16T09:14:29.753Z","ecs.version":"1.2.0","log.level":"WARN","message":"[Consumer clientId=consumer-flight-service-group-2, groupId=flight-service-group] Bootstrap broker localhost:29092 (id: -1 rack: null) disconnected","process.thread.name":"org.springframework.kafka.KafkaListenerEndpointContainer#1-0-C-1","log.logger":"org.apache.kafka.clients.NetworkClient","service":"skyways","environment":"local","traceId":"${ctx:traceId}"}
{"@timestamp":"2026-05-16T09:14:30.070Z","ecs.version":"1.2.0","log.level":"WARN","message":"[Consumer clientId=consumer-flight-service-group-1, groupId=flight-service-group] Connection to node -1 (localhost/127.0.0.1:29092) could not be established. Node may not be available.","process.thread.name":"org.springframework.kafka.KafkaListenerEndpointContainer#0-0-C-1","log.logger":"org.apache.kafka.clients.NetworkClient","service":"skyways","environment":"local","traceId":"${ctx:traceId}"}
{"@timestamp":"2026-05-16T09:14:30.070Z","ecs.version":"1.2.0","log.level":"WARN","message":"[Consumer clientId=consumer-flight-service-group-1, groupId=flight-service-group] Bootstrap broker localhost:29092 (id: -1 rack: null) disconnected","process.thread.name":"org.springframework.kafka.KafkaListenerEndpointContainer#0-0-C-1","log.logger":"org.apache.kafka.clients.NetworkClient","service":"skyways","environment":"local","traceId":"${ctx:traceId}"}
{"@timestamp":"2026-05-16T09:14:30.760Z","ecs.version":"1.2.0","log.level":"WARN","message":"[Consumer clientId=consumer-flight-service-group-2, groupId=flight-service-group] Connection to node -1 (localhost/127.0.0.1:29092) could not be established. Node may not be available.","process.thread.name":"org.springframework.kafka.KafkaListenerEndpointContainer#1-0-C-1","log.logger":"org.apache.kafka.clients.NetworkClient","service":"skyways","environment":"local","traceId":"${ctx:traceId}"}
{"@timestamp":"2026-05-16T09:14:30.760Z","ecs.version":"1.2.0","log.level":"WARN","message":"[Consumer clientId=consumer-flight-service-group-2, groupId=flight-service-group] Bootstrap broker localhost:29092 (id: -1 rack: null) disconnected","process.thread.name":"org.springframework.kafka.KafkaListenerEndpointContainer#1-0-C-1","log.logger":"org.apache.kafka.clients.NetworkClient","service":"skyways","environment":"local","traceId":"${ctx:traceId}"}
{"@timestamp":"2026-05-16T09:14:30.982Z","ecs.version":"1.2.0","log.level":"WARN","message":"[Consumer clientId=consumer-flight-service-group-1, groupId=flight-service-group] Connection to node -1 (localhost/127.0.0.1:29092) could not be established. Node may not be available.","process.thread.name":"org.springframework.kafka.KafkaListenerEndpointContainer#0-0-C-1","log.logger":"org.apache.kafka.clients.NetworkClient","service":"skyways","environment":"local","traceId":"${ctx:traceId}"}
{"@timestamp":"2026-05-16T09:14:30.982Z","ecs.version":"1.2.0","log.level":"WARN","message":"[Consumer clientId=consumer-flight-service-group-1, groupId=flight-service-group] Bootstrap broker localhost:29092 (id: -1 rack: null) disconnected","process.thread.name":"org.springframework.kafka.KafkaListenerEndpointContainer#0-0-C-1","log.logger":"org.apache.kafka.clients.NetworkClient","service":"skyways","environment":"local","traceId":"${ctx:traceId}"}
{"@timestamp":"2026-05-16T09:14:31.766Z","ecs.version":"1.2.0","log.level":"WARN","message":"[Consumer clientId=consumer-flight-service-group-2, groupId=flight-service-group] Connection to node -1 (localhost/127.0.0.1:29092) could not be established. Node may not be available.","process.thread.name":"org.springframework.kafka.KafkaListenerEndpointContainer#1-0-C-1","log.logger":"org.apache.kafka.clients.NetworkClient","service":"skyways","environment":"local","traceId":"${ctx:traceId}"}
{"@timestamp":"2026-05-16T09:14:31.767Z","ecs.version":"1.2.0","log.level":"WARN","message":"[Consumer clientId=consumer-flight-service-group-2, groupId=flight-service-group] Bootstrap broker localhost:29092 (id: -1 rack: null) disconnected","process.thread.name":"org.springframework.kafka.KafkaListenerEndpointContainer#1-0-C-1","log.logger":"org.apache.kafka.clients.NetworkClient","service":"skyways","environment":"local","traceId":"${ctx:traceId}"}
{"@timestamp":"2026-05-16T09:14:31.952Z","ecs.version":"1.2.0","log.level":"WARN","message":"[Consumer clientId=consumer-flight-service-group-1, groupId=flight-service-group] Connection to node -1 (localhost/127.0.0.1:29092) could not be established. Node may not be available.","process.thread.name":"org.springframework.kafka.KafkaListenerEndpointContainer#0-0-C-1","log.logger":"org.apache.kafka.clients.NetworkClient","service":"skyways","environment":"local","traceId":"${ctx:traceId}"}
{"@timestamp":"2026-05-16T09:14:31.953Z","ecs.version":"1.2.0","log.level":"WARN","message":"[Consumer clientId=consumer-flight-service-group-1, groupId=flight-service-group] Bootstrap broker localhost:29092 (id: -1 rack: null) disconnected","process.thread.name":"org.springframework.kafka.KafkaListenerEndpointContainer#0-0-C-1","log.logger":"org.apache.kafka.clients.NetworkClient","service":"skyways","environment":"local","traceId":"${ctx:traceId}"}
{"@timestamp":"2026-05-16T09:14:32.707Z","ecs.version":"1.2.0","log.level":"WARN","message":"[Consumer clientId=consumer-flight-service-group-2, groupId=flight-service-group] Connection to node -1 (localhost/127.0.0.1:29092) could not be established. Node may not be available.","process.thread.name":"org.springframework.kafka.KafkaListenerEndpointContainer#1-0-C-1","log.logger":"org.apache.kafka.clients.NetworkClient","service":"skyways","environment":"local","traceId":"${ctx:traceId}"}
{"@timestamp":"2026-05-16T09:14:32.708Z","ecs.version":"1.2.0","log.level":"WARN","message":"[Consumer clientId=consumer-flight-service-group-2, groupId=flight-service-group] Bootstrap broker localhost:29092 (id: -1 rack: null) disconnected","process.thread.name":"org.springframework.kafka.KafkaListenerEndpointContainer#1-0-C-1","log.logger":"org.apache.kafka.clients.NetworkClient","service":"skyways","environment":"local","traceId":"${ctx:traceId}"}
{"@timestamp":"2026-05-16T09:14:32.958Z","ecs.version":"1.2.0","log.level":"WARN","message":"[Consumer clientId=consumer-flight-service-group-1, groupId=flight-service-group] Connection to node -1 (localhost/127.0.0.1:29092) could not be established. Node may not be available.","process.thread.name":"org.springframework.kafka.KafkaListenerEndpointContainer#0-0-C-1","log.logger":"org.apache.kafka.clients.NetworkClient","service":"skyways","environment":"local","traceId":"${ctx:traceId}"}
{"@timestamp":"2026-05-16T09:14:32.958Z","ecs.version":"1.2.0","log.level":"WARN","message":"[Consumer clientId=consumer-flight-service-group-1, groupId=flight-service-group] Bootstrap broker localhost:29092 (id: -1 rack: null) disconnected","process.thread.name":"org.springframework.kafka.KafkaListenerEndpointContainer#0-0-C-1","log.logger":"org.apache.kafka.clients.NetworkClient","service":"skyways","environment":"local","traceId":"${ctx:traceId}"}
{"@timestamp":"2026-05-16T09:14:33.711Z","ecs.version":"1.2.0","log.level":"WARN","message":"[Consumer clientId=consumer-flight-service-group-2, groupId=flight-service-group] Connection to node -1 (localhost/127.0.0.1:29092) could not be established. Node may not be available.","process.thread.name":"org.springframework.kafka.KafkaListenerEndpointContainer#1-0-C-1","log.logger":"org.apache.kafka.clients.NetworkClient","service":"skyways","environment":"local","traceId":"${ctx:traceId}"}
{"@timestamp":"2026-05-16T09:14:33.711Z","ecs.version":"1.2.0","log.level":"WARN","message":"[Consumer clientId=consumer-flight-service-group-2, groupId=flight-service-group] Bootstrap broker localhost:29092 (id: -1 rack: null) disconnected","process.thread.name":"org.springframework.kafka.KafkaListenerEndpointContainer#1-0-C-1","log.logger":"org.apache.kafka.clients.NetworkClient","service":"skyways","environment":"local","traceId":"${ctx:traceId}"}
{"@timestamp":"2026-05-16T09:14:33.963Z","ecs.version":"1.2.0","log.level":"WARN","message":"[Consumer clientId=consumer-flight-service-group-1, groupId=flight-service-group] Connection to node -1 (localhost/127.0.0.1:29092) could not be established. Node may not be available.","process.thread.name":"org.springframework.kafka.KafkaListenerEndpointContainer#0-0-C-1","log.logger":"org.apache.kafka.clients.NetworkClient","service":"skyways","environment":"local","traceId":"${ctx:traceId}"}
{"@timestamp":"2026-05-16T09:14:33.963Z","ecs.version":"1.2.0","log.level":"WARN","message":"[Consumer clientId=consumer-flight-service-group-1, groupId=flight-service-group] Bootstrap broker localhost:29092 (id: -1 rack: null) disconnected","process.thread.name":"org.springframework.kafka.KafkaListenerEndpointContainer#0-0-C-1","log.logger":"org.apache.kafka.clients.NetworkClient","service":"skyways","environment":"local","traceId":"${ctx:traceId}"}
{"@timestamp":"2026-05-16T09:14:34.717Z","ecs.version":"1.2.0","log.level":"WARN","message":"[Consumer clientId=consumer-flight-service-group-2, groupId=flight-service-group] Connection to node -1 (localhost/127.0.0.1:29092) could not be established. Node may not be available.","process.thread.name":"org.springframework.kafka.KafkaListenerEndpointContainer#1-0-C-1","log.logger":"org.apache.kafka.clients.NetworkClient","service":"skyways","environment":"local","traceId":"${ctx:traceId}"}
{"@timestamp":"2026-05-16T09:14:34.718Z","ecs.version":"1.2.0","log.level":"WARN","message":"[Consumer clientId=consumer-flight-service-group-2, groupId=flight-service-group] Bootstrap broker localhost:29092 (id: -1 rack: null) disconnected","process.thread.name":"org.springframework.kafka.KafkaListenerEndpointContainer#1-0-C-1","log.logger":"org.apache.kafka.clients.NetworkClient","service":"skyways","environment":"local","traceId":"${ctx:traceId}"}
{"@timestamp":"2026-05-16T09:14:34.970Z","ecs.version":"1.2.0","log.level":"WARN","message":"[Consumer clientId=consumer-flight-service-group-1, groupId=flight-service-group] Connection to node -1 (localhost/127.0.0.1:29092) could not be established. Node may not be available.","process.thread.name":"org.springframework.kafka.KafkaListenerEndpointContainer#0-0-C-1","log.logger":"org.apache.kafka.clients.NetworkClient","service":"skyways","environment":"local","traceId":"${ctx:traceId}"}
{"@timestamp":"2026-05-16T09:14:34.971Z","ecs.version":"1.2.0","log.level":"WARN","message":"[Consumer clientId=consumer-flight-service-group-1, groupId=flight-service-group] Bootstrap broker localhost:29092 (id: -1 rack: null) disconnected","process.thread.name":"org.springframework.kafka.KafkaListenerEndpointContainer#0-0-C-1","log.logger":"org.apache.kafka.clients.NetworkClient","service":"skyways","environment":"local","traceId":"${ctx:traceId}"}
{"@timestamp":"2026-05-16T09:14:35.659Z","ecs.version":"1.2.0","log.level":"WARN","message":"[Consumer clientId=consumer-flight-service-group-2, groupId=flight-service-group] Connection to node -1 (localhost/127.0.0.1:29092) could not be established. Node may not be available.","process.thread.name":"org.springframework.kafka.KafkaListenerEndpointContainer#1-0-C-1","log.logger":"org.apache.kafka.clients.NetworkClient","service":"skyways","environment":"local","traceId":"${ctx:traceId}"}
{"@timestamp":"2026-05-16T09:14:35.659Z","ecs.version":"1.2.0","log.level":"WARN","message":"[Consumer clientId=consumer-flight-service-group-2, groupId=flight-service-group] Bootstrap broker localhost:29092 (id: -1 rack: null) disconnected","process.thread.name":"org.springframework.kafka.KafkaListenerEndpointContainer#1-0-C-1","log.logger":"org.apache.kafka.clients.NetworkClient","service":"skyways","environment":"local","traceId":"${ctx:traceId}"}
{"@timestamp":"2026-05-16T09:14:35.974Z","ecs.version":"1.2.0","log.level":"WARN","message":"[Consumer clientId=consumer-flight-service-group-1, groupId=flight-service-group] Connection to node -1 (localhost/127.0.0.1:29092) could not be established. Node may not be available.","process.thread.name":"org.springframework.kafka.KafkaListenerEndpointContainer#0-0-C-1","log.logger":"org.apache.kafka.clients.NetworkClient","service":"skyways","environment":"local","traceId":"${ctx:traceId}"}
{"@timestamp":"2026-05-16T09:14:35.974Z","ecs.version":"1.2.0","log.level":"WARN","message":"[Consumer clientId=consumer-flight-service-group-1, groupId=flight-service-group] Bootstrap broker localhost:29092 (id: -1 rack: null) disconnected","process.thread.name":"org.springframework.kafka.KafkaListenerEndpointContainer#0-0-C-1","log.logger":"org.apache.kafka.clients.NetworkClient","service":"skyways","environment":"local","traceId":"${ctx:traceId}"}
{"@timestamp":"2026-05-16T09:14:36.665Z","ecs.version":"1.2.0","log.level":"WARN","message":"[Consumer clientId=consumer-flight-service-group-2, groupId=flight-service-group] Connection to node -1 (localhost/127.0.0.1:29092) could not be established. Node may not be available.","process.thread.name":"org.springframework.kafka.KafkaListenerEndpointContainer#1-0-C-1","log.logger":"org.apache.kafka.clients.NetworkClient","service":"skyways","environment":"local","traceId":"${ctx:traceId}"}
{"@timestamp":"2026-05-16T09:14:36.666Z","ecs.version":"1.2.0","log.level":"WARN","message":"[Consumer clientId=consumer-flight-service-group-2, groupId=flight-service-group] Bootstrap broker localhost:29092 (id: -1 rack: null) disconnected","process.thread.name":"org.springframework.kafka.KafkaListenerEndpointContainer#1-0-C-1","log.logger":"org.apache.kafka.clients.NetworkClient","service":"skyways","environment":"local","traceId":"${ctx:traceId}"}
{"@timestamp":"2026-05-16T09:14:36.979Z","ecs.version":"1.2.0","log.level":"WARN","message":"[Consumer clientId=consumer-flight-service-group-1, groupId=flight-service-group] Connection to node -1 (localhost/127.0.0.1:29092) could not be established. Node may not be available.","process.thread.name":"org.springframework.kafka.KafkaListenerEndpointContainer#0-0-C-1","log.logger":"org.apache.kafka.clients.NetworkClient","service":"skyways","environment":"local","traceId":"${ctx:traceId}"}
{"@timestamp":"2026-05-16T09:14:36.979Z","ecs.version":"1.2.0","log.level":"WARN","message":"[Consumer clientId=consumer-flight-service-group-1, groupId=flight-service-group] Bootstrap broker localhost:29092 (id: -1 rack: null) disconnected","process.thread.name":"org.springframework.kafka.KafkaListenerEndpointContainer#0-0-C-1","log.logger":"org.apache.kafka.clients.NetworkClient","service":"skyways","environment":"local","traceId":"${ctx:traceId}"}
{"@timestamp":"2026-05-16T09:14:37.669Z","ecs.version":"1.2.0","log.level":"WARN","message":"[Consumer clientId=consumer-flight-service-group-2, groupId=flight-service-group] Connection to node -1 (localhost/127.0.0.1:29092) could not be established. Node may not be available.","process.thread.name":"org.springframework.kafka.KafkaListenerEndpointContainer#1-0-C-1","log.logger":"org.apache.kafka.clients.NetworkClient","service":"skyways","environment":"local","traceId":"${ctx:traceId}"}
{"@timestamp":"2026-05-16T09:14:37.669Z","ecs.version":"1.2.0","log.level":"WARN","message":"[Consumer clientId=consumer-flight-service-group-2, groupId=flight-service-group] Bootstrap broker localhost:29092 (id: -1 rack: null) disconnected","process.thread.name":"org.springframework.kafka.KafkaListenerEndpointContainer#1-0-C-1","log.logger":"org.apache.kafka.clients.NetworkClient","service":"skyways","environment":"local","traceId":"${ctx:traceId}"}
{"@timestamp":"2026-05-16T09:14:37.979Z","ecs.version":"1.2.0","log.level":"WARN","message":"[Consumer clientId=consumer-flight-service-group-1, groupId=flight-service-group] Connection to node -1 (localhost/127.0.0.1:29092) could not be established. Node may not be available.","process.thread.name":"org.springframework.kafka.KafkaListenerEndpointContainer#0-0-C-1","log.logger":"org.apache.kafka.clients.NetworkClient","service":"skyways","environment":"local","traceId":"${ctx:traceId}"}
{"@timestamp":"2026-05-16T09:14:37.980Z","ecs.version":"1.2.0","log.level":"WARN","message":"[Consumer clientId=consumer-flight-service-group-1, groupId=flight-service-group] Bootstrap broker localhost:29092 (id: -1 rack: null) disconnected","process.thread.name":"org.springframework.kafka.KafkaListenerEndpointContainer#0-0-C-1","log.logger":"org.apache.kafka.clients.NetworkClient","service":"skyways","environment":"local","traceId":"${ctx:traceId}"}
{"@timestamp":"2026-05-16T09:14:38.673Z","ecs.version":"1.2.0","log.level":"WARN","message":"[Consumer clientId=consumer-flight-service-group-2, groupId=flight-service-group] Connection to node -1 (localhost/127.0.0.1:29092) could not be established. Node may not be available.","process.thread.name":"org.springframework.kafka.KafkaListenerEndpointContainer#1-0-C-1","log.logger":"org.apache.kafka.clients.NetworkClient","service":"skyways","environment":"local","traceId":"${ctx:traceId}"}
{"@timestamp":"2026-05-16T09:14:38.673Z","ecs.version":"1.2.0","log.level":"WARN","message":"[Consumer clientId=consumer-flight-service-group-2, groupId=flight-service-group] Bootstrap broker localhost:29092 (id: -1 rack: null) disconnected","process.thread.name":"org.springframework.kafka.KafkaListenerEndpointContainer#1-0-C-1","log.logger":"org.apache.kafka.clients.NetworkClient","service":"skyways","environment":"local","traceId":"${ctx:traceId}"}
{"@timestamp":"2026-05-16T09:14:38.987Z","ecs.version":"1.2.0","log.level":"WARN","message":"[Consumer clientId=consumer-flight-service-group-1, groupId=flight-service-group] Connection to node -1 (localhost/127.0.0.1:29092) could not be established. Node may not be available.","process.thread.name":"org.springframework.kafka.KafkaListenerEndpointContainer#0-0-C-1","log.logger":"org.apache.kafka.clients.NetworkClient","service":"skyways","environment":"local","traceId":"${ctx:traceId}"}
{"@timestamp":"2026-05-16T09:14:38.988Z","ecs.version":"1.2.0","log.level":"WARN","message":"[Consumer clientId=consumer-flight-service-group-1, groupId=flight-service-group] Bootstrap broker localhost:29092 (id: -1 rack: null) disconnected","process.thread.name":"org.springframework.kafka.KafkaListenerEndpointContainer#0-0-C-1","log.logger":"org.apache.kafka.clients.NetworkClient","service":"skyways","environment":"local","traceId":"${ctx:traceId}"}
{"@timestamp":"2026-05-16T09:14:39.619Z","ecs.version":"1.2.0","log.level":"WARN","message":"[Consumer clientId=consumer-flight-service-group-2, groupId=flight-service-group] Connection to node -1 (localhost/127.0.0.1:29092) could not be established. Node may not be available.","process.thread.name":"org.springframework.kafka.KafkaListenerEndpointContainer#1-0-C-1","log.logger":"org.apache.kafka.clients.NetworkClient","service":"skyways","environment":"local","traceId":"${ctx:traceId}"}
{"@timestamp":"2026-05-16T09:14:39.619Z","ecs.version":"1.2.0","log.level":"WARN","message":"[Consumer clientId=consumer-flight-service-group-2, groupId=flight-service-group] Bootstrap broker localhost:29092 (id: -1 rack: null) disconnected","process.thread.name":"org.springframework.kafka.KafkaListenerEndpointContainer#1-0-C-1","log.logger":"org.apache.kafka.clients.NetworkClient","service":"skyways","environment":"local","traceId":"${ctx:traceId}"}
{"@timestamp":"2026-05-16T09:14:39.918Z","ecs.version":"1.2.0","log.level":"WARN","message":"[Consumer clientId=consumer-flight-service-group-1, groupId=flight-service-group] Connection to node -1 (localhost/127.0.0.1:29092) could not be established. Node may not be available.","process.thread.name":"org.springframework.kafka.KafkaListenerEndpointContainer#0-0-C-1","log.logger":"org.apache.kafka.clients.NetworkClient","service":"skyways","environment":"local","traceId":"${ctx:traceId}"}
{"@timestamp":"2026-05-16T09:14:39.918Z","ecs.version":"1.2.0","log.level":"WARN","message":"[Consumer clientId=consumer-flight-service-group-1, groupId=flight-service-group] Bootstrap broker localhost:29092 (id: -1 rack: null) disconnected","process.thread.name":"org.springframework.kafka.KafkaListenerEndpointContainer#0-0-C-1","log.logger":"org.apache.kafka.clients.NetworkClient","service":"skyways","environment":"local","traceId":"${ctx:traceId}"}
{"@timestamp":"2026-05-16T09:14:40.623Z","ecs.version":"1.2.0","log.level":"WARN","message":"[Consumer clientId=consumer-flight-service-group-2, groupId=flight-service-group] Connection to node -1 (localhost/127.0.0.1:29092) could not be established. Node may not be available.","process.thread.name":"org.springframework.kafka.KafkaListenerEndpointContainer#1-0-C-1","log.logger":"org.apache.kafka.clients.NetworkClient","service":"skyways","environment":"local","traceId":"${ctx:traceId}"}
{"@timestamp":"2026-05-16T09:14:40.623Z","ecs.version":"1.2.0","log.level":"WARN","message":"[Consumer clientId=consumer-flight-service-group-2, groupId=flight-service-group] Bootstrap broker localhost:29092 (id: -1 rack: null) disconnected","process.thread.name":"org.springframework.kafka.KafkaListenerEndpointContainer#1-0-C-1","log.logger":"org.apache.kafka.clients.NetworkClient","service":"skyways","environment":"local","traceId":"${ctx:traceId}"}
{"@timestamp":"2026-05-16T09:14:40.923Z","ecs.version":"1.2.0","log.level":"WARN","message":"[Consumer clientId=consumer-flight-service-group-1, groupId=flight-service-group] Connection to node -1 (localhost/127.0.0.1:29092) could not be established. Node may not be available.","process.thread.name":"org.springframework.kafka.KafkaListenerEndpointContainer#0-0-C-1","log.logger":"org.apache.kafka.clients.NetworkClient","service":"skyways","environment":"local","traceId":"${ctx:traceId}"}
{"@timestamp":"2026-05-16T09:14:40.923Z","ecs.version":"1.2.0","log.level":"WARN","message":"[Consumer clientId=consumer-flight-service-group-1, groupId=flight-service-group] Bootstrap broker localhost:29092 (id: -1 rack: null) disconnected","process.thread.name":"org.springframework.kafka.KafkaListenerEndpointContainer#0-0-C-1","log.logger":"org.apache.kafka.clients.NetworkClient","service":"skyways","environment":"local","traceId":"${ctx:traceId}"}
{"@timestamp":"2026-05-16T09:14:41.634Z","ecs.version":"1.2.0","log.level":"WARN","message":"[Consumer clientId=consumer-flight-service-group-2, groupId=flight-service-group] Connection to node -1 (localhost/127.0.0.1:29092) could not be established. Node may not be available.","process.thread.name":"org.springframework.kafka.KafkaListenerEndpointContainer#1-0-C-1","log.logger":"org.apache.kafka.clients.NetworkClient","service":"skyways","environment":"local","traceId":"${ctx:traceId}"}
{"@timestamp":"2026-05-16T09:14:41.634Z","ecs.version":"1.2.0","log.level":"WARN","message":"[Consumer clientId=consumer-flight-service-group-2, groupId=flight-service-group] Bootstrap broker localhost:29092 (id: -1 rack: null) disconnected","process.thread.name":"org.springframework.kafka.KafkaListenerEndpointContainer#1-0-C-1","log.logger":"org.apache.kafka.clients.NetworkClient","service":"skyways","environment":"local","traceId":"${ctx:traceId}"}
{"@timestamp":"2026-05-16T09:14:41.933Z","ecs.version":"1.2.0","log.level":"WARN","message":"[Consumer clientId=consumer-flight-service-group-1, groupId=flight-service-group] Connection to node -1 (localhost/127.0.0.1:29092) could not be established. Node may not be available.","process.thread.name":"org.springframework.kafka.KafkaListenerEndpointContainer#0-0-C-1","log.logger":"org.apache.kafka.clients.NetworkClient","service":"skyways","environment":"local","traceId":"${ctx:traceId}"}
{"@timestamp":"2026-05-16T09:14:41.934Z","ecs.version":"1.2.0","log.level":"WARN","message":"[Consumer clientId=consumer-flight-service-group-1, groupId=flight-service-group] Bootstrap broker localhost:29092 (id: -1 rack: null) disconnected","process.thread.name":"org.springframework.kafka.KafkaListenerEndpointContainer#0-0-C-1","log.logger":"org.apache.kafka.clients.NetworkClient","service":"skyways","environment":"local","traceId":"${ctx:traceId}"}
{"@timestamp":"2026-05-16T09:14:42.641Z","ecs.version":"1.2.0","log.level":"WARN","message":"[Consumer clientId=consumer-flight-service-group-2, groupId=flight-service-group] Connection to node -1 (localhost/127.0.0.1:29092) could not be established. Node may not be available.","process.thread.name":"org.springframework.kafka.KafkaListenerEndpointContainer#1-0-C-1","log.logger":"org.apache.kafka.clients.NetworkClient","service":"skyways","environment":"local","traceId":"${ctx:traceId}"}
{"@timestamp":"2026-05-16T09:14:42.641Z","ecs.version":"1.2.0","log.level":"WARN","message":"[Consumer clientId=consumer-flight-service-group-2, groupId=flight-service-group] Bootstrap broker localhost:29092 (id: -1 rack: null) disconnected","process.thread.name":"org.springframework.kafka.KafkaListenerEndpointContainer#1-0-C-1","log.logger":"org.apache.kafka.clients.NetworkClient","service":"skyways","environment":"local","traceId":"${ctx:traceId}"}
{"@timestamp":"2026-05-16T09:14:42.937Z","ecs.version":"1.2.0","log.level":"WARN","message":"[Consumer clientId=consumer-flight-service-group-1, groupId=flight-service-group] Connection to node -1 (localhost/127.0.0.1:29092) could not be established. Node may not be available.","process.thread.name":"org.springframework.kafka.KafkaListenerEndpointContainer#0-0-C-1","log.logger":"org.apache.kafka.clients.NetworkClient","service":"skyways","environment":"local","traceId":"${ctx:traceId}"}
{"@timestamp":"2026-05-16T09:14:42.938Z","ecs.version":"1.2.0","log.level":"WARN","message":"[Consumer clientId=consumer-flight-service-group-1, groupId=flight-service-group] Bootstrap broker localhost:29092 (id: -1 rack: null) disconnected","process.thread.name":"org.springframework.kafka.KafkaListenerEndpointContainer#0-0-C-1","log.logger":"org.apache.kafka.clients.NetworkClient","service":"skyways","environment":"local","traceId":"${ctx:traceId}"}
{"@timestamp":"2026-05-16T09:14:43.520Z","ecs.version":"1.2.0","log.level":"WARN","message":"[Consumer clientId=consumer-flight-service-group-2, groupId=flight-service-group] Connection to node -1 (localhost/127.0.0.1:29092) could not be established. Node may not be available.","process.thread.name":"org.springframework.kafka.KafkaListenerEndpointContainer#1-0-C-1","log.logger":"org.apache.kafka.clients.NetworkClient","service":"skyways","environment":"local","traceId":"${ctx:traceId}"}
{"@timestamp":"2026-05-16T09:14:43.521Z","ecs.version":"1.2.0","log.level":"WARN","message":"[Consumer clientId=consumer-flight-service-group-2, groupId=flight-service-group] Bootstrap broker localhost:29092 (id: -1 rack: null) disconnected","process.thread.name":"org.springframework.kafka.KafkaListenerEndpointContainer#1-0-C-1","log.logger":"org.apache.kafka.clients.NetworkClient","service":"skyways","environment":"local","traceId":"${ctx:traceId}"}
{"@timestamp":"2026-05-16T09:14:43.882Z","ecs.version":"1.2.0","log.level":"WARN","message":"[Consumer clientId=consumer-flight-service-group-1, groupId=flight-service-group] Connection to node -1 (localhost/127.0.0.1:29092) could not be established. Node may not be available.","process.thread.name":"org.springframework.kafka.KafkaListenerEndpointContainer#0-0-C-1","log.logger":"org.apache.kafka.clients.NetworkClient","service":"skyways","environment":"local","traceId":"${ctx:traceId}"}
{"@timestamp":"2026-05-16T09:14:43.883Z","ecs.version":"1.2.0","log.level":"WARN","message":"[Consumer clientId=consumer-flight-service-group-1, groupId=flight-service-group] Bootstrap broker localhost:29092 (id: -1 rack: null) disconnected","process.thread.name":"org.springframework.kafka.KafkaListenerEndpointContainer#0-0-C-1","log.logger":"org.apache.kafka.clients.NetworkClient","service":"skyways","environment":"local","traceId":"${ctx:traceId}"}
{"@timestamp":"2026-05-16T09:14:44.399Z","ecs.version":"1.2.0","log.level":"WARN","message":"[Consumer clientId=consumer-flight-service-group-2, groupId=flight-service-group] Connection to node -1 (localhost/127.0.0.1:29092) could not be established. Node may not be available.","process.thread.name":"org.springframework.kafka.KafkaListenerEndpointContainer#1-0-C-1","log.logger":"org.apache.kafka.clients.NetworkClient","service":"skyways","environment":"local","traceId":"${ctx:traceId}"}
{"@timestamp":"2026-05-16T09:14:44.399Z","ecs.version":"1.2.0","log.level":"WARN","message":"[Consumer clientId=consumer-flight-service-group-2, groupId=flight-service-group] Bootstrap broker localhost:29092 (id: -1 rack: null) disconnected","process.thread.name":"org.springframework.kafka.KafkaListenerEndpointContainer#1-0-C-1","log.logger":"org.apache.kafka.clients.NetworkClient","service":"skyways","environment":"local","traceId":"${ctx:traceId}"}
{"@timestamp":"2026-05-16T09:14:44.697Z","ecs.version":"1.2.0","log.level":"WARN","message":"[Consumer clientId=consumer-flight-service-group-1, groupId=flight-service-group] Connection to node -1 (localhost/127.0.0.1:29092) could not be established. Node may not be available.","process.thread.name":"org.springframework.kafka.KafkaListenerEndpointContainer#0-0-C-1","log.logger":"org.apache.kafka.clients.NetworkClient","service":"skyways","environment":"local","traceId":"${ctx:traceId}"}
{"@timestamp":"2026-05-16T09:14:44.697Z","ecs.version":"1.2.0","log.level":"WARN","message":"[Consumer clientId=consumer-flight-service-group-1, groupId=flight-service-group] Bootstrap broker localhost:29092 (id: -1 rack: null) disconnected","process.thread.name":"org.springframework.kafka.KafkaListenerEndpointContainer#0-0-C-1","log.logger":"org.apache.kafka.clients.NetworkClient","service":"skyways","environment":"local","traceId":"${ctx:traceId}"}
{"@timestamp":"2026-05-16T09:14:45.452Z","ecs.version":"1.2.0","log.level":"WARN","message":"[Consumer clientId=consumer-flight-service-group-2, groupId=flight-service-group] Connection to node -1 (localhost/127.0.0.1:29092) could not be established. Node may not be available.","process.thread.name":"org.springframework.kafka.KafkaListenerEndpointContainer#1-0-C-1","log.logger":"org.apache.kafka.clients.NetworkClient","service":"skyways","environment":"local","traceId":"${ctx:traceId}"}
{"@timestamp":"2026-05-16T09:14:45.452Z","ecs.version":"1.2.0","log.level":"WARN","message":"[Consumer clientId=consumer-flight-service-group-2, groupId=flight-service-group] Bootstrap broker localhost:29092 (id: -1 rack: null) disconnected","process.thread.name":"org.springframework.kafka.KafkaListenerEndpointContainer#1-0-C-1","log.logger":"org.apache.kafka.clients.NetworkClient","service":"skyways","environment":"local","traceId":"${ctx:traceId}"}
{"@timestamp":"2026-05-16T09:14:45.735Z","ecs.version":"1.2.0","log.level":"WARN","message":"[Consumer clientId=consumer-flight-service-group-1, groupId=flight-service-group] Connection to node -1 (localhost/127.0.0.1:29092) could not be established. Node may not be available.","process.thread.name":"org.springframework.kafka.KafkaListenerEndpointContainer#0-0-C-1","log.logger":"org.apache.kafka.clients.NetworkClient","service":"skyways","environment":"local","traceId":"${ctx:traceId}"}
{"@timestamp":"2026-05-16T09:14:45.736Z","ecs.version":"1.2.0","log.level":"WARN","message":"[Consumer clientId=consumer-flight-service-group-1, groupId=flight-service-group] Bootstrap broker localhost:29092 (id: -1 rack: null) disconnected","process.thread.name":"org.springframework.kafka.KafkaListenerEndpointContainer#0-0-C-1","log.logger":"org.apache.kafka.clients.NetworkClient","service":"skyways","environment":"local","traceId":"${ctx:traceId}"}
{"@timestamp":"2026-05-16T09:14:46.459Z","ecs.version":"1.2.0","log.level":"WARN","message":"[Consumer clientId=consumer-flight-service-group-2, groupId=flight-service-group] Connection to node -1 (localhost/127.0.0.1:29092) could not be established. Node may not be available.","process.thread.name":"org.springframework.kafka.KafkaListenerEndpointContainer#1-0-C-1","log.logger":"org.apache.kafka.clients.NetworkClient","service":"skyways","environment":"local","traceId":"${ctx:traceId}"}
{"@timestamp":"2026-05-16T09:14:46.460Z","ecs.version":"1.2.0","log.level":"WARN","message":"[Consumer clientId=consumer-flight-service-group-2, groupId=flight-service-group] Bootstrap broker localhost:29092 (id: -1 rack: null) disconnected","process.thread.name":"org.springframework.kafka.KafkaListenerEndpointContainer#1-0-C-1","log.logger":"org.apache.kafka.clients.NetworkClient","service":"skyways","environment":"local","traceId":"${ctx:traceId}"}
{"@timestamp":"2026-05-16T09:14:46.745Z","ecs.version":"1.2.0","log.level":"WARN","message":"[Consumer clientId=consumer-flight-service-group-1, groupId=flight-service-group] Connection to node -1 (localhost/127.0.0.1:29092) could not be established. Node may not be available.","process.thread.name":"org.springframework.kafka.KafkaListenerEndpointContainer#0-0-C-1","log.logger":"org.apache.kafka.clients.NetworkClient","service":"skyways","environment":"local","traceId":"${ctx:traceId}"}
{"@timestamp":"2026-05-16T09:14:46.745Z","ecs.version":"1.2.0","log.level":"WARN","message":"[Consumer clientId=consumer-flight-service-group-1, groupId=flight-service-group] Bootstrap broker localhost:29092 (id: -1 rack: null) disconnected","process.thread.name":"org.springframework.kafka.KafkaListenerEndpointContainer#0-0-C-1","log.logger":"org.apache.kafka.clients.NetworkClient","service":"skyways","environment":"local","traceId":"${ctx:traceId}"}
{"@timestamp":"2026-05-16T09:14:47.472Z","ecs.version":"1.2.0","log.level":"WARN","message":"[Consumer clientId=consumer-flight-service-group-2, groupId=flight-service-group] Connection to node -1 (localhost/127.0.0.1:29092) could not be established. Node may not be available.","process.thread.name":"org.springframework.kafka.KafkaListenerEndpointContainer#1-0-C-1","log.logger":"org.apache.kafka.clients.NetworkClient","service":"skyways","environment":"local","traceId":"${ctx:traceId}"}
{"@timestamp":"2026-05-16T09:14:47.472Z","ecs.version":"1.2.0","log.level":"WARN","message":"[Consumer clientId=consumer-flight-service-group-2, groupId=flight-service-group] Bootstrap broker localhost:29092 (id: -1 rack: null) disconnected","process.thread.name":"org.springframework.kafka.KafkaListenerEndpointContainer#1-0-C-1","log.logger":"org.apache.kafka.clients.NetworkClient","service":"skyways","environment":"local","traceId":"${ctx:traceId}"}
{"@timestamp":"2026-05-16T09:14:47.627Z","ecs.version":"1.2.0","log.level":"WARN","message":"[Consumer clientId=consumer-flight-service-group-1, groupId=flight-service-group] Connection to node -1 (localhost/127.0.0.1:29092) could not be established. Node may not be available.","process.thread.name":"org.springframework.kafka.KafkaListenerEndpointContainer#0-0-C-1","log.logger":"org.apache.kafka.clients.NetworkClient","service":"skyways","environment":"local","traceId":"${ctx:traceId}"}
{"@timestamp":"2026-05-16T09:14:47.628Z","ecs.version":"1.2.0","log.level":"WARN","message":"[Consumer clientId=consumer-flight-service-group-1, groupId=flight-service-group] Bootstrap broker localhost:29092 (id: -1 rack: null) disconnected","process.thread.name":"org.springframework.kafka.KafkaListenerEndpointContainer#0-0-C-1","log.logger":"org.apache.kafka.clients.NetworkClient","service":"skyways","environment":"local","traceId":"${ctx:traceId}"}
{"@timestamp":"2026-05-16T09:14:48.475Z","ecs.version":"1.2.0","log.level":"WARN","message":"[Consumer clientId=consumer-flight-service-group-2, groupId=flight-service-group] Connection to node -1 (localhost/127.0.0.1:29092) could not be established. Node may not be available.","process.thread.name":"org.springframework.kafka.KafkaListenerEndpointContainer#1-0-C-1","log.logger":"org.apache.kafka.clients.NetworkClient","service":"skyways","environment":"local","traceId":"${ctx:traceId}"}
{"@timestamp":"2026-05-16T09:14:48.475Z","ecs.version":"1.2.0","log.level":"WARN","message":"[Consumer clientId=consumer-flight-service-group-2, groupId=flight-service-group] Bootstrap broker localhost:29092 (id: -1 rack: null) disconnected","process.thread.name":"org.springframework.kafka.KafkaListenerEndpointContainer#1-0-C-1","log.logger":"org.apache.kafka.clients.NetworkClient","service":"skyways","environment":"local","traceId":"${ctx:traceId}"}
{"@timestamp":"2026-05-16T09:14:48.631Z","ecs.version":"1.2.0","log.level":"WARN","message":"[Consumer clientId=consumer-flight-service-group-1, groupId=flight-service-group] Connection to node -1 (localhost/127.0.0.1:29092) could not be established. Node may not be available.","process.thread.name":"org.springframework.kafka.KafkaListenerEndpointContainer#0-0-C-1","log.logger":"org.apache.kafka.clients.NetworkClient","service":"skyways","environment":"local","traceId":"${ctx:traceId}"}
{"@timestamp":"2026-05-16T09:14:48.632Z","ecs.version":"1.2.0","log.level":"WARN","message":"[Consumer clientId=consumer-flight-service-group-1, groupId=flight-service-group] Bootstrap broker localhost:29092 (id: -1 rack: null) disconnected","process.thread.name":"org.springframework.kafka.KafkaListenerEndpointContainer#0-0-C-1","log.logger":"org.apache.kafka.clients.NetworkClient","service":"skyways","environment":"local","traceId":"${ctx:traceId}"}
{"@timestamp":"2026-05-16T09:14:48.895Z","ecs.version":"1.2.0","log.level":"WARN","message":"Request execution failed with message: I/O error on GET request for \"http://localhost:8761/eureka/apps/\": Connect to http://localhost:8761 [localhost/127.0.0.1, localhost/0:0:0:0:0:0:0:1] failed: Connection refused: no further information","process.thread.name":"DiscoveryClient-CacheRefreshExecutor-0","log.logger":"com.netflix.discovery.shared.transport.decorator.RetryableEurekaHttpClient","service":"skyways","environment":"local","traceId":"${ctx:traceId}"}
{"@timestamp":"2026-05-16T09:14:48.942Z","ecs.version":"1.2.0","log.level":"WARN","message":"Request execution failed with message: I/O error on PUT request for \"http://localhost:8761/eureka/apps/SKYWAYS-FLIGHT-SERVICE/DESKTOP-S0AUF4J:skyways-flight-service:8082\": Connect to http://localhost:8761 [localhost/127.0.0.1, localhost/0:0:0:0:0:0:0:1] failed: Connection refused: no further information","process.thread.name":"DiscoveryClient-HeartbeatExecutor-0","log.logger":"com.netflix.discovery.shared.transport.decorator.RetryableEurekaHttpClient","service":"skyways","environment":"local","traceId":"${ctx:traceId}"}
{"@timestamp":"2026-05-16T09:14:48.943Z","ecs.version":"1.2.0","log.level":"ERROR","message":"DiscoveryClient_SKYWAYS-FLIGHT-SERVICE/DESKTOP-S0AUF4J:skyways-flight-service:8082 - was unable to send heartbeat!","process.thread.name":"DiscoveryClient-HeartbeatExecutor-0","log.logger":"com.netflix.discovery.DiscoveryClient","error.type":"com.netflix.discovery.shared.transport.TransportException","error.message":"Cannot execute request on any known server","error.stack_trace":"com.netflix.discovery.shared.transport.TransportException: Cannot execute request on any known server\r\n\tat com.netflix.discovery.shared.transport.decorator.RetryableEurekaHttpClient.execute(RetryableEurekaHttpClient.java:112)\r\n\tat com.netflix.discovery.shared.transport.decorator.EurekaHttpClientDecorator.sendHeartBeat(EurekaHttpClientDecorator.java:89)\r\n\tat com.netflix.discovery.shared.transport.decorator.EurekaHttpClientDecorator$3.execute(EurekaHttpClientDecorator.java:92)\r\n\tat com.netflix.discovery.shared.transport.decorator.SessionedEurekaHttpClient.execute(SessionedEurekaHttpClient.java:77)\r\n\tat com.netflix.discovery.shared.transport.decorator.EurekaHttpClientDecorator.sendHeartBeat(EurekaHttpClientDecorator.java:89)\r\n\tat com.netflix.discovery.DiscoveryClient.renew(DiscoveryClient.java:837)\r\n\tat com.netflix.discovery.DiscoveryClient$HeartbeatThread.run(DiscoveryClient.java:1401)\r\n\tat java.base/java.util.concurrent.Executors$RunnableAdapter.call(Executors.java:539)\r\n\tat java.base/java.util.concurrent.FutureTask.run(FutureTask.java:264)\r\n\tat java.base/java.util.concurrent.ThreadPoolExecutor.runWorker(ThreadPoolExecutor.java:1136)\r\n\tat java.base/java.util.concurrent.ThreadPoolExecutor$Worker.run(ThreadPoolExecutor.java:635)\r\n\tat java.base/java.lang.Thread.run(Thread.java:842)\r\n","service":"skyways","environment":"local","traceId":"${ctx:traceId}"}
{"@timestamp":"2026-05-16T09:14:49.037Z","ecs.version":"1.2.0","log.level":"WARN","message":"Request execution failed with message: I/O error on POST request for \"http://localhost:8761/eureka/apps/SKYWAYS-FLIGHT-SERVICE\": Connect to http://localhost:8761 [localhost/127.0.0.1, localhost/0:0:0:0:0:0:0:1] failed: Connection refused: no further information","process.thread.name":"DiscoveryClient-InstanceInfoReplicator-0","log.logger":"com.netflix.discovery.shared.transport.decorator.RetryableEurekaHttpClient","service":"skyways","environment":"local","traceId":"${ctx:traceId}"}
{"@timestamp":"2026-05-16T09:14:49.037Z","ecs.version":"1.2.0","log.level":"WARN","message":"DiscoveryClient_SKYWAYS-FLIGHT-SERVICE/DESKTOP-S0AUF4J:skyways-flight-service:8082 - registration failed Cannot execute request on any known server","process.thread.name":"DiscoveryClient-InstanceInfoReplicator-0","log.logger":"com.netflix.discovery.DiscoveryClient","error.type":"com.netflix.discovery.shared.transport.TransportException","error.message":"Cannot execute request on any known server","error.stack_trace":"com.netflix.discovery.shared.transport.TransportException: Cannot execute request on any known server\r\n\tat com.netflix.discovery.shared.transport.decorator.RetryableEurekaHttpClient.execute(RetryableEurekaHttpClient.java:112)\r\n\tat com.netflix.discovery.shared.transport.decorator.EurekaHttpClientDecorator.register(EurekaHttpClientDecorator.java:56)\r\n\tat com.netflix.discovery.shared.transport.decorator.EurekaHttpClientDecorator$1.execute(EurekaHttpClientDecorator.java:59)\r\n\tat com.netflix.discovery.shared.transport.decorator.SessionedEurekaHttpClient.execute(SessionedEurekaHttpClient.java:77)\r\n\tat com.netflix.discovery.shared.transport.decorator.EurekaHttpClientDecorator.register(EurekaHttpClientDecorator.java:56)\r\n\tat com.netflix.discovery.DiscoveryClient.register(DiscoveryClient.java:820)\r\n\tat com.netflix.discovery.InstanceInfoReplicator.run(InstanceInfoReplicator.java:121)\r\n\tat java.base/java.util.concurrent.Executors$RunnableAdapter.call(Executors.java:539)\r\n\tat java.base/java.util.concurrent.FutureTask.run(FutureTask.java:264)\r\n\tat java.base/java.util.concurrent.ScheduledThreadPoolExecutor$ScheduledFutureTask.run(ScheduledThreadPoolExecutor.java:304)\r\n\tat java.base/java.util.concurrent.ThreadPoolExecutor.runWorker(ThreadPoolExecutor.java:1136)\r\n\tat java.base/java.util.concurrent.ThreadPoolExecutor$Worker.run(ThreadPoolExecutor.java:635)\r\n\tat java.base/java.lang.Thread.run(Thread.java:842)\r\n","service":"skyways","environment":"local","traceId":"${ctx:traceId}"}
{"@timestamp":"2026-05-16T09:14:49.037Z","ecs.version":"1.2.0","log.level":"WARN","message":"There was a problem with the instance info replicator","process.thread.name":"DiscoveryClient-InstanceInfoReplicator-0","log.logger":"com.netflix.discovery.InstanceInfoReplicator","error.type":"com.netflix.discovery.shared.transport.TransportException","error.message":"Cannot execute request on any known server","error.stack_trace":"com.netflix.discovery.shared.transport.TransportException: Cannot execute request on any known server\r\n\tat com.netflix.discovery.shared.transport.decorator.RetryableEurekaHttpClient.execute(RetryableEurekaHttpClient.java:112)\r\n\tat com.netflix.discovery.shared.transport.decorator.EurekaHttpClientDecorator.register(EurekaHttpClientDecorator.java:56)\r\n\tat com.netflix.discovery.shared.transport.decorator.EurekaHttpClientDecorator$1.execute(EurekaHttpClientDecorator.java:59)\r\n\tat com.netflix.discovery.shared.transport.decorator.SessionedEurekaHttpClient.execute(SessionedEurekaHttpClient.java:77)\r\n\tat com.netflix.discovery.shared.transport.decorator.EurekaHttpClientDecorator.register(EurekaHttpClientDecorator.java:56)\r\n\tat com.netflix.discovery.DiscoveryClient.register(DiscoveryClient.java:820)\r\n\tat com.netflix.discovery.InstanceInfoReplicator.run(InstanceInfoReplicator.java:121)\r\n\tat java.base/java.util.concurrent.Executors$RunnableAdapter.call(Executors.java:539)\r\n\tat java.base/java.util.concurrent.FutureTask.run(FutureTask.java:264)\r\n\tat java.base/java.util.concurrent.ScheduledThreadPoolExecutor$ScheduledFutureTask.run(ScheduledThreadPoolExecutor.java:304)\r\n\tat java.base/java.util.concurrent.ThreadPoolExecutor.runWorker(ThreadPoolExecutor.java:1136)\r\n\tat java.base/java.util.concurrent.ThreadPoolExecutor$Worker.run(ThreadPoolExecutor.java:635)\r\n\tat java.base/java.lang.Thread.run(Thread.java:842)\r\n","service":"skyways","environment":"local","traceId":"${ctx:traceId}"}
{"@timestamp":"2026-05-16T09:14:49.398Z","ecs.version":"1.2.0","log.level":"WARN","message":"[Consumer clientId=consumer-flight-service-group-2, groupId=flight-service-group] Connection to node -1 (localhost/127.0.0.1:29092) could not be established. Node may not be available.","process.thread.name":"org.springframework.kafka.KafkaListenerEndpointContainer#1-0-C-1","log.logger":"org.apache.kafka.clients.NetworkClient","service":"skyways","environment":"local","traceId":"${ctx:traceId}"}
{"@timestamp":"2026-05-16T09:14:49.399Z","ecs.version":"1.2.0","log.level":"WARN","message":"[Consumer clientId=consumer-flight-service-group-2, groupId=flight-service-group] Bootstrap broker localhost:29092 (id: -1 rack: null) disconnected","process.thread.name":"org.springframework.kafka.KafkaListenerEndpointContainer#1-0-C-1","log.logger":"org.apache.kafka.clients.NetworkClient","service":"skyways","environment":"local","traceId":"${ctx:traceId}"}
{"@timestamp":"2026-05-16T09:14:49.635Z","ecs.version":"1.2.0","log.level":"WARN","message":"[Consumer clientId=consumer-flight-service-group-1, groupId=flight-service-group] Connection to node -1 (localhost/127.0.0.1:29092) could not be established. Node may not be available.","process.thread.name":"org.springframework.kafka.KafkaListenerEndpointContainer#0-0-C-1","log.logger":"org.apache.kafka.clients.NetworkClient","service":"skyways","environment":"local","traceId":"${ctx:traceId}"}
{"@timestamp":"2026-05-16T09:14:49.635Z","ecs.version":"1.2.0","log.level":"WARN","message":"[Consumer clientId=consumer-flight-service-group-1, groupId=flight-service-group] Bootstrap broker localhost:29092 (id: -1 rack: null) disconnected","process.thread.name":"org.springframework.kafka.KafkaListenerEndpointContainer#0-0-C-1","log.logger":"org.apache.kafka.clients.NetworkClient","service":"skyways","environment":"local","traceId":"${ctx:traceId}"}
{"@timestamp":"2026-05-16T09:14:50.278Z","ecs.version":"1.2.0","log.level":"WARN","message":"[Consumer clientId=consumer-flight-service-group-2, groupId=flight-service-group] Connection to node -1 (localhost/127.0.0.1:29092) could not be established. Node may not be available.","process.thread.name":"org.springframework.kafka.KafkaListenerEndpointContainer#1-0-C-1","log.logger":"org.apache.kafka.clients.NetworkClient","service":"skyways","environment":"local","traceId":"${ctx:traceId}"}
{"@timestamp":"2026-05-16T09:14:50.278Z","ecs.version":"1.2.0","log.level":"WARN","message":"[Consumer clientId=consumer-flight-service-group-2, groupId=flight-service-group] Bootstrap broker localhost:29092 (id: -1 rack: null) disconnected","process.thread.name":"org.springframework.kafka.KafkaListenerEndpointContainer#1-0-C-1","log.logger":"org.apache.kafka.clients.NetworkClient","service":"skyways","environment":"local","traceId":"${ctx:traceId}"}
{"@timestamp":"2026-05-16T09:14:50.651Z","ecs.version":"1.2.0","log.level":"WARN","message":"[Consumer clientId=consumer-flight-service-group-1, groupId=flight-service-group] Connection to node -1 (localhost/127.0.0.1:29092) could not be established. Node may not be available.","process.thread.name":"org.springframework.kafka.KafkaListenerEndpointContainer#0-0-C-1","log.logger":"org.apache.kafka.clients.NetworkClient","service":"skyways","environment":"local","traceId":"${ctx:traceId}"}
{"@timestamp":"2026-05-16T09:14:50.652Z","ecs.version":"1.2.0","log.level":"WARN","message":"[Consumer clientId=consumer-flight-service-group-1, groupId=flight-service-group] Bootstrap broker localhost:29092 (id: -1 rack: null) disconnected","process.thread.name":"org.springframework.kafka.KafkaListenerEndpointContainer#0-0-C-1","log.logger":"org.apache.kafka.clients.NetworkClient","service":"skyways","environment":"local","traceId":"${ctx:traceId}"}
{"@timestamp":"2026-05-16T09:14:51.282Z","ecs.version":"1.2.0","log.level":"WARN","message":"[Consumer clientId=consumer-flight-service-group-2, groupId=flight-service-group] Connection to node -1 (localhost/127.0.0.1:29092) could not be established. Node may not be available.","process.thread.name":"org.springframework.kafka.KafkaListenerEndpointContainer#1-0-C-1","log.logger":"org.apache.kafka.clients.NetworkClient","service":"skyways","environment":"local","traceId":"${ctx:traceId}"}
{"@timestamp":"2026-05-16T09:14:51.282Z","ecs.version":"1.2.0","log.level":"WARN","message":"[Consumer clientId=consumer-flight-service-group-2, groupId=flight-service-group] Bootstrap broker localhost:29092 (id: -1 rack: null) disconnected","process.thread.name":"org.springframework.kafka.KafkaListenerEndpointContainer#1-0-C-1","log.logger":"org.apache.kafka.clients.NetworkClient","service":"skyways","environment":"local","traceId":"${ctx:traceId}"}
{"@timestamp":"2026-05-16T09:14:51.595Z","ecs.version":"1.2.0","log.level":"WARN","message":"[Consumer clientId=consumer-flight-service-group-1, groupId=flight-service-group] Connection to node -1 (localhost/127.0.0.1:29092) could not be established. Node may not be available.","process.thread.name":"org.springframework.kafka.KafkaListenerEndpointContainer#0-0-C-1","log.logger":"org.apache.kafka.clients.NetworkClient","service":"skyways","environment":"local","traceId":"${ctx:traceId}"}
{"@timestamp":"2026-05-16T09:14:51.596Z","ecs.version":"1.2.0","log.level":"WARN","message":"[Consumer clientId=consumer-flight-service-group-1, groupId=flight-service-group] Bootstrap broker localhost:29092 (id: -1 rack: null) disconnected","process.thread.name":"org.springframework.kafka.KafkaListenerEndpointContainer#0-0-C-1","log.logger":"org.apache.kafka.clients.NetworkClient","service":"skyways","environment":"local","traceId":"${ctx:traceId}"}
{"@timestamp":"2026-05-16T09:14:52.225Z","ecs.version":"1.2.0","log.level":"WARN","message":"[Consumer clientId=consumer-flight-service-group-2, groupId=flight-service-group] Connection to node -1 (localhost/127.0.0.1:29092) could not be established. Node may not be available.","process.thread.name":"org.springframework.kafka.KafkaListenerEndpointContainer#1-0-C-1","log.logger":"org.apache.kafka.clients.NetworkClient","service":"skyways","environment":"local","traceId":"${ctx:traceId}"}
{"@timestamp":"2026-05-16T09:14:52.226Z","ecs.version":"1.2.0","log.level":"WARN","message":"[Consumer clientId=consumer-flight-service-group-2, groupId=flight-service-group] Bootstrap broker localhost:29092 (id: -1 rack: null) disconnected","process.thread.name":"org.springframework.kafka.KafkaListenerEndpointContainer#1-0-C-1","log.logger":"org.apache.kafka.clients.NetworkClient","service":"skyways","environment":"local","traceId":"${ctx:traceId}"}
{"@timestamp":"2026-05-16T09:14:52.598Z","ecs.version":"1.2.0","log.level":"WARN","message":"[Consumer clientId=consumer-flight-service-group-1, groupId=flight-service-group] Connection to node -1 (localhost/127.0.0.1:29092) could not be established. Node may not be available.","process.thread.name":"org.springframework.kafka.KafkaListenerEndpointContainer#0-0-C-1","log.logger":"org.apache.kafka.clients.NetworkClient","service":"skyways","environment":"local","traceId":"${ctx:traceId}"}
{"@timestamp":"2026-05-16T09:14:52.599Z","ecs.version":"1.2.0","log.level":"WARN","message":"[Consumer clientId=consumer-flight-service-group-1, groupId=flight-service-group] Bootstrap broker localhost:29092 (id: -1 rack: null) disconnected","process.thread.name":"org.springframework.kafka.KafkaListenerEndpointContainer#0-0-C-1","log.logger":"org.apache.kafka.clients.NetworkClient","service":"skyways","environment":"local","traceId":"${ctx:traceId}"}
{"@timestamp":"2026-05-16T09:14:53.275Z","ecs.version":"1.2.0","log.level":"WARN","message":"[Consumer clientId=consumer-flight-service-group-2, groupId=flight-service-group] Connection to node -1 (localhost/127.0.0.1:29092) could not be established. Node may not be available.","process.thread.name":"org.springframework.kafka.KafkaListenerEndpointContainer#1-0-C-1","log.logger":"org.apache.kafka.clients.NetworkClient","service":"skyways","environment":"local","traceId":"${ctx:traceId}"}
{"@timestamp":"2026-05-16T09:14:53.276Z","ecs.version":"1.2.0","log.level":"WARN","message":"[Consumer clientId=consumer-flight-service-group-2, groupId=flight-service-group] Bootstrap broker localhost:29092 (id: -1 rack: null) disconnected","process.thread.name":"org.springframework.kafka.KafkaListenerEndpointContainer#1-0-C-1","log.logger":"org.apache.kafka.clients.NetworkClient","service":"skyways","environment":"local","traceId":"${ctx:traceId}"}
{"@timestamp":"2026-05-16T09:14:53.604Z","ecs.version":"1.2.0","log.level":"WARN","message":"[Consumer clientId=consumer-flight-service-group-1, groupId=flight-service-group] Connection to node -1 (localhost/127.0.0.1:29092) could not be established. Node may not be available.","process.thread.name":"org.springframework.kafka.KafkaListenerEndpointContainer#0-0-C-1","log.logger":"org.apache.kafka.clients.NetworkClient","service":"skyways","environment":"local","traceId":"${ctx:traceId}"}
{"@timestamp":"2026-05-16T09:14:53.604Z","ecs.version":"1.2.0","log.level":"WARN","message":"[Consumer clientId=consumer-flight-service-group-1, groupId=flight-service-group] Bootstrap broker localhost:29092 (id: -1 rack: null) disconnected","process.thread.name":"org.springframework.kafka.KafkaListenerEndpointContainer#0-0-C-1","log.logger":"org.apache.kafka.clients.NetworkClient","service":"skyways","environment":"local","traceId":"${ctx:traceId}"}
{"@timestamp":"2026-05-16T09:14:54.278Z","ecs.version":"1.2.0","log.level":"WARN","message":"[Consumer clientId=consumer-flight-service-group-2, groupId=flight-service-group] Connection to node -1 (localhost/127.0.0.1:29092) could not be established. Node may not be available.","process.thread.name":"org.springframework.kafka.KafkaListenerEndpointContainer#1-0-C-1","log.logger":"org.apache.kafka.clients.NetworkClient","service":"skyways","environment":"local","traceId":"${ctx:traceId}"}
{"@timestamp":"2026-05-16T09:14:54.278Z","ecs.version":"1.2.0","log.level":"WARN","message":"[Consumer clientId=consumer-flight-service-group-2, groupId=flight-service-group] Bootstrap broker localhost:29092 (id: -1 rack: null) disconnected","process.thread.name":"org.springframework.kafka.KafkaListenerEndpointContainer#1-0-C-1","log.logger":"org.apache.kafka.clients.NetworkClient","service":"skyways","environment":"local","traceId":"${ctx:traceId}"}
{"@timestamp":"2026-05-16T09:14:54.606Z","ecs.version":"1.2.0","log.level":"WARN","message":"[Consumer clientId=consumer-flight-service-group-1, groupId=flight-service-group] Connection to node -1 (localhost/127.0.0.1:29092) could not be established. Node may not be available.","process.thread.name":"org.springframework.kafka.KafkaListenerEndpointContainer#0-0-C-1","log.logger":"org.apache.kafka.clients.NetworkClient","service":"skyways","environment":"local","traceId":"${ctx:traceId}"}
{"@timestamp":"2026-05-16T09:14:54.606Z","ecs.version":"1.2.0","log.level":"WARN","message":"[Consumer clientId=consumer-flight-service-group-1, groupId=flight-service-group] Bootstrap broker localhost:29092 (id: -1 rack: null) disconnected","process.thread.name":"org.springframework.kafka.KafkaListenerEndpointContainer#0-0-C-1","log.logger":"org.apache.kafka.clients.NetworkClient","service":"skyways","environment":"local","traceId":"${ctx:traceId}"}
{"@timestamp":"2026-05-16T09:14:55.204Z","ecs.version":"1.2.0","log.level":"WARN","message":"[Consumer clientId=consumer-flight-service-group-2, groupId=flight-service-group] Connection to node -1 (localhost/127.0.0.1:29092) could not be established. Node may not be available.","process.thread.name":"org.springframework.kafka.KafkaListenerEndpointContainer#1-0-C-1","log.logger":"org.apache.kafka.clients.NetworkClient","service":"skyways","environment":"local","traceId":"${ctx:traceId}"}
{"@timestamp":"2026-05-16T09:14:55.205Z","ecs.version":"1.2.0","log.level":"WARN","message":"[Consumer clientId=consumer-flight-service-group-2, groupId=flight-service-group] Bootstrap broker localhost:29092 (id: -1 rack: null) disconnected","process.thread.name":"org.springframework.kafka.KafkaListenerEndpointContainer#1-0-C-1","log.logger":"org.apache.kafka.clients.NetworkClient","service":"skyways","environment":"local","traceId":"${ctx:traceId}"}
{"@timestamp":"2026-05-16T09:14:55.644Z","ecs.version":"1.2.0","log.level":"WARN","message":"[Consumer clientId=consumer-flight-service-group-1, groupId=flight-service-group] Connection to node -1 (localhost/127.0.0.1:29092) could not be established. Node may not be available.","process.thread.name":"org.springframework.kafka.KafkaListenerEndpointContainer#0-0-C-1","log.logger":"org.apache.kafka.clients.NetworkClient","service":"skyways","environment":"local","traceId":"${ctx:traceId}"}
{"@timestamp":"2026-05-16T09:14:55.644Z","ecs.version":"1.2.0","log.level":"WARN","message":"[Consumer clientId=consumer-flight-service-group-1, groupId=flight-service-group] Bootstrap broker localhost:29092 (id: -1 rack: null) disconnected","process.thread.name":"org.springframework.kafka.KafkaListenerEndpointContainer#0-0-C-1","log.logger":"org.apache.kafka.clients.NetworkClient","service":"skyways","environment":"local","traceId":"${ctx:traceId}"}
{"@timestamp":"2026-05-16T09:14:56.084Z","ecs.version":"1.2.0","log.level":"WARN","message":"[Consumer clientId=consumer-flight-service-group-2, groupId=flight-service-group] Connection to node -1 (localhost/127.0.0.1:29092) could not be established. Node may not be available.","process.thread.name":"org.springframework.kafka.KafkaListenerEndpointContainer#1-0-C-1","log.logger":"org.apache.kafka.clients.NetworkClient","service":"skyways","environment":"local","traceId":"${ctx:traceId}"}
{"@timestamp":"2026-05-16T09:14:56.084Z","ecs.version":"1.2.0","log.level":"WARN","message":"[Consumer clientId=consumer-flight-service-group-2, groupId=flight-service-group] Bootstrap broker localhost:29092 (id: -1 rack: null) disconnected","process.thread.name":"org.springframework.kafka.KafkaListenerEndpointContainer#1-0-C-1","log.logger":"org.apache.kafka.clients.NetworkClient","service":"skyways","environment":"local","traceId":"${ctx:traceId}"}
{"@timestamp":"2026-05-16T09:14:56.648Z","ecs.version":"1.2.0","log.level":"WARN","message":"[Consumer clientId=consumer-flight-service-group-1, groupId=flight-service-group] Connection to node -1 (localhost/127.0.0.1:29092) could not be established. Node may not be available.","process.thread.name":"org.springframework.kafka.KafkaListenerEndpointContainer#0-0-C-1","log.logger":"org.apache.kafka.clients.NetworkClient","service":"skyways","environment":"local","traceId":"${ctx:traceId}"}
{"@timestamp":"2026-05-16T09:14:56.648Z","ecs.version":"1.2.0","log.level":"WARN","message":"[Consumer clientId=consumer-flight-service-group-1, groupId=flight-service-group] Bootstrap broker localhost:29092 (id: -1 rack: null) disconnected","process.thread.name":"org.springframework.kafka.KafkaListenerEndpointContainer#0-0-C-1","log.logger":"org.apache.kafka.clients.NetworkClient","service":"skyways","environment":"local","traceId":"${ctx:traceId}"}
{"@timestamp":"2026-05-16T09:14:57.123Z","ecs.version":"1.2.0","log.level":"WARN","message":"[Consumer clientId=consumer-flight-service-group-2, groupId=flight-service-group] Connection to node -1 (localhost/127.0.0.1:29092) could not be established. Node may not be available.","process.thread.name":"org.springframework.kafka.KafkaListenerEndpointContainer#1-0-C-1","log.logger":"org.apache.kafka.clients.NetworkClient","service":"skyways","environment":"local","traceId":"${ctx:traceId}"}
{"@timestamp":"2026-05-16T09:14:57.123Z","ecs.version":"1.2.0","log.level":"WARN","message":"[Consumer clientId=consumer-flight-service-group-2, groupId=flight-service-group] Bootstrap broker localhost:29092 (id: -1 rack: null) disconnected","process.thread.name":"org.springframework.kafka.KafkaListenerEndpointContainer#1-0-C-1","log.logger":"org.apache.kafka.clients.NetworkClient","service":"skyways","environment":"local","traceId":"${ctx:traceId}"}
{"@timestamp":"2026-05-16T09:14:57.654Z","ecs.version":"1.2.0","log.level":"WARN","message":"[Consumer clientId=consumer-flight-service-group-1, groupId=flight-service-group] Connection to node -1 (localhost/127.0.0.1:29092) could not be established. Node may not be available.","process.thread.name":"org.springframework.kafka.KafkaListenerEndpointContainer#0-0-C-1","log.logger":"org.apache.kafka.clients.NetworkClient","service":"skyways","environment":"local","traceId":"${ctx:traceId}"}
{"@timestamp":"2026-05-16T09:14:57.655Z","ecs.version":"1.2.0","log.level":"WARN","message":"[Consumer clientId=consumer-flight-service-group-1, groupId=flight-service-group] Bootstrap broker localhost:29092 (id: -1 rack: null) disconnected","process.thread.name":"org.springframework.kafka.KafkaListenerEndpointContainer#0-0-C-1","log.logger":"org.apache.kafka.clients.NetworkClient","service":"skyways","environment":"local","traceId":"${ctx:traceId}"}
{"@timestamp":"2026-05-16T09:14:58.128Z","ecs.version":"1.2.0","log.level":"WARN","message":"[Consumer clientId=consumer-flight-service-group-2, groupId=flight-service-group] Connection to node -1 (localhost/127.0.0.1:29092) could not be established. Node may not be available.","process.thread.name":"org.springframework.kafka.KafkaListenerEndpointContainer#1-0-C-1","log.logger":"org.apache.kafka.clients.NetworkClient","service":"skyways","environment":"local","traceId":"${ctx:traceId}"}
{"@timestamp":"2026-05-16T09:14:58.128Z","ecs.version":"1.2.0","log.level":"WARN","message":"[Consumer clientId=consumer-flight-service-group-2, groupId=flight-service-group] Bootstrap broker localhost:29092 (id: -1 rack: null) disconnected","process.thread.name":"org.springframework.kafka.KafkaListenerEndpointContainer#1-0-C-1","log.logger":"org.apache.kafka.clients.NetworkClient","service":"skyways","environment":"local","traceId":"${ctx:traceId}"}
{"@timestamp":"2026-05-16T09:14:58.665Z","ecs.version":"1.2.0","log.level":"WARN","message":"[Consumer clientId=consumer-flight-service-group-1, groupId=flight-service-group] Connection to node -1 (localhost/127.0.0.1:29092) could not be established. Node may not be available.","process.thread.name":"org.springframework.kafka.KafkaListenerEndpointContainer#0-0-C-1","log.logger":"org.apache.kafka.clients.NetworkClient","service":"skyways","environment":"local","traceId":"${ctx:traceId}"}
{"@timestamp":"2026-05-16T09:14:58.665Z","ecs.version":"1.2.0","log.level":"WARN","message":"[Consumer clientId=consumer-flight-service-group-1, groupId=flight-service-group] Bootstrap broker localhost:29092 (id: -1 rack: null) disconnected","process.thread.name":"org.springframework.kafka.KafkaListenerEndpointContainer#0-0-C-1","log.logger":"org.apache.kafka.clients.NetworkClient","service":"skyways","environment":"local","traceId":"${ctx:traceId}"}
{"@timestamp":"2026-05-16T09:14:59.136Z","ecs.version":"1.2.0","log.level":"WARN","message":"[Consumer clientId=consumer-flight-service-group-2, groupId=flight-service-group] Connection to node -1 (localhost/127.0.0.1:29092) could not be established. Node may not be available.","process.thread.name":"org.springframework.kafka.KafkaListenerEndpointContainer#1-0-C-1","log.logger":"org.apache.kafka.clients.NetworkClient","service":"skyways","environment":"local","traceId":"${ctx:traceId}"}
{"@timestamp":"2026-05-16T09:14:59.136Z","ecs.version":"1.2.0","log.level":"WARN","message":"[Consumer clientId=consumer-flight-service-group-2, groupId=flight-service-group] Bootstrap broker localhost:29092 (id: -1 rack: null) disconnected","process.thread.name":"org.springframework.kafka.KafkaListenerEndpointContainer#1-0-C-1","log.logger":"org.apache.kafka.clients.NetworkClient","service":"skyways","environment":"local","traceId":"${ctx:traceId}"}
{"@timestamp":"2026-05-16T09:14:59.546Z","ecs.version":"1.2.0","log.level":"WARN","message":"[Consumer clientId=consumer-flight-service-group-1, groupId=flight-service-group] Connection to node -1 (localhost/127.0.0.1:29092) could not be established. Node may not be available.","process.thread.name":"org.springframework.kafka.KafkaListenerEndpointContainer#0-0-C-1","log.logger":"org.apache.kafka.clients.NetworkClient","service":"skyways","environment":"local","traceId":"${ctx:traceId}"}
{"@timestamp":"2026-05-16T09:14:59.546Z","ecs.version":"1.2.0","log.level":"WARN","message":"[Consumer clientId=consumer-flight-service-group-1, groupId=flight-service-group] Bootstrap broker localhost:29092 (id: -1 rack: null) disconnected","process.thread.name":"org.springframework.kafka.KafkaListenerEndpointContainer#0-0-C-1","log.logger":"org.apache.kafka.clients.NetworkClient","service":"skyways","environment":"local","traceId":"${ctx:traceId}"}
{"@timestamp":"2026-05-16T09:15:00.095Z","ecs.version":"1.2.0","log.level":"WARN","message":"[Consumer clientId=consumer-flight-service-group-2, groupId=flight-service-group] Connection to node -1 (localhost/127.0.0.1:29092) could not be established. Node may not be available.","process.thread.name":"org.springframework.kafka.KafkaListenerEndpointContainer#1-0-C-1","log.logger":"org.apache.kafka.clients.NetworkClient","service":"skyways","environment":"local","traceId":"${ctx:traceId}"}
{"@timestamp":"2026-05-16T09:15:00.095Z","ecs.version":"1.2.0","log.level":"WARN","message":"[Consumer clientId=consumer-flight-service-group-2, groupId=flight-service-group] Bootstrap broker localhost:29092 (id: -1 rack: null) disconnected","process.thread.name":"org.springframework.kafka.KafkaListenerEndpointContainer#1-0-C-1","log.logger":"org.apache.kafka.clients.NetworkClient","service":"skyways","environment":"local","traceId":"${ctx:traceId}"}
{"@timestamp":"2026-05-16T09:15:00.580Z","ecs.version":"1.2.0","log.level":"WARN","message":"[Consumer clientId=consumer-flight-service-group-1, groupId=flight-service-group] Connection to node -1 (localhost/127.0.0.1:29092) could not be established. Node may not be available.","process.thread.name":"org.springframework.kafka.KafkaListenerEndpointContainer#0-0-C-1","log.logger":"org.apache.kafka.clients.NetworkClient","service":"skyways","environment":"local","traceId":"${ctx:traceId}"}
{"@timestamp":"2026-05-16T09:15:00.580Z","ecs.version":"1.2.0","log.level":"WARN","message":"[Consumer clientId=consumer-flight-service-group-1, groupId=flight-service-group] Bootstrap broker localhost:29092 (id: -1 rack: null) disconnected","process.thread.name":"org.springframework.kafka.KafkaListenerEndpointContainer#0-0-C-1","log.logger":"org.apache.kafka.clients.NetworkClient","service":"skyways","environment":"local","traceId":"${ctx:traceId}"}
{"@timestamp":"2026-05-16T09:15:01.034Z","ecs.version":"1.2.0","log.level":"WARN","message":"[Consumer clientId=consumer-flight-service-group-2, groupId=flight-service-group] Connection to node -1 (localhost/127.0.0.1:29092) could not be established. Node may not be available.","process.thread.name":"org.springframework.kafka.KafkaListenerEndpointContainer#1-0-C-1","log.logger":"org.apache.kafka.clients.NetworkClient","service":"skyways","environment":"local","traceId":"${ctx:traceId}"}
{"@timestamp":"2026-05-16T09:15:01.035Z","ecs.version":"1.2.0","log.level":"WARN","message":"[Consumer clientId=consumer-flight-service-group-2, groupId=flight-service-group] Bootstrap broker localhost:29092 (id: -1 rack: null) disconnected","process.thread.name":"org.springframework.kafka.KafkaListenerEndpointContainer#1-0-C-1","log.logger":"org.apache.kafka.clients.NetworkClient","service":"skyways","environment":"local","traceId":"${ctx:traceId}"}
{"@timestamp":"2026-05-16T09:15:01.523Z","ecs.version":"1.2.0","log.level":"WARN","message":"[Consumer clientId=consumer-flight-service-group-1, groupId=flight-service-group] Connection to node -1 (localhost/127.0.0.1:29092) could not be established. Node may not be available.","process.thread.name":"org.springframework.kafka.KafkaListenerEndpointContainer#0-0-C-1","log.logger":"org.apache.kafka.clients.NetworkClient","service":"skyways","environment":"local","traceId":"${ctx:traceId}"}
{"@timestamp":"2026-05-16T09:15:01.523Z","ecs.version":"1.2.0","log.level":"WARN","message":"[Consumer clientId=consumer-flight-service-group-1, groupId=flight-service-group] Bootstrap broker localhost:29092 (id: -1 rack: null) disconnected","process.thread.name":"org.springframework.kafka.KafkaListenerEndpointContainer#0-0-C-1","log.logger":"org.apache.kafka.clients.NetworkClient","service":"skyways","environment":"local","traceId":"${ctx:traceId}"}
{"@timestamp":"2026-05-16T09:15:01.979Z","ecs.version":"1.2.0","log.level":"WARN","message":"[Consumer clientId=consumer-flight-service-group-2, groupId=flight-service-group] Connection to node -1 (localhost/127.0.0.1:29092) could not be established. Node may not be available.","process.thread.name":"org.springframework.kafka.KafkaListenerEndpointContainer#1-0-C-1","log.logger":"org.apache.kafka.clients.NetworkClient","service":"skyways","environment":"local","traceId":"${ctx:traceId}"}
{"@timestamp":"2026-05-16T09:15:01.979Z","ecs.version":"1.2.0","log.level":"WARN","message":"[Consumer clientId=consumer-flight-service-group-2, groupId=flight-service-group] Bootstrap broker localhost:29092 (id: -1 rack: null) disconnected","process.thread.name":"org.springframework.kafka.KafkaListenerEndpointContainer#1-0-C-1","log.logger":"org.apache.kafka.clients.NetworkClient","service":"skyways","environment":"local","traceId":"${ctx:traceId}"}
{"@timestamp":"2026-05-16T09:15:02.527Z","ecs.version":"1.2.0","log.level":"WARN","message":"[Consumer clientId=consumer-flight-service-group-1, groupId=flight-service-group] Connection to node -1 (localhost/127.0.0.1:29092) could not be established. Node may not be available.","process.thread.name":"org.springframework.kafka.KafkaListenerEndpointContainer#0-0-C-1","log.logger":"org.apache.kafka.clients.NetworkClient","service":"skyways","environment":"local","traceId":"${ctx:traceId}"}
{"@timestamp":"2026-05-16T09:15:02.527Z","ecs.version":"1.2.0","log.level":"WARN","message":"[Consumer clientId=consumer-flight-service-group-1, groupId=flight-service-group] Bootstrap broker localhost:29092 (id: -1 rack: null) disconnected","process.thread.name":"org.springframework.kafka.KafkaListenerEndpointContainer#0-0-C-1","log.logger":"org.apache.kafka.clients.NetworkClient","service":"skyways","environment":"local","traceId":"${ctx:traceId}"}
{"@timestamp":"2026-05-16T09:15:02.980Z","ecs.version":"1.2.0","log.level":"WARN","message":"[Consumer clientId=consumer-flight-service-group-2, groupId=flight-service-group] Connection to node -1 (localhost/127.0.0.1:29092) could not be established. Node may not be available.","process.thread.name":"org.springframework.kafka.KafkaListenerEndpointContainer#1-0-C-1","log.logger":"org.apache.kafka.clients.NetworkClient","service":"skyways","environment":"local","traceId":"${ctx:traceId}"}
{"@timestamp":"2026-05-16T09:15:02.980Z","ecs.version":"1.2.0","log.level":"WARN","message":"[Consumer clientId=consumer-flight-service-group-2, groupId=flight-service-group] Bootstrap broker localhost:29092 (id: -1 rack: null) disconnected","process.thread.name":"org.springframework.kafka.KafkaListenerEndpointContainer#1-0-C-1","log.logger":"org.apache.kafka.clients.NetworkClient","service":"skyways","environment":"local","traceId":"${ctx:traceId}"}
{"@timestamp":"2026-05-16T09:15:03.529Z","ecs.version":"1.2.0","log.level":"WARN","message":"[Consumer clientId=consumer-flight-service-group-1, groupId=flight-service-group] Connection to node -1 (localhost/127.0.0.1:29092) could not be established. Node may not be available.","process.thread.name":"org.springframework.kafka.KafkaListenerEndpointContainer#0-0-C-1","log.logger":"org.apache.kafka.clients.NetworkClient","service":"skyways","environment":"local","traceId":"${ctx:traceId}"}
{"@timestamp":"2026-05-16T09:15:03.530Z","ecs.version":"1.2.0","log.level":"WARN","message":"[Consumer clientId=consumer-flight-service-group-1, groupId=flight-service-group] Bootstrap broker localhost:29092 (id: -1 rack: null) disconnected","process.thread.name":"org.springframework.kafka.KafkaListenerEndpointContainer#0-0-C-1","log.logger":"org.apache.kafka.clients.NetworkClient","service":"skyways","environment":"local","traceId":"${ctx:traceId}"}
{"@timestamp":"2026-05-16T09:15:03.968Z","ecs.version":"1.2.0","log.level":"WARN","message":"[Consumer clientId=consumer-flight-service-group-2, groupId=flight-service-group] Connection to node -1 (localhost/127.0.0.1:29092) could not be established. Node may not be available.","process.thread.name":"org.springframework.kafka.KafkaListenerEndpointContainer#1-0-C-1","log.logger":"org.apache.kafka.clients.NetworkClient","service":"skyways","environment":"local","traceId":"${ctx:traceId}"}
{"@timestamp":"2026-05-16T09:15:03.968Z","ecs.version":"1.2.0","log.level":"WARN","message":"[Consumer clientId=consumer-flight-service-group-2, groupId=flight-service-group] Bootstrap broker localhost:29092 (id: -1 rack: null) disconnected","process.thread.name":"org.springframework.kafka.KafkaListenerEndpointContainer#1-0-C-1","log.logger":"org.apache.kafka.clients.NetworkClient","service":"skyways","environment":"local","traceId":"${ctx:traceId}"}
{"@timestamp":"2026-05-16T09:15:04.534Z","ecs.version":"1.2.0","log.level":"WARN","message":"[Consumer clientId=consumer-flight-service-group-1, groupId=flight-service-group] Connection to node -1 (localhost/127.0.0.1:29092) could not be established. Node may not be available.","process.thread.name":"org.springframework.kafka.KafkaListenerEndpointContainer#0-0-C-1","log.logger":"org.apache.kafka.clients.NetworkClient","service":"skyways","environment":"local","traceId":"${ctx:traceId}"}
{"@timestamp":"2026-05-16T09:15:04.534Z","ecs.version":"1.2.0","log.level":"WARN","message":"[Consumer clientId=consumer-flight-service-group-1, groupId=flight-service-group] Bootstrap broker localhost:29092 (id: -1 rack: null) disconnected","process.thread.name":"org.springframework.kafka.KafkaListenerEndpointContainer#0-0-C-1","log.logger":"org.apache.kafka.clients.NetworkClient","service":"skyways","environment":"local","traceId":"${ctx:traceId}"}
{"@timestamp":"2026-05-16T09:15:04.926Z","ecs.version":"1.2.0","log.level":"WARN","message":"[Consumer clientId=consumer-flight-service-group-2, groupId=flight-service-group] Connection to node -1 (localhost/127.0.0.1:29092) could not be established. Node may not be available.","process.thread.name":"org.springframework.kafka.KafkaListenerEndpointContainer#1-0-C-1","log.logger":"org.apache.kafka.clients.NetworkClient","service":"skyways","environment":"local","traceId":"${ctx:traceId}"}
{"@timestamp":"2026-05-16T09:15:04.926Z","ecs.version":"1.2.0","log.level":"WARN","message":"[Consumer clientId=consumer-flight-service-group-2, groupId=flight-service-group] Bootstrap broker localhost:29092 (id: -1 rack: null) disconnected","process.thread.name":"org.springframework.kafka.KafkaListenerEndpointContainer#1-0-C-1","log.logger":"org.apache.kafka.clients.NetworkClient","service":"skyways","environment":"local","traceId":"${ctx:traceId}"}
{"@timestamp":"2026-05-16T09:15:05.380Z","ecs.version":"1.2.0","log.level":"WARN","message":"[Consumer clientId=consumer-flight-service-group-1, groupId=flight-service-group] Connection to node -1 (localhost/127.0.0.1:29092) could not be established. Node may not be available.","process.thread.name":"org.springframework.kafka.KafkaListenerEndpointContainer#0-0-C-1","log.logger":"org.apache.kafka.clients.NetworkClient","service":"skyways","environment":"local","traceId":"${ctx:traceId}"}
{"@timestamp":"2026-05-16T09:15:05.380Z","ecs.version":"1.2.0","log.level":"WARN","message":"[Consumer clientId=consumer-flight-service-group-1, groupId=flight-service-group] Bootstrap broker localhost:29092 (id: -1 rack: null) disconnected","process.thread.name":"org.springframework.kafka.KafkaListenerEndpointContainer#0-0-C-1","log.logger":"org.apache.kafka.clients.NetworkClient","service":"skyways","environment":"local","traceId":"${ctx:traceId}"}
{"@timestamp":"2026-05-16T09:15:05.805Z","ecs.version":"1.2.0","log.level":"WARN","message":"[Consumer clientId=consumer-flight-service-group-2, groupId=flight-service-group] Connection to node -1 (localhost/127.0.0.1:29092) could not be established. Node may not be available.","process.thread.name":"org.springframework.kafka.KafkaListenerEndpointContainer#1-0-C-1","log.logger":"org.apache.kafka.clients.NetworkClient","service":"skyways","environment":"local","traceId":"${ctx:traceId}"}
{"@timestamp":"2026-05-16T09:15:05.805Z","ecs.version":"1.2.0","log.level":"WARN","message":"[Consumer clientId=consumer-flight-service-group-2, groupId=flight-service-group] Bootstrap broker localhost:29092 (id: -1 rack: null) disconnected","process.thread.name":"org.springframework.kafka.KafkaListenerEndpointContainer#1-0-C-1","log.logger":"org.apache.kafka.clients.NetworkClient","service":"skyways","environment":"local","traceId":"${ctx:traceId}"}
{"@timestamp":"2026-05-16T09:15:06.385Z","ecs.version":"1.2.0","log.level":"WARN","message":"[Consumer clientId=consumer-flight-service-group-1, groupId=flight-service-group] Connection to node -1 (localhost/127.0.0.1:29092) could not be established. Node may not be available.","process.thread.name":"org.springframework.kafka.KafkaListenerEndpointContainer#0-0-C-1","log.logger":"org.apache.kafka.clients.NetworkClient","service":"skyways","environment":"local","traceId":"${ctx:traceId}"}
{"@timestamp":"2026-05-16T09:15:06.385Z","ecs.version":"1.2.0","log.level":"WARN","message":"[Consumer clientId=consumer-flight-service-group-1, groupId=flight-service-group] Bootstrap broker localhost:29092 (id: -1 rack: null) disconnected","process.thread.name":"org.springframework.kafka.KafkaListenerEndpointContainer#0-0-C-1","log.logger":"org.apache.kafka.clients.NetworkClient","service":"skyways","environment":"local","traceId":"${ctx:traceId}"}
{"@timestamp":"2026-05-16T09:15:06.745Z","ecs.version":"1.2.0","log.level":"WARN","message":"[Consumer clientId=consumer-flight-service-group-2, groupId=flight-service-group] Connection to node -1 (localhost/127.0.0.1:29092) could not be established. Node may not be available.","process.thread.name":"org.springframework.kafka.KafkaListenerEndpointContainer#1-0-C-1","log.logger":"org.apache.kafka.clients.NetworkClient","service":"skyways","environment":"local","traceId":"${ctx:traceId}"}
{"@timestamp":"2026-05-16T09:15:06.745Z","ecs.version":"1.2.0","log.level":"WARN","message":"[Consumer clientId=consumer-flight-service-group-2, groupId=flight-service-group] Bootstrap broker localhost:29092 (id: -1 rack: null) disconnected","process.thread.name":"org.springframework.kafka.KafkaListenerEndpointContainer#1-0-C-1","log.logger":"org.apache.kafka.clients.NetworkClient","service":"skyways","environment":"local","traceId":"${ctx:traceId}"}
{"@timestamp":"2026-05-16T09:15:07.391Z","ecs.version":"1.2.0","log.level":"WARN","message":"[Consumer clientId=consumer-flight-service-group-1, groupId=flight-service-group] Connection to node -1 (localhost/127.0.0.1:29092) could not be established. Node may not be available.","process.thread.name":"org.springframework.kafka.KafkaListenerEndpointContainer#0-0-C-1","log.logger":"org.apache.kafka.clients.NetworkClient","service":"skyways","environment":"local","traceId":"${ctx:traceId}"}
{"@timestamp":"2026-05-16T09:15:07.391Z","ecs.version":"1.2.0","log.level":"WARN","message":"[Consumer clientId=consumer-flight-service-group-1, groupId=flight-service-group] Bootstrap broker localhost:29092 (id: -1 rack: null) disconnected","process.thread.name":"org.springframework.kafka.KafkaListenerEndpointContainer#0-0-C-1","log.logger":"org.apache.kafka.clients.NetworkClient","service":"skyways","environment":"local","traceId":"${ctx:traceId}"}
{"@timestamp":"2026-05-16T09:15:07.752Z","ecs.version":"1.2.0","log.level":"WARN","message":"[Consumer clientId=consumer-flight-service-group-2, groupId=flight-service-group] Connection to node -1 (localhost/127.0.0.1:29092) could not be established. Node may not be available.","process.thread.name":"org.springframework.kafka.KafkaListenerEndpointContainer#1-0-C-1","log.logger":"org.apache.kafka.clients.NetworkClient","service":"skyways","environment":"local","traceId":"${ctx:traceId}"}
{"@timestamp":"2026-05-16T09:15:07.752Z","ecs.version":"1.2.0","log.level":"WARN","message":"[Consumer clientId=consumer-flight-service-group-2, groupId=flight-service-group] Bootstrap broker localhost:29092 (id: -1 rack: null) disconnected","process.thread.name":"org.springframework.kafka.KafkaListenerEndpointContainer#1-0-C-1","log.logger":"org.apache.kafka.clients.NetworkClient","service":"skyways","environment":"local","traceId":"${ctx:traceId}"}
{"@timestamp":"2026-05-16T09:15:08.267Z","ecs.version":"1.2.0","log.level":"WARN","message":"[Consumer clientId=consumer-flight-service-group-1, groupId=flight-service-group] Connection to node -1 (localhost/127.0.0.1:29092) could not be established. Node may not be available.","process.thread.name":"org.springframework.kafka.KafkaListenerEndpointContainer#0-0-C-1","log.logger":"org.apache.kafka.clients.NetworkClient","service":"skyways","environment":"local","traceId":"${ctx:traceId}"}
{"@timestamp":"2026-05-16T09:15:08.268Z","ecs.version":"1.2.0","log.level":"WARN","message":"[Consumer clientId=consumer-flight-service-group-1, groupId=flight-service-group] Bootstrap broker localhost:29092 (id: -1 rack: null) disconnected","process.thread.name":"org.springframework.kafka.KafkaListenerEndpointContainer#0-0-C-1","log.logger":"org.apache.kafka.clients.NetworkClient","service":"skyways","environment":"local","traceId":"${ctx:traceId}"}
{"@timestamp":"2026-05-16T09:15:08.691Z","ecs.version":"1.2.0","log.level":"WARN","message":"[Consumer clientId=consumer-flight-service-group-2, groupId=flight-service-group] Connection to node -1 (localhost/127.0.0.1:29092) could not be established. Node may not be available.","process.thread.name":"org.springframework.kafka.KafkaListenerEndpointContainer#1-0-C-1","log.logger":"org.apache.kafka.clients.NetworkClient","service":"skyways","environment":"local","traceId":"${ctx:traceId}"}
{"@timestamp":"2026-05-16T09:15:08.692Z","ecs.version":"1.2.0","log.level":"WARN","message":"[Consumer clientId=consumer-flight-service-group-2, groupId=flight-service-group] Bootstrap broker localhost:29092 (id: -1 rack: null) disconnected","process.thread.name":"org.springframework.kafka.KafkaListenerEndpointContainer#1-0-C-1","log.logger":"org.apache.kafka.clients.NetworkClient","service":"skyways","environment":"local","traceId":"${ctx:traceId}"}
{"@timestamp":"2026-05-16T09:15:09.276Z","ecs.version":"1.2.0","log.level":"WARN","message":"[Consumer clientId=consumer-flight-service-group-1, groupId=flight-service-group] Connection to node -1 (localhost/127.0.0.1:29092) could not be established. Node may not be available.","process.thread.name":"org.springframework.kafka.KafkaListenerEndpointContainer#0-0-C-1","log.logger":"org.apache.kafka.clients.NetworkClient","service":"skyways","environment":"local","traceId":"${ctx:traceId}"}
{"@timestamp":"2026-05-16T09:15:09.276Z","ecs.version":"1.2.0","log.level":"WARN","message":"[Consumer clientId=consumer-flight-service-group-1, groupId=flight-service-group] Bootstrap broker localhost:29092 (id: -1 rack: null) disconnected","process.thread.name":"org.springframework.kafka.KafkaListenerEndpointContainer#0-0-C-1","log.logger":"org.apache.kafka.clients.NetworkClient","service":"skyways","environment":"local","traceId":"${ctx:traceId}"}
{"@timestamp":"2026-05-16T09:15:09.573Z","ecs.version":"1.2.0","log.level":"WARN","message":"[Consumer clientId=consumer-flight-service-group-2, groupId=flight-service-group] Connection to node -1 (localhost/127.0.0.1:29092) could not be established. Node may not be available.","process.thread.name":"org.springframework.kafka.KafkaListenerEndpointContainer#1-0-C-1","log.logger":"org.apache.kafka.clients.NetworkClient","service":"skyways","environment":"local","traceId":"${ctx:traceId}"}
{"@timestamp":"2026-05-16T09:15:09.573Z","ecs.version":"1.2.0","log.level":"WARN","message":"[Consumer clientId=consumer-flight-service-group-2, groupId=flight-service-group] Bootstrap broker localhost:29092 (id: -1 rack: null) disconnected","process.thread.name":"org.springframework.kafka.KafkaListenerEndpointContainer#1-0-C-1","log.logger":"org.apache.kafka.clients.NetworkClient","service":"skyways","environment":"local","traceId":"${ctx:traceId}"}
{"@timestamp":"2026-05-16T09:15:10.259Z","ecs.version":"1.2.0","log.level":"WARN","message":"[Consumer clientId=consumer-flight-service-group-1, groupId=flight-service-group] Connection to node -1 (localhost/127.0.0.1:29092) could not be established. Node may not be available.","process.thread.name":"org.springframework.kafka.KafkaListenerEndpointContainer#0-0-C-1","log.logger":"org.apache.kafka.clients.NetworkClient","service":"skyways","environment":"local","traceId":"${ctx:traceId}"}
{"@timestamp":"2026-05-16T09:15:10.259Z","ecs.version":"1.2.0","log.level":"WARN","message":"[Consumer clientId=consumer-flight-service-group-1, groupId=flight-service-group] Bootstrap broker localhost:29092 (id: -1 rack: null) disconnected","process.thread.name":"org.springframework.kafka.KafkaListenerEndpointContainer#0-0-C-1","log.logger":"org.apache.kafka.clients.NetworkClient","service":"skyways","environment":"local","traceId":"${ctx:traceId}"}
{"@timestamp":"2026-05-16T09:15:10.572Z","ecs.version":"1.2.0","log.level":"WARN","message":"[Consumer clientId=consumer-flight-service-group-2, groupId=flight-service-group] Connection to node -1 (localhost/127.0.0.1:29092) could not be established. Node may not be available.","process.thread.name":"org.springframework.kafka.KafkaListenerEndpointContainer#1-0-C-1","log.logger":"org.apache.kafka.clients.NetworkClient","service":"skyways","environment":"local","traceId":"${ctx:traceId}"}
{"@timestamp":"2026-05-16T09:15:10.573Z","ecs.version":"1.2.0","log.level":"WARN","message":"[Consumer clientId=consumer-flight-service-group-2, groupId=flight-service-group] Bootstrap broker localhost:29092 (id: -1 rack: null) disconnected","process.thread.name":"org.springframework.kafka.KafkaListenerEndpointContainer#1-0-C-1","log.logger":"org.apache.kafka.clients.NetworkClient","service":"skyways","environment":"local","traceId":"${ctx:traceId}"}
{"@timestamp":"2026-05-16T09:15:11.291Z","ecs.version":"1.2.0","log.level":"WARN","message":"[Consumer clientId=consumer-flight-service-group-1, groupId=flight-service-group] Connection to node -1 (localhost/127.0.0.1:29092) could not be established. Node may not be available.","process.thread.name":"org.springframework.kafka.KafkaListenerEndpointContainer#0-0-C-1","log.logger":"org.apache.kafka.clients.NetworkClient","service":"skyways","environment":"local","traceId":"${ctx:traceId}"}
{"@timestamp":"2026-05-16T09:15:11.291Z","ecs.version":"1.2.0","log.level":"WARN","message":"[Consumer clientId=consumer-flight-service-group-1, groupId=flight-service-group] Bootstrap broker localhost:29092 (id: -1 rack: null) disconnected","process.thread.name":"org.springframework.kafka.KafkaListenerEndpointContainer#0-0-C-1","log.logger":"org.apache.kafka.clients.NetworkClient","service":"skyways","environment":"local","traceId":"${ctx:traceId}"}
{"@timestamp":"2026-05-16T09:15:11.383Z","ecs.version":"1.2.0","log.level":"WARN","message":"[Consumer clientId=consumer-flight-service-group-2, groupId=flight-service-group] Connection to node -1 (localhost/127.0.0.1:29092) could not be established. Node may not be available.","process.thread.name":"org.springframework.kafka.KafkaListenerEndpointContainer#1-0-C-1","log.logger":"org.apache.kafka.clients.NetworkClient","service":"skyways","environment":"local","traceId":"${ctx:traceId}"}
{"@timestamp":"2026-05-16T09:15:11.384Z","ecs.version":"1.2.0","log.level":"WARN","message":"[Consumer clientId=consumer-flight-service-group-2, groupId=flight-service-group] Bootstrap broker localhost:29092 (id: -1 rack: null) disconnected","process.thread.name":"org.springframework.kafka.KafkaListenerEndpointContainer#1-0-C-1","log.logger":"org.apache.kafka.clients.NetworkClient","service":"skyways","environment":"local","traceId":"${ctx:traceId}"}
{"@timestamp":"2026-05-16T09:15:12.294Z","ecs.version":"1.2.0","log.level":"WARN","message":"[Consumer clientId=consumer-flight-service-group-1, groupId=flight-service-group] Connection to node -1 (localhost/127.0.0.1:29092) could not be established. Node may not be available.","process.thread.name":"org.springframework.kafka.KafkaListenerEndpointContainer#0-0-C-1","log.logger":"org.apache.kafka.clients.NetworkClient","service":"skyways","environment":"local","traceId":"${ctx:traceId}"}
{"@timestamp":"2026-05-16T09:15:12.294Z","ecs.version":"1.2.0","log.level":"WARN","message":"[Consumer clientId=consumer-flight-service-group-1, groupId=flight-service-group] Bootstrap broker localhost:29092 (id: -1 rack: null) disconnected","process.thread.name":"org.springframework.kafka.KafkaListenerEndpointContainer#0-0-C-1","log.logger":"org.apache.kafka.clients.NetworkClient","service":"skyways","environment":"local","traceId":"${ctx:traceId}"}
{"@timestamp":"2026-05-16T09:15:12.388Z","ecs.version":"1.2.0","log.level":"WARN","message":"[Consumer clientId=consumer-flight-service-group-2, groupId=flight-service-group] Connection to node -1 (localhost/127.0.0.1:29092) could not be established. Node may not be available.","process.thread.name":"org.springframework.kafka.KafkaListenerEndpointContainer#1-0-C-1","log.logger":"org.apache.kafka.clients.NetworkClient","service":"skyways","environment":"local","traceId":"${ctx:traceId}"}
{"@timestamp":"2026-05-16T09:15:12.388Z","ecs.version":"1.2.0","log.level":"WARN","message":"[Consumer clientId=consumer-flight-service-group-2, groupId=flight-service-group] Bootstrap broker localhost:29092 (id: -1 rack: null) disconnected","process.thread.name":"org.springframework.kafka.KafkaListenerEndpointContainer#1-0-C-1","log.logger":"org.apache.kafka.clients.NetworkClient","service":"skyways","environment":"local","traceId":"${ctx:traceId}"}
{"@timestamp":"2026-05-16T09:15:13.248Z","ecs.version":"1.2.0","log.level":"WARN","message":"[Consumer clientId=consumer-flight-service-group-1, groupId=flight-service-group] Connection to node -1 (localhost/127.0.0.1:29092) could not be established. Node may not be available.","process.thread.name":"org.springframework.kafka.KafkaListenerEndpointContainer#0-0-C-1","log.logger":"org.apache.kafka.clients.NetworkClient","service":"skyways","environment":"local","traceId":"${ctx:traceId}"}
{"@timestamp":"2026-05-16T09:15:13.248Z","ecs.version":"1.2.0","log.level":"WARN","message":"[Consumer clientId=consumer-flight-service-group-1, groupId=flight-service-group] Bootstrap broker localhost:29092 (id: -1 rack: null) disconnected","process.thread.name":"org.springframework.kafka.KafkaListenerEndpointContainer#0-0-C-1","log.logger":"org.apache.kafka.clients.NetworkClient","service":"skyways","environment":"local","traceId":"${ctx:traceId}"}
{"@timestamp":"2026-05-16T09:15:13.326Z","ecs.version":"1.2.0","log.level":"WARN","message":"[Consumer clientId=consumer-flight-service-group-2, groupId=flight-service-group] Connection to node -1 (localhost/127.0.0.1:29092) could not be established. Node may not be available.","process.thread.name":"org.springframework.kafka.KafkaListenerEndpointContainer#1-0-C-1","log.logger":"org.apache.kafka.clients.NetworkClient","service":"skyways","environment":"local","traceId":"${ctx:traceId}"}
{"@timestamp":"2026-05-16T09:15:13.327Z","ecs.version":"1.2.0","log.level":"WARN","message":"[Consumer clientId=consumer-flight-service-group-2, groupId=flight-service-group] Bootstrap broker localhost:29092 (id: -1 rack: null) disconnected","process.thread.name":"org.springframework.kafka.KafkaListenerEndpointContainer#1-0-C-1","log.logger":"org.apache.kafka.clients.NetworkClient","service":"skyways","environment":"local","traceId":"${ctx:traceId}"}
{"@timestamp":"2026-05-16T09:15:14.249Z","ecs.version":"1.2.0","log.level":"WARN","message":"[Consumer clientId=consumer-flight-service-group-1, groupId=flight-service-group] Connection to node -1 (localhost/127.0.0.1:29092) could not be established. Node may not be available.","process.thread.name":"org.springframework.kafka.KafkaListenerEndpointContainer#0-0-C-1","log.logger":"org.apache.kafka.clients.NetworkClient","service":"skyways","environment":"local","traceId":"${ctx:traceId}"}
{"@timestamp":"2026-05-16T09:15:14.249Z","ecs.version":"1.2.0","log.level":"WARN","message":"[Consumer clientId=consumer-flight-service-group-1, groupId=flight-service-group] Bootstrap broker localhost:29092 (id: -1 rack: null) disconnected","process.thread.name":"org.springframework.kafka.KafkaListenerEndpointContainer#0-0-C-1","log.logger":"org.apache.kafka.clients.NetworkClient","service":"skyways","environment":"local","traceId":"${ctx:traceId}"}
{"@timestamp":"2026-05-16T09:15:14.327Z","ecs.version":"1.2.0","log.level":"WARN","message":"[Consumer clientId=consumer-flight-service-group-2, groupId=flight-service-group] Connection to node -1 (localhost/127.0.0.1:29092) could not be established. Node may not be available.","process.thread.name":"org.springframework.kafka.KafkaListenerEndpointContainer#1-0-C-1","log.logger":"org.apache.kafka.clients.NetworkClient","service":"skyways","environment":"local","traceId":"${ctx:traceId}"}
{"@timestamp":"2026-05-16T09:15:14.327Z","ecs.version":"1.2.0","log.level":"WARN","message":"[Consumer clientId=consumer-flight-service-group-2, groupId=flight-service-group] Bootstrap broker localhost:29092 (id: -1 rack: null) disconnected","process.thread.name":"org.springframework.kafka.KafkaListenerEndpointContainer#1-0-C-1","log.logger":"org.apache.kafka.clients.NetworkClient","service":"skyways","environment":"local","traceId":"${ctx:traceId}"}
{"@timestamp":"2026-05-16T09:15:15.186Z","ecs.version":"1.2.0","log.level":"WARN","message":"[Consumer clientId=consumer-flight-service-group-1, groupId=flight-service-group] Connection to node -1 (localhost/127.0.0.1:29092) could not be established. Node may not be available.","process.thread.name":"org.springframework.kafka.KafkaListenerEndpointContainer#0-0-C-1","log.logger":"org.apache.kafka.clients.NetworkClient","service":"skyways","environment":"local","traceId":"${ctx:traceId}"}
{"@timestamp":"2026-05-16T09:15:15.186Z","ecs.version":"1.2.0","log.level":"WARN","message":"[Consumer clientId=consumer-flight-service-group-1, groupId=flight-service-group] Bootstrap broker localhost:29092 (id: -1 rack: null) disconnected","process.thread.name":"org.springframework.kafka.KafkaListenerEndpointContainer#0-0-C-1","log.logger":"org.apache.kafka.clients.NetworkClient","service":"skyways","environment":"local","traceId":"${ctx:traceId}"}
{"@timestamp":"2026-05-16T09:15:15.294Z","ecs.version":"1.2.0","log.level":"WARN","message":"[Consumer clientId=consumer-flight-service-group-2, groupId=flight-service-group] Connection to node -1 (localhost/127.0.0.1:29092) could not be established. Node may not be available.","process.thread.name":"org.springframework.kafka.KafkaListenerEndpointContainer#1-0-C-1","log.logger":"org.apache.kafka.clients.NetworkClient","service":"skyways","environment":"local","traceId":"${ctx:traceId}"}
{"@timestamp":"2026-05-16T09:15:15.294Z","ecs.version":"1.2.0","log.level":"WARN","message":"[Consumer clientId=consumer-flight-service-group-2, groupId=flight-service-group] Bootstrap broker localhost:29092 (id: -1 rack: null) disconnected","process.thread.name":"org.springframework.kafka.KafkaListenerEndpointContainer#1-0-C-1","log.logger":"org.apache.kafka.clients.NetworkClient","service":"skyways","environment":"local","traceId":"${ctx:traceId}"}
{"@timestamp":"2026-05-16T09:15:16.177Z","ecs.version":"1.2.0","log.level":"WARN","message":"[Consumer clientId=consumer-flight-service-group-2, groupId=flight-service-group] Connection to node -1 (localhost/127.0.0.1:29092) could not be established. Node may not be available.","process.thread.name":"org.springframework.kafka.KafkaListenerEndpointContainer#1-0-C-1","log.logger":"org.apache.kafka.clients.NetworkClient","service":"skyways","environment":"local","traceId":"${ctx:traceId}"}
{"@timestamp":"2026-05-16T09:15:16.177Z","ecs.version":"1.2.0","log.level":"WARN","message":"[Consumer clientId=consumer-flight-service-group-2, groupId=flight-service-group] Bootstrap broker localhost:29092 (id: -1 rack: null) disconnected","process.thread.name":"org.springframework.kafka.KafkaListenerEndpointContainer#1-0-C-1","log.logger":"org.apache.kafka.clients.NetworkClient","service":"skyways","environment":"local","traceId":"${ctx:traceId}"}
{"@timestamp":"2026-05-16T09:15:16.193Z","ecs.version":"1.2.0","log.level":"WARN","message":"[Consumer clientId=consumer-flight-service-group-1, groupId=flight-service-group] Connection to node -1 (localhost/127.0.0.1:29092) could not be established. Node may not be available.","process.thread.name":"org.springframework.kafka.KafkaListenerEndpointContainer#0-0-C-1","log.logger":"org.apache.kafka.clients.NetworkClient","service":"skyways","environment":"local","traceId":"${ctx:traceId}"}
{"@timestamp":"2026-05-16T09:15:16.193Z","ecs.version":"1.2.0","log.level":"WARN","message":"[Consumer clientId=consumer-flight-service-group-1, groupId=flight-service-group] Bootstrap broker localhost:29092 (id: -1 rack: null) disconnected","process.thread.name":"org.springframework.kafka.KafkaListenerEndpointContainer#0-0-C-1","log.logger":"org.apache.kafka.clients.NetworkClient","service":"skyways","environment":"local","traceId":"${ctx:traceId}"}
{"@timestamp":"2026-05-16T09:15:17.140Z","ecs.version":"1.2.0","log.level":"WARN","message":"[Consumer clientId=consumer-flight-service-group-1, groupId=flight-service-group] Connection to node -1 (localhost/127.0.0.1:29092) could not be established. Node may not be available.","process.thread.name":"org.springframework.kafka.KafkaListenerEndpointContainer#0-0-C-1","log.logger":"org.apache.kafka.clients.NetworkClient","service":"skyways","environment":"local","traceId":"${ctx:traceId}"}
{"@timestamp":"2026-05-16T09:15:17.141Z","ecs.version":"1.2.0","log.level":"WARN","message":"[Consumer clientId=consumer-flight-service-group-1, groupId=flight-service-group] Bootstrap broker localhost:29092 (id: -1 rack: null) disconnected","process.thread.name":"org.springframework.kafka.KafkaListenerEndpointContainer#0-0-C-1","log.logger":"org.apache.kafka.clients.NetworkClient","service":"skyways","environment":"local","traceId":"${ctx:traceId}"}
{"@timestamp":"2026-05-16T09:15:17.187Z","ecs.version":"1.2.0","log.level":"WARN","message":"[Consumer clientId=consumer-flight-service-group-2, groupId=flight-service-group] Connection to node -1 (localhost/127.0.0.1:29092) could not be established. Node may not be available.","process.thread.name":"org.springframework.kafka.KafkaListenerEndpointContainer#1-0-C-1","log.logger":"org.apache.kafka.clients.NetworkClient","service":"skyways","environment":"local","traceId":"${ctx:traceId}"}
{"@timestamp":"2026-05-16T09:15:17.187Z","ecs.version":"1.2.0","log.level":"WARN","message":"[Consumer clientId=consumer-flight-service-group-2, groupId=flight-service-group] Bootstrap broker localhost:29092 (id: -1 rack: null) disconnected","process.thread.name":"org.springframework.kafka.KafkaListenerEndpointContainer#1-0-C-1","log.logger":"org.apache.kafka.clients.NetworkClient","service":"skyways","environment":"local","traceId":"${ctx:traceId}"}
{"@timestamp":"2026-05-16T09:15:18.023Z","ecs.version":"1.2.0","log.level":"WARN","message":"[Consumer clientId=consumer-flight-service-group-1, groupId=flight-service-group] Connection to node -1 (localhost/127.0.0.1:29092) could not be established. Node may not be available.","process.thread.name":"org.springframework.kafka.KafkaListenerEndpointContainer#0-0-C-1","log.logger":"org.apache.kafka.clients.NetworkClient","service":"skyways","environment":"local","traceId":"${ctx:traceId}"}
{"@timestamp":"2026-05-16T09:15:18.023Z","ecs.version":"1.2.0","log.level":"WARN","message":"[Consumer clientId=consumer-flight-service-group-1, groupId=flight-service-group] Bootstrap broker localhost:29092 (id: -1 rack: null) disconnected","process.thread.name":"org.springframework.kafka.KafkaListenerEndpointContainer#0-0-C-1","log.logger":"org.apache.kafka.clients.NetworkClient","service":"skyways","environment":"local","traceId":"${ctx:traceId}"}
{"@timestamp":"2026-05-16T09:15:18.197Z","ecs.version":"1.2.0","log.level":"WARN","message":"[Consumer clientId=consumer-flight-service-group-2, groupId=flight-service-group] Connection to node -1 (localhost/127.0.0.1:29092) could not be established. Node may not be available.","process.thread.name":"org.springframework.kafka.KafkaListenerEndpointContainer#1-0-C-1","log.logger":"org.apache.kafka.clients.NetworkClient","service":"skyways","environment":"local","traceId":"${ctx:traceId}"}
{"@timestamp":"2026-05-16T09:15:18.197Z","ecs.version":"1.2.0","log.level":"WARN","message":"[Consumer clientId=consumer-flight-service-group-2, groupId=flight-service-group] Bootstrap broker localhost:29092 (id: -1 rack: null) disconnected","process.thread.name":"org.springframework.kafka.KafkaListenerEndpointContainer#1-0-C-1","log.logger":"org.apache.kafka.clients.NetworkClient","service":"skyways","environment":"local","traceId":"${ctx:traceId}"}
{"@timestamp":"2026-05-16T09:15:18.841Z","ecs.version":"1.2.0","log.level":"WARN","message":"[Consumer clientId=consumer-flight-service-group-1, groupId=flight-service-group] Connection to node -1 (localhost/127.0.0.1:29092) could not be established. Node may not be available.","process.thread.name":"org.springframework.kafka.KafkaListenerEndpointContainer#0-0-C-1","log.logger":"org.apache.kafka.clients.NetworkClient","service":"skyways","environment":"local","traceId":"${ctx:traceId}"}
{"@timestamp":"2026-05-16T09:15:18.842Z","ecs.version":"1.2.0","log.level":"WARN","message":"[Consumer clientId=consumer-flight-service-group-1, groupId=flight-service-group] Bootstrap broker localhost:29092 (id: -1 rack: null) disconnected","process.thread.name":"org.springframework.kafka.KafkaListenerEndpointContainer#0-0-C-1","log.logger":"org.apache.kafka.clients.NetworkClient","service":"skyways","environment":"local","traceId":"${ctx:traceId}"}
{"@timestamp":"2026-05-16T09:15:18.950Z","ecs.version":"1.2.0","log.level":"WARN","message":"Request execution failed with message: I/O error on GET request for \"http://localhost:8761/eureka/apps/\": Connect to http://localhost:8761 [localhost/127.0.0.1, localhost/0:0:0:0:0:0:0:1] failed: Connection refused: no further information","process.thread.name":"DiscoveryClient-CacheRefreshExecutor-0","log.logger":"com.netflix.discovery.shared.transport.decorator.RetryableEurekaHttpClient","service":"skyways","environment":"local","traceId":"${ctx:traceId}"}
{"@timestamp":"2026-05-16T09:15:18.957Z","ecs.version":"1.2.0","log.level":"WARN","message":"Request execution failed with message: I/O error on PUT request for \"http://localhost:8761/eureka/apps/SKYWAYS-FLIGHT-SERVICE/DESKTOP-S0AUF4J:skyways-flight-service:8082\": Connect to http://localhost:8761 [localhost/127.0.0.1, localhost/0:0:0:0:0:0:0:1] failed: Connection refused: no further information","process.thread.name":"DiscoveryClient-HeartbeatExecutor-0","log.logger":"com.netflix.discovery.shared.transport.decorator.RetryableEurekaHttpClient","service":"skyways","environment":"local","traceId":"${ctx:traceId}"}
{"@timestamp":"2026-05-16T09:15:18.958Z","ecs.version":"1.2.0","log.level":"ERROR","message":"DiscoveryClient_SKYWAYS-FLIGHT-SERVICE/DESKTOP-S0AUF4J:skyways-flight-service:8082 - was unable to send heartbeat!","process.thread.name":"DiscoveryClient-HeartbeatExecutor-0","log.logger":"com.netflix.discovery.DiscoveryClient","error.type":"com.netflix.discovery.shared.transport.TransportException","error.message":"Cannot execute request on any known server","error.stack_trace":"com.netflix.discovery.shared.transport.TransportException: Cannot execute request on any known server\r\n\tat com.netflix.discovery.shared.transport.decorator.RetryableEurekaHttpClient.execute(RetryableEurekaHttpClient.java:112)\r\n\tat com.netflix.discovery.shared.transport.decorator.EurekaHttpClientDecorator.sendHeartBeat(EurekaHttpClientDecorator.java:89)\r\n\tat com.netflix.discovery.shared.transport.decorator.EurekaHttpClientDecorator$3.execute(EurekaHttpClientDecorator.java:92)\r\n\tat com.netflix.discovery.shared.transport.decorator.SessionedEurekaHttpClient.execute(SessionedEurekaHttpClient.java:77)\r\n\tat com.netflix.discovery.shared.transport.decorator.EurekaHttpClientDecorator.sendHeartBeat(EurekaHttpClientDecorator.java:89)\r\n\tat com.netflix.discovery.DiscoveryClient.renew(DiscoveryClient.java:837)\r\n\tat com.netflix.discovery.DiscoveryClient$HeartbeatThread.run(DiscoveryClient.java:1401)\r\n\tat java.base/java.util.concurrent.Executors$RunnableAdapter.call(Executors.java:539)\r\n\tat java.base/java.util.concurrent.FutureTask.run(FutureTask.java:264)\r\n\tat java.base/java.util.concurrent.ThreadPoolExecutor.runWorker(ThreadPoolExecutor.java:1136)\r\n\tat java.base/java.util.concurrent.ThreadPoolExecutor$Worker.run(ThreadPoolExecutor.java:635)\r\n\tat java.base/java.lang.Thread.run(Thread.java:842)\r\n","service":"skyways","environment":"local","traceId":"${ctx:traceId}"}
{"@timestamp":"2026-05-16T09:15:19.077Z","ecs.version":"1.2.0","log.level":"WARN","message":"Request execution failed with message: I/O error on POST request for \"http://localhost:8761/eureka/apps/SKYWAYS-FLIGHT-SERVICE\": Connect to http://localhost:8761 [localhost/127.0.0.1, localhost/0:0:0:0:0:0:0:1] failed: Connection refused: no further information","process.thread.name":"DiscoveryClient-InstanceInfoReplicator-0","log.logger":"com.netflix.discovery.shared.transport.decorator.RetryableEurekaHttpClient","service":"skyways","environment":"local","traceId":"${ctx:traceId}"}
{"@timestamp":"2026-05-16T09:15:19.077Z","ecs.version":"1.2.0","log.level":"WARN","message":"DiscoveryClient_SKYWAYS-FLIGHT-SERVICE/DESKTOP-S0AUF4J:skyways-flight-service:8082 - registration failed Cannot execute request on any known server","process.thread.name":"DiscoveryClient-InstanceInfoReplicator-0","log.logger":"com.netflix.discovery.DiscoveryClient","error.type":"com.netflix.discovery.shared.transport.TransportException","error.message":"Cannot execute request on any known server","error.stack_trace":"com.netflix.discovery.shared.transport.TransportException: Cannot execute request on any known server\r\n\tat com.netflix.discovery.shared.transport.decorator.RetryableEurekaHttpClient.execute(RetryableEurekaHttpClient.java:112)\r\n\tat com.netflix.discovery.shared.transport.decorator.EurekaHttpClientDecorator.register(EurekaHttpClientDecorator.java:56)\r\n\tat com.netflix.discovery.shared.transport.decorator.EurekaHttpClientDecorator$1.execute(EurekaHttpClientDecorator.java:59)\r\n\tat com.netflix.discovery.shared.transport.decorator.SessionedEurekaHttpClient.execute(SessionedEurekaHttpClient.java:77)\r\n\tat com.netflix.discovery.shared.transport.decorator.EurekaHttpClientDecorator.register(EurekaHttpClientDecorator.java:56)\r\n\tat com.netflix.discovery.DiscoveryClient.register(DiscoveryClient.java:820)\r\n\tat com.netflix.discovery.InstanceInfoReplicator.run(InstanceInfoReplicator.java:121)\r\n\tat java.base/java.util.concurrent.Executors$RunnableAdapter.call(Executors.java:539)\r\n\tat java.base/java.util.concurrent.FutureTask.run(FutureTask.java:264)\r\n\tat java.base/java.util.concurrent.ScheduledThreadPoolExecutor$ScheduledFutureTask.run(ScheduledThreadPoolExecutor.java:304)\r\n\tat java.base/java.util.concurrent.ThreadPoolExecutor.runWorker(ThreadPoolExecutor.java:1136)\r\n\tat java.base/java.util.concurrent.ThreadPoolExecutor$Worker.run(ThreadPoolExecutor.java:635)\r\n\tat java.base/java.lang.Thread.run(Thread.java:842)\r\n","service":"skyways","environment":"local","traceId":"${ctx:traceId}"}
{"@timestamp":"2026-05-16T09:15:19.077Z","ecs.version":"1.2.0","log.level":"WARN","message":"There was a problem with the instance info replicator","process.thread.name":"DiscoveryClient-InstanceInfoReplicator-0","log.logger":"com.netflix.discovery.InstanceInfoReplicator","error.type":"com.netflix.discovery.shared.transport.TransportException","error.message":"Cannot execute request on any known server","error.stack_trace":"com.netflix.discovery.shared.transport.TransportException: Cannot execute request on any known server\r\n\tat com.netflix.discovery.shared.transport.decorator.RetryableEurekaHttpClient.execute(RetryableEurekaHttpClient.java:112)\r\n\tat com.netflix.discovery.shared.transport.decorator.EurekaHttpClientDecorator.register(EurekaHttpClientDecorator.java:56)\r\n\tat com.netflix.discovery.shared.transport.decorator.EurekaHttpClientDecorator$1.execute(EurekaHttpClientDecorator.java:59)\r\n\tat com.netflix.discovery.shared.transport.decorator.SessionedEurekaHttpClient.execute(SessionedEurekaHttpClient.java:77)\r\n\tat com.netflix.discovery.shared.transport.decorator.EurekaHttpClientDecorator.register(EurekaHttpClientDecorator.java:56)\r\n\tat com.netflix.discovery.DiscoveryClient.register(DiscoveryClient.java:820)\r\n\tat com.netflix.discovery.InstanceInfoReplicator.run(InstanceInfoReplicator.java:121)\r\n\tat java.base/java.util.concurrent.Executors$RunnableAdapter.call(Executors.java:539)\r\n\tat java.base/java.util.concurrent.FutureTask.run(FutureTask.java:264)\r\n\tat java.base/java.util.concurrent.ScheduledThreadPoolExecutor$ScheduledFutureTask.run(ScheduledThreadPoolExecutor.java:304)\r\n\tat java.base/java.util.concurrent.ThreadPoolExecutor.runWorker(ThreadPoolExecutor.java:1136)\r\n\tat java.base/java.util.concurrent.ThreadPoolExecutor$Worker.run(ThreadPoolExecutor.java:635)\r\n\tat java.base/java.lang.Thread.run(Thread.java:842)\r\n","service":"skyways","environment":"local","traceId":"${ctx:traceId}"}
{"@timestamp":"2026-05-16T09:15:19.187Z","ecs.version":"1.2.0","log.level":"WARN","message":"[Consumer clientId=consumer-flight-service-group-2, groupId=flight-service-group] Connection to node -1 (localhost/127.0.0.1:29092) could not be established. Node may not be available.","process.thread.name":"org.springframework.kafka.KafkaListenerEndpointContainer#1-0-C-1","log.logger":"org.apache.kafka.clients.NetworkClient","service":"skyways","environment":"local","traceId":"${ctx:traceId}"}
{"@timestamp":"2026-05-16T09:15:19.187Z","ecs.version":"1.2.0","log.level":"WARN","message":"[Consumer clientId=consumer-flight-service-group-2, groupId=flight-service-group] Bootstrap broker localhost:29092 (id: -1 rack: null) disconnected","process.thread.name":"org.springframework.kafka.KafkaListenerEndpointContainer#1-0-C-1","log.logger":"org.apache.kafka.clients.NetworkClient","service":"skyways","environment":"local","traceId":"${ctx:traceId}"}
{"@timestamp":"2026-05-16T09:15:19.784Z","ecs.version":"1.2.0","log.level":"WARN","message":"[Consumer clientId=consumer-flight-service-group-1, groupId=flight-service-group] Connection to node -1 (localhost/127.0.0.1:29092) could not be established. Node may not be available.","process.thread.name":"org.springframework.kafka.KafkaListenerEndpointContainer#0-0-C-1","log.logger":"org.apache.kafka.clients.NetworkClient","service":"skyways","environment":"local","traceId":"${ctx:traceId}"}
{"@timestamp":"2026-05-16T09:15:19.784Z","ecs.version":"1.2.0","log.level":"WARN","message":"[Consumer clientId=consumer-flight-service-group-1, groupId=flight-service-group] Bootstrap broker localhost:29092 (id: -1 rack: null) disconnected","process.thread.name":"org.springframework.kafka.KafkaListenerEndpointContainer#0-0-C-1","log.logger":"org.apache.kafka.clients.NetworkClient","service":"skyways","environment":"local","traceId":"${ctx:traceId}"}
{"@timestamp":"2026-05-16T09:15:20.178Z","ecs.version":"1.2.0","log.level":"WARN","message":"[Consumer clientId=consumer-flight-service-group-2, groupId=flight-service-group] Connection to node -1 (localhost/127.0.0.1:29092) could not be established. Node may not be available.","process.thread.name":"org.springframework.kafka.KafkaListenerEndpointContainer#1-0-C-1","log.logger":"org.apache.kafka.clients.NetworkClient","service":"skyways","environment":"local","traceId":"${ctx:traceId}"}
{"@timestamp":"2026-05-16T09:15:20.178Z","ecs.version":"1.2.0","log.level":"WARN","message":"[Consumer clientId=consumer-flight-service-group-2, groupId=flight-service-group] Bootstrap broker localhost:29092 (id: -1 rack: null) disconnected","process.thread.name":"org.springframework.kafka.KafkaListenerEndpointContainer#1-0-C-1","log.logger":"org.apache.kafka.clients.NetworkClient","service":"skyways","environment":"local","traceId":"${ctx:traceId}"}
{"@timestamp":"2026-05-16T09:15:20.823Z","ecs.version":"1.2.0","log.level":"WARN","message":"[Consumer clientId=consumer-flight-service-group-1, groupId=flight-service-group] Connection to node -1 (localhost/127.0.0.1:29092) could not be established. Node may not be available.","process.thread.name":"org.springframework.kafka.KafkaListenerEndpointContainer#0-0-C-1","log.logger":"org.apache.kafka.clients.NetworkClient","service":"skyways","environment":"local","traceId":"${ctx:traceId}"}
{"@timestamp":"2026-05-16T09:15:20.823Z","ecs.version":"1.2.0","log.level":"WARN","message":"[Consumer clientId=consumer-flight-service-group-1, groupId=flight-service-group] Bootstrap broker localhost:29092 (id: -1 rack: null) disconnected","process.thread.name":"org.springframework.kafka.KafkaListenerEndpointContainer#0-0-C-1","log.logger":"org.apache.kafka.clients.NetworkClient","service":"skyways","environment":"local","traceId":"${ctx:traceId}"}
{"@timestamp":"2026-05-16T09:15:21.187Z","ecs.version":"1.2.0","log.level":"WARN","message":"[Consumer clientId=consumer-flight-service-group-2, groupId=flight-service-group] Connection to node -1 (localhost/127.0.0.1:29092) could not be established. Node may not be available.","process.thread.name":"org.springframework.kafka.KafkaListenerEndpointContainer#1-0-C-1","log.logger":"org.apache.kafka.clients.NetworkClient","service":"skyways","environment":"local","traceId":"${ctx:traceId}"}
{"@timestamp":"2026-05-16T09:15:21.187Z","ecs.version":"1.2.0","log.level":"WARN","message":"[Consumer clientId=consumer-flight-service-group-2, groupId=flight-service-group] Bootstrap broker localhost:29092 (id: -1 rack: null) disconnected","process.thread.name":"org.springframework.kafka.KafkaListenerEndpointContainer#1-0-C-1","log.logger":"org.apache.kafka.clients.NetworkClient","service":"skyways","environment":"local","traceId":"${ctx:traceId}"}
{"@timestamp":"2026-05-16T09:15:21.831Z","ecs.version":"1.2.0","log.level":"WARN","message":"[Consumer clientId=consumer-flight-service-group-1, groupId=flight-service-group] Connection to node -1 (localhost/127.0.0.1:29092) could not be established. Node may not be available.","process.thread.name":"org.springframework.kafka.KafkaListenerEndpointContainer#0-0-C-1","log.logger":"org.apache.kafka.clients.NetworkClient","service":"skyways","environment":"local","traceId":"${ctx:traceId}"}
{"@timestamp":"2026-05-16T09:15:21.832Z","ecs.version":"1.2.0","log.level":"WARN","message":"[Consumer clientId=consumer-flight-service-group-1, groupId=flight-service-group] Bootstrap broker localhost:29092 (id: -1 rack: null) disconnected","process.thread.name":"org.springframework.kafka.KafkaListenerEndpointContainer#0-0-C-1","log.logger":"org.apache.kafka.clients.NetworkClient","service":"skyways","environment":"local","traceId":"${ctx:traceId}"}
{"@timestamp":"2026-05-16T09:15:22.189Z","ecs.version":"1.2.0","log.level":"WARN","message":"[Consumer clientId=consumer-flight-service-group-2, groupId=flight-service-group] Connection to node -1 (localhost/127.0.0.1:29092) could not be established. Node may not be available.","process.thread.name":"org.springframework.kafka.KafkaListenerEndpointContainer#1-0-C-1","log.logger":"org.apache.kafka.clients.NetworkClient","service":"skyways","environment":"local","traceId":"${ctx:traceId}"}
{"@timestamp":"2026-05-16T09:15:22.190Z","ecs.version":"1.2.0","log.level":"WARN","message":"[Consumer clientId=consumer-flight-service-group-2, groupId=flight-service-group] Bootstrap broker localhost:29092 (id: -1 rack: null) disconnected","process.thread.name":"org.springframework.kafka.KafkaListenerEndpointContainer#1-0-C-1","log.logger":"org.apache.kafka.clients.NetworkClient","service":"skyways","environment":"local","traceId":"${ctx:traceId}"}
{"@timestamp":"2026-05-16T09:15:22.706Z","ecs.version":"1.2.0","log.level":"WARN","message":"[Consumer clientId=consumer-flight-service-group-1, groupId=flight-service-group] Connection to node -1 (localhost/127.0.0.1:29092) could not be established. Node may not be available.","process.thread.name":"org.springframework.kafka.KafkaListenerEndpointContainer#0-0-C-1","log.logger":"org.apache.kafka.clients.NetworkClient","service":"skyways","environment":"local","traceId":"${ctx:traceId}"}
{"@timestamp":"2026-05-16T09:15:22.706Z","ecs.version":"1.2.0","log.level":"WARN","message":"[Consumer clientId=consumer-flight-service-group-1, groupId=flight-service-group] Bootstrap broker localhost:29092 (id: -1 rack: null) disconnected","process.thread.name":"org.springframework.kafka.KafkaListenerEndpointContainer#0-0-C-1","log.logger":"org.apache.kafka.clients.NetworkClient","service":"skyways","environment":"local","traceId":"${ctx:traceId}"}
{"@timestamp":"2026-05-16T09:15:23.065Z","ecs.version":"1.2.0","log.level":"WARN","message":"[Consumer clientId=consumer-flight-service-group-2, groupId=flight-service-group] Connection to node -1 (localhost/127.0.0.1:29092) could not be established. Node may not be available.","process.thread.name":"org.springframework.kafka.KafkaListenerEndpointContainer#1-0-C-1","log.logger":"org.apache.kafka.clients.NetworkClient","service":"skyways","environment":"local","traceId":"${ctx:traceId}"}
{"@timestamp":"2026-05-16T09:15:23.065Z","ecs.version":"1.2.0","log.level":"WARN","message":"[Consumer clientId=consumer-flight-service-group-2, groupId=flight-service-group] Bootstrap broker localhost:29092 (id: -1 rack: null) disconnected","process.thread.name":"org.springframework.kafka.KafkaListenerEndpointContainer#1-0-C-1","log.logger":"org.apache.kafka.clients.NetworkClient","service":"skyways","environment":"local","traceId":"${ctx:traceId}"}
{"@timestamp":"2026-05-16T09:15:23.725Z","ecs.version":"1.2.0","log.level":"WARN","message":"[Consumer clientId=consumer-flight-service-group-1, groupId=flight-service-group] Connection to node -1 (localhost/127.0.0.1:29092) could not be established. Node may not be available.","process.thread.name":"org.springframework.kafka.KafkaListenerEndpointContainer#0-0-C-1","log.logger":"org.apache.kafka.clients.NetworkClient","service":"skyways","environment":"local","traceId":"${ctx:traceId}"}
{"@timestamp":"2026-05-16T09:15:23.726Z","ecs.version":"1.2.0","log.level":"WARN","message":"[Consumer clientId=consumer-flight-service-group-1, groupId=flight-service-group] Bootstrap broker localhost:29092 (id: -1 rack: null) disconnected","process.thread.name":"org.springframework.kafka.KafkaListenerEndpointContainer#0-0-C-1","log.logger":"org.apache.kafka.clients.NetworkClient","service":"skyways","environment":"local","traceId":"${ctx:traceId}"}
{"@timestamp":"2026-05-16T09:15:24.073Z","ecs.version":"1.2.0","log.level":"WARN","message":"[Consumer clientId=consumer-flight-service-group-2, groupId=flight-service-group] Connection to node -1 (localhost/127.0.0.1:29092) could not be established. Node may not be available.","process.thread.name":"org.springframework.kafka.KafkaListenerEndpointContainer#1-0-C-1","log.logger":"org.apache.kafka.clients.NetworkClient","service":"skyways","environment":"local","traceId":"${ctx:traceId}"}
{"@timestamp":"2026-05-16T09:15:24.073Z","ecs.version":"1.2.0","log.level":"WARN","message":"[Consumer clientId=consumer-flight-service-group-2, groupId=flight-service-group] Bootstrap broker localhost:29092 (id: -1 rack: null) disconnected","process.thread.name":"org.springframework.kafka.KafkaListenerEndpointContainer#1-0-C-1","log.logger":"org.apache.kafka.clients.NetworkClient","service":"skyways","environment":"local","traceId":"${ctx:traceId}"}
{"@timestamp":"2026-05-16T09:15:24.735Z","ecs.version":"1.2.0","log.level":"WARN","message":"[Consumer clientId=consumer-flight-service-group-1, groupId=flight-service-group] Connection to node -1 (localhost/127.0.0.1:29092) could not be established. Node may not be available.","process.thread.name":"org.springframework.kafka.KafkaListenerEndpointContainer#0-0-C-1","log.logger":"org.apache.kafka.clients.NetworkClient","service":"skyways","environment":"local","traceId":"${ctx:traceId}"}
{"@timestamp":"2026-05-16T09:15:24.735Z","ecs.version":"1.2.0","log.level":"WARN","message":"[Consumer clientId=consumer-flight-service-group-1, groupId=flight-service-group] Bootstrap broker localhost:29092 (id: -1 rack: null) disconnected","process.thread.name":"org.springframework.kafka.KafkaListenerEndpointContainer#0-0-C-1","log.logger":"org.apache.kafka.clients.NetworkClient","service":"skyways","environment":"local","traceId":"${ctx:traceId}"}
{"@timestamp":"2026-05-16T09:15:25.065Z","ecs.version":"1.2.0","log.level":"WARN","message":"[Consumer clientId=consumer-flight-service-group-2, groupId=flight-service-group] Connection to node -1 (localhost/127.0.0.1:29092) could not be established. Node may not be available.","process.thread.name":"org.springframework.kafka.KafkaListenerEndpointContainer#1-0-C-1","log.logger":"org.apache.kafka.clients.NetworkClient","service":"skyways","environment":"local","traceId":"${ctx:traceId}"}
{"@timestamp":"2026-05-16T09:15:25.066Z","ecs.version":"1.2.0","log.level":"WARN","message":"[Consumer clientId=consumer-flight-service-group-2, groupId=flight-service-group] Bootstrap broker localhost:29092 (id: -1 rack: null) disconnected","process.thread.name":"org.springframework.kafka.KafkaListenerEndpointContainer#1-0-C-1","log.logger":"org.apache.kafka.clients.NetworkClient","service":"skyways","environment":"local","traceId":"${ctx:traceId}"}
{"@timestamp":"2026-05-16T09:15:25.678Z","ecs.version":"1.2.0","log.level":"WARN","message":"[Consumer clientId=consumer-flight-service-group-1, groupId=flight-service-group] Connection to node -1 (localhost/127.0.0.1:29092) could not be established. Node may not be available.","process.thread.name":"org.springframework.kafka.KafkaListenerEndpointContainer#0-0-C-1","log.logger":"org.apache.kafka.clients.NetworkClient","service":"skyways","environment":"local","traceId":"${ctx:traceId}"}
{"@timestamp":"2026-05-16T09:15:25.679Z","ecs.version":"1.2.0","log.level":"WARN","message":"[Consumer clientId=consumer-flight-service-group-1, groupId=flight-service-group] Bootstrap broker localhost:29092 (id: -1 rack: null) disconnected","process.thread.name":"org.springframework.kafka.KafkaListenerEndpointContainer#0-0-C-1","log.logger":"org.apache.kafka.clients.NetworkClient","service":"skyways","environment":"local","traceId":"${ctx:traceId}"}
{"@timestamp":"2026-05-16T09:15:25.962Z","ecs.version":"1.2.0","log.level":"WARN","message":"[Consumer clientId=consumer-flight-service-group-2, groupId=flight-service-group] Connection to node -1 (localhost/127.0.0.1:29092) could not be established. Node may not be available.","process.thread.name":"org.springframework.kafka.KafkaListenerEndpointContainer#1-0-C-1","log.logger":"org.apache.kafka.clients.NetworkClient","service":"skyways","environment":"local","traceId":"${ctx:traceId}"}
{"@timestamp":"2026-05-16T09:15:25.962Z","ecs.version":"1.2.0","log.level":"WARN","message":"[Consumer clientId=consumer-flight-service-group-2, groupId=flight-service-group] Bootstrap broker localhost:29092 (id: -1 rack: null) disconnected","process.thread.name":"org.springframework.kafka.KafkaListenerEndpointContainer#1-0-C-1","log.logger":"org.apache.kafka.clients.NetworkClient","service":"skyways","environment":"local","traceId":"${ctx:traceId}"}
{"@timestamp":"2026-05-16T09:15:26.687Z","ecs.version":"1.2.0","log.level":"WARN","message":"[Consumer clientId=consumer-flight-service-group-1, groupId=flight-service-group] Connection to node -1 (localhost/127.0.0.1:29092) could not be established. Node may not be available.","process.thread.name":"org.springframework.kafka.KafkaListenerEndpointContainer#0-0-C-1","log.logger":"org.apache.kafka.clients.NetworkClient","service":"skyways","environment":"local","traceId":"${ctx:traceId}"}
{"@timestamp":"2026-05-16T09:15:26.688Z","ecs.version":"1.2.0","log.level":"WARN","message":"[Consumer clientId=consumer-flight-service-group-1, groupId=flight-service-group] Bootstrap broker localhost:29092 (id: -1 rack: null) disconnected","process.thread.name":"org.springframework.kafka.KafkaListenerEndpointContainer#0-0-C-1","log.logger":"org.apache.kafka.clients.NetworkClient","service":"skyways","environment":"local","traceId":"${ctx:traceId}"}
{"@timestamp":"2026-05-16T09:15:26.782Z","ecs.version":"1.2.0","log.level":"WARN","message":"[Consumer clientId=consumer-flight-service-group-2, groupId=flight-service-group] Connection to node -1 (localhost/127.0.0.1:29092) could not be established. Node may not be available.","process.thread.name":"org.springframework.kafka.KafkaListenerEndpointContainer#1-0-C-1","log.logger":"org.apache.kafka.clients.NetworkClient","service":"skyways","environment":"local","traceId":"${ctx:traceId}"}
{"@timestamp":"2026-05-16T09:15:26.782Z","ecs.version":"1.2.0","log.level":"WARN","message":"[Consumer clientId=consumer-flight-service-group-2, groupId=flight-service-group] Bootstrap broker localhost:29092 (id: -1 rack: null) disconnected","process.thread.name":"org.springframework.kafka.KafkaListenerEndpointContainer#1-0-C-1","log.logger":"org.apache.kafka.clients.NetworkClient","service":"skyways","environment":"local","traceId":"${ctx:traceId}"}
{"@timestamp":"2026-05-16T09:15:27.696Z","ecs.version":"1.2.0","log.level":"WARN","message":"[Consumer clientId=consumer-flight-service-group-1, groupId=flight-service-group] Connection to node -1 (localhost/127.0.0.1:29092) could not be established. Node may not be available.","process.thread.name":"org.springframework.kafka.KafkaListenerEndpointContainer#0-0-C-1","log.logger":"org.apache.kafka.clients.NetworkClient","service":"skyways","environment":"local","traceId":"${ctx:traceId}"}
{"@timestamp":"2026-05-16T09:15:27.696Z","ecs.version":"1.2.0","log.level":"WARN","message":"[Consumer clientId=consumer-flight-service-group-1, groupId=flight-service-group] Bootstrap broker localhost:29092 (id: -1 rack: null) disconnected","process.thread.name":"org.springframework.kafka.KafkaListenerEndpointContainer#0-0-C-1","log.logger":"org.apache.kafka.clients.NetworkClient","service":"skyways","environment":"local","traceId":"${ctx:traceId}"}
{"@timestamp":"2026-05-16T09:15:27.728Z","ecs.version":"1.2.0","log.level":"WARN","message":"[Consumer clientId=consumer-flight-service-group-2, groupId=flight-service-group] Connection to node -1 (localhost/127.0.0.1:29092) could not be established. Node may not be available.","process.thread.name":"org.springframework.kafka.KafkaListenerEndpointContainer#1-0-C-1","log.logger":"org.apache.kafka.clients.NetworkClient","service":"skyways","environment":"local","traceId":"${ctx:traceId}"}
{"@timestamp":"2026-05-16T09:15:27.728Z","ecs.version":"1.2.0","log.level":"WARN","message":"[Consumer clientId=consumer-flight-service-group-2, groupId=flight-service-group] Bootstrap broker localhost:29092 (id: -1 rack: null) disconnected","process.thread.name":"org.springframework.kafka.KafkaListenerEndpointContainer#1-0-C-1","log.logger":"org.apache.kafka.clients.NetworkClient","service":"skyways","environment":"local","traceId":"${ctx:traceId}"}
{"@timestamp":"2026-05-16T09:15:28.612Z","ecs.version":"1.2.0","log.level":"WARN","message":"[Consumer clientId=consumer-flight-service-group-2, groupId=flight-service-group] Connection to node -1 (localhost/127.0.0.1:29092) could not be established. Node may not be available.","process.thread.name":"org.springframework.kafka.KafkaListenerEndpointContainer#1-0-C-1","log.logger":"org.apache.kafka.clients.NetworkClient","service":"skyways","environment":"local","traceId":"${ctx:traceId}"}
{"@timestamp":"2026-05-16T09:15:28.613Z","ecs.version":"1.2.0","log.level":"WARN","message":"[Consumer clientId=consumer-flight-service-group-2, groupId=flight-service-group] Bootstrap broker localhost:29092 (id: -1 rack: null) disconnected","process.thread.name":"org.springframework.kafka.KafkaListenerEndpointContainer#1-0-C-1","log.logger":"org.apache.kafka.clients.NetworkClient","service":"skyways","environment":"local","traceId":"${ctx:traceId}"}
{"@timestamp":"2026-05-16T09:15:28.707Z","ecs.version":"1.2.0","log.level":"WARN","message":"[Consumer clientId=consumer-flight-service-group-1, groupId=flight-service-group] Connection to node -1 (localhost/127.0.0.1:29092) could not be established. Node may not be available.","process.thread.name":"org.springframework.kafka.KafkaListenerEndpointContainer#0-0-C-1","log.logger":"org.apache.kafka.clients.NetworkClient","service":"skyways","environment":"local","traceId":"${ctx:traceId}"}
{"@timestamp":"2026-05-16T09:15:28.707Z","ecs.version":"1.2.0","log.level":"WARN","message":"[Consumer clientId=consumer-flight-service-group-1, groupId=flight-service-group] Bootstrap broker localhost:29092 (id: -1 rack: null) disconnected","process.thread.name":"org.springframework.kafka.KafkaListenerEndpointContainer#0-0-C-1","log.logger":"org.apache.kafka.clients.NetworkClient","service":"skyways","environment":"local","traceId":"${ctx:traceId}"}
{"@timestamp":"2026-05-16T09:15:29.560Z","ecs.version":"1.2.0","log.level":"WARN","message":"[Consumer clientId=consumer-flight-service-group-2, groupId=flight-service-group] Connection to node -1 (localhost/127.0.0.1:29092) could not be established. Node may not be available.","process.thread.name":"org.springframework.kafka.KafkaListenerEndpointContainer#1-0-C-1","log.logger":"org.apache.kafka.clients.NetworkClient","service":"skyways","environment":"local","traceId":"${ctx:traceId}"}
{"@timestamp":"2026-05-16T09:15:29.560Z","ecs.version":"1.2.0","log.level":"WARN","message":"[Consumer clientId=consumer-flight-service-group-2, groupId=flight-service-group] Bootstrap broker localhost:29092 (id: -1 rack: null) disconnected","process.thread.name":"org.springframework.kafka.KafkaListenerEndpointContainer#1-0-C-1","log.logger":"org.apache.kafka.clients.NetworkClient","service":"skyways","environment":"local","traceId":"${ctx:traceId}"}
{"@timestamp":"2026-05-16T09:15:29.717Z","ecs.version":"1.2.0","log.level":"WARN","message":"[Consumer clientId=consumer-flight-service-group-1, groupId=flight-service-group] Connection to node -1 (localhost/127.0.0.1:29092) could not be established. Node may not be available.","process.thread.name":"org.springframework.kafka.KafkaListenerEndpointContainer#0-0-C-1","log.logger":"org.apache.kafka.clients.NetworkClient","service":"skyways","environment":"local","traceId":"${ctx:traceId}"}
{"@timestamp":"2026-05-16T09:15:29.717Z","ecs.version":"1.2.0","log.level":"WARN","message":"[Consumer clientId=consumer-flight-service-group-1, groupId=flight-service-group] Bootstrap broker localhost:29092 (id: -1 rack: null) disconnected","process.thread.name":"org.springframework.kafka.KafkaListenerEndpointContainer#0-0-C-1","log.logger":"org.apache.kafka.clients.NetworkClient","service":"skyways","environment":"local","traceId":"${ctx:traceId}"}
{"@timestamp":"2026-05-16T09:15:30.618Z","ecs.version":"1.2.0","log.level":"WARN","message":"[Consumer clientId=consumer-flight-service-group-2, groupId=flight-service-group] Connection to node -1 (localhost/127.0.0.1:29092) could not be established. Node may not be available.","process.thread.name":"org.springframework.kafka.KafkaListenerEndpointContainer#1-0-C-1","log.logger":"org.apache.kafka.clients.NetworkClient","service":"skyways","environment":"local","traceId":"${ctx:traceId}"}
{"@timestamp":"2026-05-16T09:15:30.619Z","ecs.version":"1.2.0","log.level":"WARN","message":"[Consumer clientId=consumer-flight-service-group-2, groupId=flight-service-group] Bootstrap broker localhost:29092 (id: -1 rack: null) disconnected","process.thread.name":"org.springframework.kafka.KafkaListenerEndpointContainer#1-0-C-1","log.logger":"org.apache.kafka.clients.NetworkClient","service":"skyways","environment":"local","traceId":"${ctx:traceId}"}
{"@timestamp":"2026-05-16T09:15:30.744Z","ecs.version":"1.2.0","log.level":"WARN","message":"[Consumer clientId=consumer-flight-service-group-1, groupId=flight-service-group] Connection to node -1 (localhost/127.0.0.1:29092) could not be established. Node may not be available.","process.thread.name":"org.springframework.kafka.KafkaListenerEndpointContainer#0-0-C-1","log.logger":"org.apache.kafka.clients.NetworkClient","service":"skyways","environment":"local","traceId":"${ctx:traceId}"}
{"@timestamp":"2026-05-16T09:15:30.744Z","ecs.version":"1.2.0","log.level":"WARN","message":"[Consumer clientId=consumer-flight-service-group-1, groupId=flight-service-group] Bootstrap broker localhost:29092 (id: -1 rack: null) disconnected","process.thread.name":"org.springframework.kafka.KafkaListenerEndpointContainer#0-0-C-1","log.logger":"org.apache.kafka.clients.NetworkClient","service":"skyways","environment":"local","traceId":"${ctx:traceId}"}
{"@timestamp":"2026-05-16T09:15:31.626Z","ecs.version":"1.2.0","log.level":"WARN","message":"[Consumer clientId=consumer-flight-service-group-2, groupId=flight-service-group] Connection to node -1 (localhost/127.0.0.1:29092) could not be established. Node may not be available.","process.thread.name":"org.springframework.kafka.KafkaListenerEndpointContainer#1-0-C-1","log.logger":"org.apache.kafka.clients.NetworkClient","service":"skyways","environment":"local","traceId":"${ctx:traceId}"}
{"@timestamp":"2026-05-16T09:15:31.627Z","ecs.version":"1.2.0","log.level":"WARN","message":"[Consumer clientId=consumer-flight-service-group-2, groupId=flight-service-group] Bootstrap broker localhost:29092 (id: -1 rack: null) disconnected","process.thread.name":"org.springframework.kafka.KafkaListenerEndpointContainer#1-0-C-1","log.logger":"org.apache.kafka.clients.NetworkClient","service":"skyways","environment":"local","traceId":"${ctx:traceId}"}
{"@timestamp":"2026-05-16T09:15:31.736Z","ecs.version":"1.2.0","log.level":"WARN","message":"[Consumer clientId=consumer-flight-service-group-1, groupId=flight-service-group] Connection to node -1 (localhost/127.0.0.1:29092) could not be established. Node may not be available.","process.thread.name":"org.springframework.kafka.KafkaListenerEndpointContainer#0-0-C-1","log.logger":"org.apache.kafka.clients.NetworkClient","service":"skyways","environment":"local","traceId":"${ctx:traceId}"}
{"@timestamp":"2026-05-16T09:15:31.737Z","ecs.version":"1.2.0","log.level":"WARN","message":"[Consumer clientId=consumer-flight-service-group-1, groupId=flight-service-group] Bootstrap broker localhost:29092 (id: -1 rack: null) disconnected","process.thread.name":"org.springframework.kafka.KafkaListenerEndpointContainer#0-0-C-1","log.logger":"org.apache.kafka.clients.NetworkClient","service":"skyways","environment":"local","traceId":"${ctx:traceId}"}
{"@timestamp":"2026-05-16T09:15:32.640Z","ecs.version":"1.2.0","log.level":"WARN","message":"[Consumer clientId=consumer-flight-service-group-2, groupId=flight-service-group] Connection to node -1 (localhost/127.0.0.1:29092) could not be established. Node may not be available.","process.thread.name":"org.springframework.kafka.KafkaListenerEndpointContainer#1-0-C-1","log.logger":"org.apache.kafka.clients.NetworkClient","service":"skyways","environment":"local","traceId":"${ctx:traceId}"}
{"@timestamp":"2026-05-16T09:15:32.640Z","ecs.version":"1.2.0","log.level":"WARN","message":"[Consumer clientId=consumer-flight-service-group-2, groupId=flight-service-group] Bootstrap broker localhost:29092 (id: -1 rack: null) disconnected","process.thread.name":"org.springframework.kafka.KafkaListenerEndpointContainer#1-0-C-1","log.logger":"org.apache.kafka.clients.NetworkClient","service":"skyways","environment":"local","traceId":"${ctx:traceId}"}
{"@timestamp":"2026-05-16T09:15:32.750Z","ecs.version":"1.2.0","log.level":"WARN","message":"[Consumer clientId=consumer-flight-service-group-1, groupId=flight-service-group] Connection to node -1 (localhost/127.0.0.1:29092) could not be established. Node may not be available.","process.thread.name":"org.springframework.kafka.KafkaListenerEndpointContainer#0-0-C-1","log.logger":"org.apache.kafka.clients.NetworkClient","service":"skyways","environment":"local","traceId":"${ctx:traceId}"}
{"@timestamp":"2026-05-16T09:15:32.750Z","ecs.version":"1.2.0","log.level":"WARN","message":"[Consumer clientId=consumer-flight-service-group-1, groupId=flight-service-group] Bootstrap broker localhost:29092 (id: -1 rack: null) disconnected","process.thread.name":"org.springframework.kafka.KafkaListenerEndpointContainer#0-0-C-1","log.logger":"org.apache.kafka.clients.NetworkClient","service":"skyways","environment":"local","traceId":"${ctx:traceId}"}
{"@timestamp":"2026-05-16T09:15:33.704Z","ecs.version":"1.2.0","log.level":"WARN","message":"[Consumer clientId=consumer-flight-service-group-2, groupId=flight-service-group] Connection to node -1 (localhost/127.0.0.1:29092) could not be established. Node may not be available.","process.thread.name":"org.springframework.kafka.KafkaListenerEndpointContainer#1-0-C-1","log.logger":"org.apache.kafka.clients.NetworkClient","service":"skyways","environment":"local","traceId":"${ctx:traceId}"}
{"@timestamp":"2026-05-16T09:15:33.704Z","ecs.version":"1.2.0","log.level":"WARN","message":"[Consumer clientId=consumer-flight-service-group-2, groupId=flight-service-group] Bootstrap broker localhost:29092 (id: -1 rack: null) disconnected","process.thread.name":"org.springframework.kafka.KafkaListenerEndpointContainer#1-0-C-1","log.logger":"org.apache.kafka.clients.NetworkClient","service":"skyways","environment":"local","traceId":"${ctx:traceId}"}
{"@timestamp":"2026-05-16T09:15:33.752Z","ecs.version":"1.2.0","log.level":"WARN","message":"[Consumer clientId=consumer-flight-service-group-1, groupId=flight-service-group] Connection to node -1 (localhost/127.0.0.1:29092) could not be established. Node may not be available.","process.thread.name":"org.springframework.kafka.KafkaListenerEndpointContainer#0-0-C-1","log.logger":"org.apache.kafka.clients.NetworkClient","service":"skyways","environment":"local","traceId":"${ctx:traceId}"}
{"@timestamp":"2026-05-16T09:15:33.752Z","ecs.version":"1.2.0","log.level":"WARN","message":"[Consumer clientId=consumer-flight-service-group-1, groupId=flight-service-group] Bootstrap broker localhost:29092 (id: -1 rack: null) disconnected","process.thread.name":"org.springframework.kafka.KafkaListenerEndpointContainer#0-0-C-1","log.logger":"org.apache.kafka.clients.NetworkClient","service":"skyways","environment":"local","traceId":"${ctx:traceId}"}
{"@timestamp":"2026-05-16T09:15:34.695Z","ecs.version":"1.2.0","log.level":"WARN","message":"[Consumer clientId=consumer-flight-service-group-1, groupId=flight-service-group] Connection to node -1 (localhost/127.0.0.1:29092) could not be established. Node may not be available.","process.thread.name":"org.springframework.kafka.KafkaListenerEndpointContainer#0-0-C-1","log.logger":"org.apache.kafka.clients.NetworkClient","service":"skyways","environment":"local","traceId":"${ctx:traceId}"}
{"@timestamp":"2026-05-16T09:15:34.695Z","ecs.version":"1.2.0","log.level":"WARN","message":"[Consumer clientId=consumer-flight-service-group-1, groupId=flight-service-group] Bootstrap broker localhost:29092 (id: -1 rack: null) disconnected","process.thread.name":"org.springframework.kafka.KafkaListenerEndpointContainer#0-0-C-1","log.logger":"org.apache.kafka.clients.NetworkClient","service":"skyways","environment":"local","traceId":"${ctx:traceId}"}
{"@timestamp":"2026-05-16T09:15:34.711Z","ecs.version":"1.2.0","log.level":"WARN","message":"[Consumer clientId=consumer-flight-service-group-2, groupId=flight-service-group] Connection to node -1 (localhost/127.0.0.1:29092) could not be established. Node may not be available.","process.thread.name":"org.springframework.kafka.KafkaListenerEndpointContainer#1-0-C-1","log.logger":"org.apache.kafka.clients.NetworkClient","service":"skyways","environment":"local","traceId":"${ctx:traceId}"}
{"@timestamp":"2026-05-16T09:15:34.711Z","ecs.version":"1.2.0","log.level":"WARN","message":"[Consumer clientId=consumer-flight-service-group-2, groupId=flight-service-group] Bootstrap broker localhost:29092 (id: -1 rack: null) disconnected","process.thread.name":"org.springframework.kafka.KafkaListenerEndpointContainer#1-0-C-1","log.logger":"org.apache.kafka.clients.NetworkClient","service":"skyways","environment":"local","traceId":"${ctx:traceId}"}
{"@timestamp":"2026-05-16T09:15:35.607Z","ecs.version":"1.2.0","log.level":"WARN","message":"[Consumer clientId=consumer-flight-service-group-2, groupId=flight-service-group] Connection to node -1 (localhost/127.0.0.1:29092) could not be established. Node may not be available.","process.thread.name":"org.springframework.kafka.KafkaListenerEndpointContainer#1-0-C-1","log.logger":"org.apache.kafka.clients.NetworkClient","service":"skyways","environment":"local","traceId":"${ctx:traceId}"}
{"@timestamp":"2026-05-16T09:15:35.607Z","ecs.version":"1.2.0","log.level":"WARN","message":"[Consumer clientId=consumer-flight-service-group-2, groupId=flight-service-group] Bootstrap broker localhost:29092 (id: -1 rack: null) disconnected","process.thread.name":"org.springframework.kafka.KafkaListenerEndpointContainer#1-0-C-1","log.logger":"org.apache.kafka.clients.NetworkClient","service":"skyways","environment":"local","traceId":"${ctx:traceId}"}
{"@timestamp":"2026-05-16T09:15:35.703Z","ecs.version":"1.2.0","log.level":"WARN","message":"[Consumer clientId=consumer-flight-service-group-1, groupId=flight-service-group] Connection to node -1 (localhost/127.0.0.1:29092) could not be established. Node may not be available.","process.thread.name":"org.springframework.kafka.KafkaListenerEndpointContainer#0-0-C-1","log.logger":"org.apache.kafka.clients.NetworkClient","service":"skyways","environment":"local","traceId":"${ctx:traceId}"}
{"@timestamp":"2026-05-16T09:15:35.703Z","ecs.version":"1.2.0","log.level":"WARN","message":"[Consumer clientId=consumer-flight-service-group-1, groupId=flight-service-group] Bootstrap broker localhost:29092 (id: -1 rack: null) disconnected","process.thread.name":"org.springframework.kafka.KafkaListenerEndpointContainer#0-0-C-1","log.logger":"org.apache.kafka.clients.NetworkClient","service":"skyways","environment":"local","traceId":"${ctx:traceId}"}
{"@timestamp":"2026-05-16T09:15:36.619Z","ecs.version":"1.2.0","log.level":"WARN","message":"[Consumer clientId=consumer-flight-service-group-2, groupId=flight-service-group] Connection to node -1 (localhost/127.0.0.1:29092) could not be established. Node may not be available.","process.thread.name":"org.springframework.kafka.KafkaListenerEndpointContainer#1-0-C-1","log.logger":"org.apache.kafka.clients.NetworkClient","service":"skyways","environment":"local","traceId":"${ctx:traceId}"}
{"@timestamp":"2026-05-16T09:15:36.619Z","ecs.version":"1.2.0","log.level":"WARN","message":"[Consumer clientId=consumer-flight-service-group-2, groupId=flight-service-group] Bootstrap broker localhost:29092 (id: -1 rack: null) disconnected","process.thread.name":"org.springframework.kafka.KafkaListenerEndpointContainer#1-0-C-1","log.logger":"org.apache.kafka.clients.NetworkClient","service":"skyways","environment":"local","traceId":"${ctx:traceId}"}
{"@timestamp":"2026-05-16T09:15:36.650Z","ecs.version":"1.2.0","log.level":"WARN","message":"[Consumer clientId=consumer-flight-service-group-1, groupId=flight-service-group] Connection to node -1 (localhost/127.0.0.1:29092) could not be established. Node may not be available.","process.thread.name":"org.springframework.kafka.KafkaListenerEndpointContainer#0-0-C-1","log.logger":"org.apache.kafka.clients.NetworkClient","service":"skyways","environment":"local","traceId":"${ctx:traceId}"}
{"@timestamp":"2026-05-16T09:15:36.651Z","ecs.version":"1.2.0","log.level":"WARN","message":"[Consumer clientId=consumer-flight-service-group-1, groupId=flight-service-group] Bootstrap broker localhost:29092 (id: -1 rack: null) disconnected","process.thread.name":"org.springframework.kafka.KafkaListenerEndpointContainer#0-0-C-1","log.logger":"org.apache.kafka.clients.NetworkClient","service":"skyways","environment":"local","traceId":"${ctx:traceId}"}
{"@timestamp":"2026-05-16T09:15:37.629Z","ecs.version":"1.2.0","log.level":"WARN","message":"[Consumer clientId=consumer-flight-service-group-2, groupId=flight-service-group] Connection to node -1 (localhost/127.0.0.1:29092) could not be established. Node may not be available.","process.thread.name":"org.springframework.kafka.KafkaListenerEndpointContainer#1-0-C-1","log.logger":"org.apache.kafka.clients.NetworkClient","service":"skyways","environment":"local","traceId":"${ctx:traceId}"}
{"@timestamp":"2026-05-16T09:15:37.629Z","ecs.version":"1.2.0","log.level":"WARN","message":"[Consumer clientId=consumer-flight-service-group-2, groupId=flight-service-group] Bootstrap broker localhost:29092 (id: -1 rack: null) disconnected","process.thread.name":"org.springframework.kafka.KafkaListenerEndpointContainer#1-0-C-1","log.logger":"org.apache.kafka.clients.NetworkClient","service":"skyways","environment":"local","traceId":"${ctx:traceId}"}
{"@timestamp":"2026-05-16T09:15:37.661Z","ecs.version":"1.2.0","log.level":"WARN","message":"[Consumer clientId=consumer-flight-service-group-1, groupId=flight-service-group] Connection to node -1 (localhost/127.0.0.1:29092) could not be established. Node may not be available.","process.thread.name":"org.springframework.kafka.KafkaListenerEndpointContainer#0-0-C-1","log.logger":"org.apache.kafka.clients.NetworkClient","service":"skyways","environment":"local","traceId":"${ctx:traceId}"}
{"@timestamp":"2026-05-16T09:15:37.661Z","ecs.version":"1.2.0","log.level":"WARN","message":"[Consumer clientId=consumer-flight-service-group-1, groupId=flight-service-group] Bootstrap broker localhost:29092 (id: -1 rack: null) disconnected","process.thread.name":"org.springframework.kafka.KafkaListenerEndpointContainer#0-0-C-1","log.logger":"org.apache.kafka.clients.NetworkClient","service":"skyways","environment":"local","traceId":"${ctx:traceId}"}
{"@timestamp":"2026-05-16T09:15:38.573Z","ecs.version":"1.2.0","log.level":"WARN","message":"[Consumer clientId=consumer-flight-service-group-2, groupId=flight-service-group] Connection to node -1 (localhost/127.0.0.1:29092) could not be established. Node may not be available.","process.thread.name":"org.springframework.kafka.KafkaListenerEndpointContainer#1-0-C-1","log.logger":"org.apache.kafka.clients.NetworkClient","service":"skyways","environment":"local","traceId":"${ctx:traceId}"}
{"@timestamp":"2026-05-16T09:15:38.573Z","ecs.version":"1.2.0","log.level":"WARN","message":"[Consumer clientId=consumer-flight-service-group-2, groupId=flight-service-group] Bootstrap broker localhost:29092 (id: -1 rack: null) disconnected","process.thread.name":"org.springframework.kafka.KafkaListenerEndpointContainer#1-0-C-1","log.logger":"org.apache.kafka.clients.NetworkClient","service":"skyways","environment":"local","traceId":"${ctx:traceId}"}
{"@timestamp":"2026-05-16T09:15:38.669Z","ecs.version":"1.2.0","log.level":"WARN","message":"[Consumer clientId=consumer-flight-service-group-1, groupId=flight-service-group] Connection to node -1 (localhost/127.0.0.1:29092) could not be established. Node may not be available.","process.thread.name":"org.springframework.kafka.KafkaListenerEndpointContainer#0-0-C-1","log.logger":"org.apache.kafka.clients.NetworkClient","service":"skyways","environment":"local","traceId":"${ctx:traceId}"}
{"@timestamp":"2026-05-16T09:15:38.670Z","ecs.version":"1.2.0","log.level":"WARN","message":"[Consumer clientId=consumer-flight-service-group-1, groupId=flight-service-group] Bootstrap broker localhost:29092 (id: -1 rack: null) disconnected","process.thread.name":"org.springframework.kafka.KafkaListenerEndpointContainer#0-0-C-1","log.logger":"org.apache.kafka.clients.NetworkClient","service":"skyways","environment":"local","traceId":"${ctx:traceId}"}
{"@timestamp":"2026-05-16T09:15:39.488Z","ecs.version":"1.2.0","log.level":"WARN","message":"[Consumer clientId=consumer-flight-service-group-2, groupId=flight-service-group] Connection to node -1 (localhost/127.0.0.1:29092) could not be established. Node may not be available.","process.thread.name":"org.springframework.kafka.KafkaListenerEndpointContainer#1-0-C-1","log.logger":"org.apache.kafka.clients.NetworkClient","service":"skyways","environment":"local","traceId":"${ctx:traceId}"}
{"@timestamp":"2026-05-16T09:15:39.488Z","ecs.version":"1.2.0","log.level":"WARN","message":"[Consumer clientId=consumer-flight-service-group-2, groupId=flight-service-group] Bootstrap broker localhost:29092 (id: -1 rack: null) disconnected","process.thread.name":"org.springframework.kafka.KafkaListenerEndpointContainer#1-0-C-1","log.logger":"org.apache.kafka.clients.NetworkClient","service":"skyways","environment":"local","traceId":"${ctx:traceId}"}
{"@timestamp":"2026-05-16T09:15:39.677Z","ecs.version":"1.2.0","log.level":"WARN","message":"[Consumer clientId=consumer-flight-service-group-1, groupId=flight-service-group] Connection to node -1 (localhost/127.0.0.1:29092) could not be established. Node may not be available.","process.thread.name":"org.springframework.kafka.KafkaListenerEndpointContainer#0-0-C-1","log.logger":"org.apache.kafka.clients.NetworkClient","service":"skyways","environment":"local","traceId":"${ctx:traceId}"}
{"@timestamp":"2026-05-16T09:15:39.677Z","ecs.version":"1.2.0","log.level":"WARN","message":"[Consumer clientId=consumer-flight-service-group-1, groupId=flight-service-group] Bootstrap broker localhost:29092 (id: -1 rack: null) disconnected","process.thread.name":"org.springframework.kafka.KafkaListenerEndpointContainer#0-0-C-1","log.logger":"org.apache.kafka.clients.NetworkClient","service":"skyways","environment":"local","traceId":"${ctx:traceId}"}
{"@timestamp":"2026-05-16T09:15:40.399Z","ecs.version":"1.2.0","log.level":"WARN","message":"[Consumer clientId=consumer-flight-service-group-2, groupId=flight-service-group] Connection to node -1 (localhost/127.0.0.1:29092) could not be established. Node may not be available.","process.thread.name":"org.springframework.kafka.KafkaListenerEndpointContainer#1-0-C-1","log.logger":"org.apache.kafka.clients.NetworkClient","service":"skyways","environment":"local","traceId":"${ctx:traceId}"}
{"@timestamp":"2026-05-16T09:15:40.399Z","ecs.version":"1.2.0","log.level":"WARN","message":"[Consumer clientId=consumer-flight-service-group-2, groupId=flight-service-group] Bootstrap broker localhost:29092 (id: -1 rack: null) disconnected","process.thread.name":"org.springframework.kafka.KafkaListenerEndpointContainer#1-0-C-1","log.logger":"org.apache.kafka.clients.NetworkClient","service":"skyways","environment":"local","traceId":"${ctx:traceId}"}
{"@timestamp":"2026-05-16T09:15:40.555Z","ecs.version":"1.2.0","log.level":"WARN","message":"[Consumer clientId=consumer-flight-service-group-1, groupId=flight-service-group] Connection to node -1 (localhost/127.0.0.1:29092) could not be established. Node may not be available.","process.thread.name":"org.springframework.kafka.KafkaListenerEndpointContainer#0-0-C-1","log.logger":"org.apache.kafka.clients.NetworkClient","service":"skyways","environment":"local","traceId":"${ctx:traceId}"}
{"@timestamp":"2026-05-16T09:15:40.556Z","ecs.version":"1.2.0","log.level":"WARN","message":"[Consumer clientId=consumer-flight-service-group-1, groupId=flight-service-group] Bootstrap broker localhost:29092 (id: -1 rack: null) disconnected","process.thread.name":"org.springframework.kafka.KafkaListenerEndpointContainer#0-0-C-1","log.logger":"org.apache.kafka.clients.NetworkClient","service":"skyways","environment":"local","traceId":"${ctx:traceId}"}
{"@timestamp":"2026-05-16T09:15:41.404Z","ecs.version":"1.2.0","log.level":"WARN","message":"[Consumer clientId=consumer-flight-service-group-2, groupId=flight-service-group] Connection to node -1 (localhost/127.0.0.1:29092) could not be established. Node may not be available.","process.thread.name":"org.springframework.kafka.KafkaListenerEndpointContainer#1-0-C-1","log.logger":"org.apache.kafka.clients.NetworkClient","service":"skyways","environment":"local","traceId":"${ctx:traceId}"}
{"@timestamp":"2026-05-16T09:15:41.404Z","ecs.version":"1.2.0","log.level":"WARN","message":"[Consumer clientId=consumer-flight-service-group-2, groupId=flight-service-group] Bootstrap broker localhost:29092 (id: -1 rack: null) disconnected","process.thread.name":"org.springframework.kafka.KafkaListenerEndpointContainer#1-0-C-1","log.logger":"org.apache.kafka.clients.NetworkClient","service":"skyways","environment":"local","traceId":"${ctx:traceId}"}
{"@timestamp":"2026-05-16T09:15:41.561Z","ecs.version":"1.2.0","log.level":"WARN","message":"[Consumer clientId=consumer-flight-service-group-1, groupId=flight-service-group] Connection to node -1 (localhost/127.0.0.1:29092) could not be established. Node may not be available.","process.thread.name":"org.springframework.kafka.KafkaListenerEndpointContainer#0-0-C-1","log.logger":"org.apache.kafka.clients.NetworkClient","service":"skyways","environment":"local","traceId":"${ctx:traceId}"}
{"@timestamp":"2026-05-16T09:15:41.561Z","ecs.version":"1.2.0","log.level":"WARN","message":"[Consumer clientId=consumer-flight-service-group-1, groupId=flight-service-group] Bootstrap broker localhost:29092 (id: -1 rack: null) disconnected","process.thread.name":"org.springframework.kafka.KafkaListenerEndpointContainer#0-0-C-1","log.logger":"org.apache.kafka.clients.NetworkClient","service":"skyways","environment":"local","traceId":"${ctx:traceId}"}
{"@timestamp":"2026-05-16T09:15:42.415Z","ecs.version":"1.2.0","log.level":"WARN","message":"[Consumer clientId=consumer-flight-service-group-2, groupId=flight-service-group] Connection to node -1 (localhost/127.0.0.1:29092) could not be established. Node may not be available.","process.thread.name":"org.springframework.kafka.KafkaListenerEndpointContainer#1-0-C-1","log.logger":"org.apache.kafka.clients.NetworkClient","service":"skyways","environment":"local","traceId":"${ctx:traceId}"}
{"@timestamp":"2026-05-16T09:15:42.415Z","ecs.version":"1.2.0","log.level":"WARN","message":"[Consumer clientId=consumer-flight-service-group-2, groupId=flight-service-group] Bootstrap broker localhost:29092 (id: -1 rack: null) disconnected","process.thread.name":"org.springframework.kafka.KafkaListenerEndpointContainer#1-0-C-1","log.logger":"org.apache.kafka.clients.NetworkClient","service":"skyways","environment":"local","traceId":"${ctx:traceId}"}
{"@timestamp":"2026-05-16T09:15:42.445Z","ecs.version":"1.2.0","log.level":"WARN","message":"[Consumer clientId=consumer-flight-service-group-1, groupId=flight-service-group] Connection to node -1 (localhost/127.0.0.1:29092) could not be established. Node may not be available.","process.thread.name":"org.springframework.kafka.KafkaListenerEndpointContainer#0-0-C-1","log.logger":"org.apache.kafka.clients.NetworkClient","service":"skyways","environment":"local","traceId":"${ctx:traceId}"}
{"@timestamp":"2026-05-16T09:15:42.446Z","ecs.version":"1.2.0","log.level":"WARN","message":"[Consumer clientId=consumer-flight-service-group-1, groupId=flight-service-group] Bootstrap broker localhost:29092 (id: -1 rack: null) disconnected","process.thread.name":"org.springframework.kafka.KafkaListenerEndpointContainer#0-0-C-1","log.logger":"org.apache.kafka.clients.NetworkClient","service":"skyways","environment":"local","traceId":"${ctx:traceId}"}
{"@timestamp":"2026-05-16T09:15:43.427Z","ecs.version":"1.2.0","log.level":"WARN","message":"[Consumer clientId=consumer-flight-service-group-2, groupId=flight-service-group] Connection to node -1 (localhost/127.0.0.1:29092) could not be established. Node may not be available.","process.thread.name":"org.springframework.kafka.KafkaListenerEndpointContainer#1-0-C-1","log.logger":"org.apache.kafka.clients.NetworkClient","service":"skyways","environment":"local","traceId":"${ctx:traceId}"}
{"@timestamp":"2026-05-16T09:15:43.428Z","ecs.version":"1.2.0","log.level":"WARN","message":"[Consumer clientId=consumer-flight-service-group-2, groupId=flight-service-group] Bootstrap broker localhost:29092 (id: -1 rack: null) disconnected","process.thread.name":"org.springframework.kafka.KafkaListenerEndpointContainer#1-0-C-1","log.logger":"org.apache.kafka.clients.NetworkClient","service":"skyways","environment":"local","traceId":"${ctx:traceId}"}
{"@timestamp":"2026-05-16T09:15:43.458Z","ecs.version":"1.2.0","log.level":"WARN","message":"[Consumer clientId=consumer-flight-service-group-1, groupId=flight-service-group] Connection to node -1 (localhost/127.0.0.1:29092) could not be established. Node may not be available.","process.thread.name":"org.springframework.kafka.KafkaListenerEndpointContainer#0-0-C-1","log.logger":"org.apache.kafka.clients.NetworkClient","service":"skyways","environment":"local","traceId":"${ctx:traceId}"}
{"@timestamp":"2026-05-16T09:15:43.458Z","ecs.version":"1.2.0","log.level":"WARN","message":"[Consumer clientId=consumer-flight-service-group-1, groupId=flight-service-group] Bootstrap broker localhost:29092 (id: -1 rack: null) disconnected","process.thread.name":"org.springframework.kafka.KafkaListenerEndpointContainer#0-0-C-1","log.logger":"org.apache.kafka.clients.NetworkClient","service":"skyways","environment":"local","traceId":"${ctx:traceId}"}
{"@timestamp":"2026-05-16T09:15:44.375Z","ecs.version":"1.2.0","log.level":"WARN","message":"[Consumer clientId=consumer-flight-service-group-2, groupId=flight-service-group] Connection to node -1 (localhost/127.0.0.1:29092) could not be established. Node may not be available.","process.thread.name":"org.springframework.kafka.KafkaListenerEndpointContainer#1-0-C-1","log.logger":"org.apache.kafka.clients.NetworkClient","service":"skyways","environment":"local","traceId":"${ctx:traceId}"}
{"@timestamp":"2026-05-16T09:15:44.375Z","ecs.version":"1.2.0","log.level":"WARN","message":"[Consumer clientId=consumer-flight-service-group-2, groupId=flight-service-group] Bootstrap broker localhost:29092 (id: -1 rack: null) disconnected","process.thread.name":"org.springframework.kafka.KafkaListenerEndpointContainer#1-0-C-1","log.logger":"org.apache.kafka.clients.NetworkClient","service":"skyways","environment":"local","traceId":"${ctx:traceId}"}
{"@timestamp":"2026-05-16T09:15:44.453Z","ecs.version":"1.2.0","log.level":"WARN","message":"[Consumer clientId=consumer-flight-service-group-1, groupId=flight-service-group] Connection to node -1 (localhost/127.0.0.1:29092) could not be established. Node may not be available.","process.thread.name":"org.springframework.kafka.KafkaListenerEndpointContainer#0-0-C-1","log.logger":"org.apache.kafka.clients.NetworkClient","service":"skyways","environment":"local","traceId":"${ctx:traceId}"}
{"@timestamp":"2026-05-16T09:15:44.453Z","ecs.version":"1.2.0","log.level":"WARN","message":"[Consumer clientId=consumer-flight-service-group-1, groupId=flight-service-group] Bootstrap broker localhost:29092 (id: -1 rack: null) disconnected","process.thread.name":"org.springframework.kafka.KafkaListenerEndpointContainer#0-0-C-1","log.logger":"org.apache.kafka.clients.NetworkClient","service":"skyways","environment":"local","traceId":"${ctx:traceId}"}
{"@timestamp":"2026-05-16T09:15:45.385Z","ecs.version":"1.2.0","log.level":"WARN","message":"[Consumer clientId=consumer-flight-service-group-1, groupId=flight-service-group] Connection to node -1 (localhost/127.0.0.1:29092) could not be established. Node may not be available.","process.thread.name":"org.springframework.kafka.KafkaListenerEndpointContainer#0-0-C-1","log.logger":"org.apache.kafka.clients.NetworkClient","service":"skyways","environment":"local","traceId":"${ctx:traceId}"}
{"@timestamp":"2026-05-16T09:15:45.385Z","ecs.version":"1.2.0","log.level":"WARN","message":"[Consumer clientId=consumer-flight-service-group-2, groupId=flight-service-group] Connection to node -1 (localhost/127.0.0.1:29092) could not be established. Node may not be available.","process.thread.name":"org.springframework.kafka.KafkaListenerEndpointContainer#1-0-C-1","log.logger":"org.apache.kafka.clients.NetworkClient","service":"skyways","environment":"local","traceId":"${ctx:traceId}"}
{"@timestamp":"2026-05-16T09:15:45.385Z","ecs.version":"1.2.0","log.level":"WARN","message":"[Consumer clientId=consumer-flight-service-group-2, groupId=flight-service-group] Bootstrap broker localhost:29092 (id: -1 rack: null) disconnected","process.thread.name":"org.springframework.kafka.KafkaListenerEndpointContainer#1-0-C-1","log.logger":"org.apache.kafka.clients.NetworkClient","service":"skyways","environment":"local","traceId":"${ctx:traceId}"}
{"@timestamp":"2026-05-16T09:15:45.385Z","ecs.version":"1.2.0","log.level":"WARN","message":"[Consumer clientId=consumer-flight-service-group-1, groupId=flight-service-group] Bootstrap broker localhost:29092 (id: -1 rack: null) disconnected","process.thread.name":"org.springframework.kafka.KafkaListenerEndpointContainer#0-0-C-1","log.logger":"org.apache.kafka.clients.NetworkClient","service":"skyways","environment":"local","traceId":"${ctx:traceId}"}
{"@timestamp":"2026-05-16T09:15:46.396Z","ecs.version":"1.2.0","log.level":"WARN","message":"[Consumer clientId=consumer-flight-service-group-2, groupId=flight-service-group] Connection to node -1 (localhost/127.0.0.1:29092) could not be established. Node may not be available.","process.thread.name":"org.springframework.kafka.KafkaListenerEndpointContainer#1-0-C-1","log.logger":"org.apache.kafka.clients.NetworkClient","service":"skyways","environment":"local","traceId":"${ctx:traceId}"}
{"@timestamp":"2026-05-16T09:15:46.396Z","ecs.version":"1.2.0","log.level":"WARN","message":"[Consumer clientId=consumer-flight-service-group-1, groupId=flight-service-group] Connection to node -1 (localhost/127.0.0.1:29092) could not be established. Node may not be available.","process.thread.name":"org.springframework.kafka.KafkaListenerEndpointContainer#0-0-C-1","log.logger":"org.apache.kafka.clients.NetworkClient","service":"skyways","environment":"local","traceId":"${ctx:traceId}"}
{"@timestamp":"2026-05-16T09:15:46.397Z","ecs.version":"1.2.0","log.level":"WARN","message":"[Consumer clientId=consumer-flight-service-group-2, groupId=flight-service-group] Bootstrap broker localhost:29092 (id: -1 rack: null) disconnected","process.thread.name":"org.springframework.kafka.KafkaListenerEndpointContainer#1-0-C-1","log.logger":"org.apache.kafka.clients.NetworkClient","service":"skyways","environment":"local","traceId":"${ctx:traceId}"}
{"@timestamp":"2026-05-16T09:15:46.397Z","ecs.version":"1.2.0","log.level":"WARN","message":"[Consumer clientId=consumer-flight-service-group-1, groupId=flight-service-group] Bootstrap broker localhost:29092 (id: -1 rack: null) disconnected","process.thread.name":"org.springframework.kafka.KafkaListenerEndpointContainer#0-0-C-1","log.logger":"org.apache.kafka.clients.NetworkClient","service":"skyways","environment":"local","traceId":"${ctx:traceId}"}
{"@timestamp":"2026-05-16T09:15:47.343Z","ecs.version":"1.2.0","log.level":"WARN","message":"[Consumer clientId=consumer-flight-service-group-2, groupId=flight-service-group] Connection to node -1 (localhost/127.0.0.1:29092) could not be established. Node may not be available.","process.thread.name":"org.springframework.kafka.KafkaListenerEndpointContainer#1-0-C-1","log.logger":"org.apache.kafka.clients.NetworkClient","service":"skyways","environment":"local","traceId":"${ctx:traceId}"}
{"@timestamp":"2026-05-16T09:15:47.343Z","ecs.version":"1.2.0","log.level":"WARN","message":"[Consumer clientId=consumer-flight-service-group-1, groupId=flight-service-group] Connection to node -1 (localhost/127.0.0.1:29092) could not be established. Node may not be available.","process.thread.name":"org.springframework.kafka.KafkaListenerEndpointContainer#0-0-C-1","log.logger":"org.apache.kafka.clients.NetworkClient","service":"skyways","environment":"local","traceId":"${ctx:traceId}"}
{"@timestamp":"2026-05-16T09:15:47.343Z","ecs.version":"1.2.0","log.level":"WARN","message":"[Consumer clientId=consumer-flight-service-group-2, groupId=flight-service-group] Bootstrap broker localhost:29092 (id: -1 rack: null) disconnected","process.thread.name":"org.springframework.kafka.KafkaListenerEndpointContainer#1-0-C-1","log.logger":"org.apache.kafka.clients.NetworkClient","service":"skyways","environment":"local","traceId":"${ctx:traceId}"}
{"@timestamp":"2026-05-16T09:15:47.343Z","ecs.version":"1.2.0","log.level":"WARN","message":"[Consumer clientId=consumer-flight-service-group-1, groupId=flight-service-group] Bootstrap broker localhost:29092 (id: -1 rack: null) disconnected","process.thread.name":"org.springframework.kafka.KafkaListenerEndpointContainer#0-0-C-1","log.logger":"org.apache.kafka.clients.NetworkClient","service":"skyways","environment":"local","traceId":"${ctx:traceId}"}
{"@timestamp":"2026-05-16T09:15:48.356Z","ecs.version":"1.2.0","log.level":"WARN","message":"[Consumer clientId=consumer-flight-service-group-1, groupId=flight-service-group] Connection to node -1 (localhost/127.0.0.1:29092) could not be established. Node may not be available.","process.thread.name":"org.springframework.kafka.KafkaListenerEndpointContainer#0-0-C-1","log.logger":"org.apache.kafka.clients.NetworkClient","service":"skyways","environment":"local","traceId":"${ctx:traceId}"}
{"@timestamp":"2026-05-16T09:15:48.356Z","ecs.version":"1.2.0","log.level":"WARN","message":"[Consumer clientId=consumer-flight-service-group-2, groupId=flight-service-group] Connection to node -1 (localhost/127.0.0.1:29092) could not be established. Node may not be available.","process.thread.name":"org.springframework.kafka.KafkaListenerEndpointContainer#1-0-C-1","log.logger":"org.apache.kafka.clients.NetworkClient","service":"skyways","environment":"local","traceId":"${ctx:traceId}"}
{"@timestamp":"2026-05-16T09:15:48.356Z","ecs.version":"1.2.0","log.level":"WARN","message":"[Consumer clientId=consumer-flight-service-group-1, groupId=flight-service-group] Bootstrap broker localhost:29092 (id: -1 rack: null) disconnected","process.thread.name":"org.springframework.kafka.KafkaListenerEndpointContainer#0-0-C-1","log.logger":"org.apache.kafka.clients.NetworkClient","service":"skyways","environment":"local","traceId":"${ctx:traceId}"}
{"@timestamp":"2026-05-16T09:15:48.356Z","ecs.version":"1.2.0","log.level":"WARN","message":"[Consumer clientId=consumer-flight-service-group-2, groupId=flight-service-group] Bootstrap broker localhost:29092 (id: -1 rack: null) disconnected","process.thread.name":"org.springframework.kafka.KafkaListenerEndpointContainer#1-0-C-1","log.logger":"org.apache.kafka.clients.NetworkClient","service":"skyways","environment":"local","traceId":"${ctx:traceId}"}
{"@timestamp":"2026-05-16T09:15:49.000Z","ecs.version":"1.2.0","log.level":"WARN","message":"Request execution failed with message: I/O error on GET request for \"http://localhost:8761/eureka/apps/\": Connect to http://localhost:8761 [localhost/127.0.0.1, localhost/0:0:0:0:0:0:0:1] failed: Connection refused: no further information","process.thread.name":"DiscoveryClient-CacheRefreshExecutor-0","log.logger":"com.netflix.discovery.shared.transport.decorator.RetryableEurekaHttpClient","service":"skyways","environment":"local","traceId":"${ctx:traceId}"}
{"@timestamp":"2026-05-16T09:15:49.000Z","ecs.version":"1.2.0","log.level":"WARN","message":"Request execution failed with message: I/O error on PUT request for \"http://localhost:8761/eureka/apps/SKYWAYS-FLIGHT-SERVICE/DESKTOP-S0AUF4J:skyways-flight-service:8082\": Connect to http://localhost:8761 [localhost/127.0.0.1, localhost/0:0:0:0:0:0:0:1] failed: Connection refused: no further information","process.thread.name":"DiscoveryClient-HeartbeatExecutor-0","log.logger":"com.netflix.discovery.shared.transport.decorator.RetryableEurekaHttpClient","service":"skyways","environment":"local","traceId":"${ctx:traceId}"}
{"@timestamp":"2026-05-16T09:15:49.000Z","ecs.version":"1.2.0","log.level":"ERROR","message":"DiscoveryClient_SKYWAYS-FLIGHT-SERVICE/DESKTOP-S0AUF4J:skyways-flight-service:8082 - was unable to send heartbeat!","process.thread.name":"DiscoveryClient-HeartbeatExecutor-0","log.logger":"com.netflix.discovery.DiscoveryClient","error.type":"com.netflix.discovery.shared.transport.TransportException","error.message":"Cannot execute request on any known server","error.stack_trace":"com.netflix.discovery.shared.transport.TransportException: Cannot execute request on any known server\r\n\tat com.netflix.discovery.shared.transport.decorator.RetryableEurekaHttpClient.execute(RetryableEurekaHttpClient.java:112)\r\n\tat com.netflix.discovery.shared.transport.decorator.EurekaHttpClientDecorator.sendHeartBeat(EurekaHttpClientDecorator.java:89)\r\n\tat com.netflix.discovery.shared.transport.decorator.EurekaHttpClientDecorator$3.execute(EurekaHttpClientDecorator.java:92)\r\n\tat com.netflix.discovery.shared.transport.decorator.SessionedEurekaHttpClient.execute(SessionedEurekaHttpClient.java:77)\r\n\tat com.netflix.discovery.shared.transport.decorator.EurekaHttpClientDecorator.sendHeartBeat(EurekaHttpClientDecorator.java:89)\r\n\tat com.netflix.discovery.DiscoveryClient.renew(DiscoveryClient.java:837)\r\n\tat com.netflix.discovery.DiscoveryClient$HeartbeatThread.run(DiscoveryClient.java:1401)\r\n\tat java.base/java.util.concurrent.Executors$RunnableAdapter.call(Executors.java:539)\r\n\tat java.base/java.util.concurrent.FutureTask.run(FutureTask.java:264)\r\n\tat java.base/java.util.concurrent.ThreadPoolExecutor.runWorker(ThreadPoolExecutor.java:1136)\r\n\tat java.base/java.util.concurrent.ThreadPoolExecutor$Worker.run(ThreadPoolExecutor.java:635)\r\n\tat java.base/java.lang.Thread.run(Thread.java:842)\r\n","service":"skyways","environment":"local","traceId":"${ctx:traceId}"}
{"@timestamp":"2026-05-16T09:15:49.126Z","ecs.version":"1.2.0","log.level":"WARN","message":"Request execution failed with message: I/O error on POST request for \"http://localhost:8761/eureka/apps/SKYWAYS-FLIGHT-SERVICE\": Connect to http://localhost:8761 [localhost/127.0.0.1, localhost/0:0:0:0:0:0:0:1] failed: Connection refused: no further information","process.thread.name":"DiscoveryClient-InstanceInfoReplicator-0","log.logger":"com.netflix.discovery.shared.transport.decorator.RetryableEurekaHttpClient","service":"skyways","environment":"local","traceId":"${ctx:traceId}"}
{"@timestamp":"2026-05-16T09:15:49.126Z","ecs.version":"1.2.0","log.level":"WARN","message":"DiscoveryClient_SKYWAYS-FLIGHT-SERVICE/DESKTOP-S0AUF4J:skyways-flight-service:8082 - registration failed Cannot execute request on any known server","process.thread.name":"DiscoveryClient-InstanceInfoReplicator-0","log.logger":"com.netflix.discovery.DiscoveryClient","error.type":"com.netflix.discovery.shared.transport.TransportException","error.message":"Cannot execute request on any known server","error.stack_trace":"com.netflix.discovery.shared.transport.TransportException: Cannot execute request on any known server\r\n\tat com.netflix.discovery.shared.transport.decorator.RetryableEurekaHttpClient.execute(RetryableEurekaHttpClient.java:112)\r\n\tat com.netflix.discovery.shared.transport.decorator.EurekaHttpClientDecorator.register(EurekaHttpClientDecorator.java:56)\r\n\tat com.netflix.discovery.shared.transport.decorator.EurekaHttpClientDecorator$1.execute(EurekaHttpClientDecorator.java:59)\r\n\tat com.netflix.discovery.shared.transport.decorator.SessionedEurekaHttpClient.execute(SessionedEurekaHttpClient.java:77)\r\n\tat com.netflix.discovery.shared.transport.decorator.EurekaHttpClientDecorator.register(EurekaHttpClientDecorator.java:56)\r\n\tat com.netflix.discovery.DiscoveryClient.register(DiscoveryClient.java:820)\r\n\tat com.netflix.discovery.InstanceInfoReplicator.run(InstanceInfoReplicator.java:121)\r\n\tat java.base/java.util.concurrent.Executors$RunnableAdapter.call(Executors.java:539)\r\n\tat java.base/java.util.concurrent.FutureTask.run(FutureTask.java:264)\r\n\tat java.base/java.util.concurrent.ScheduledThreadPoolExecutor$ScheduledFutureTask.run(ScheduledThreadPoolExecutor.java:304)\r\n\tat java.base/java.util.concurrent.ThreadPoolExecutor.runWorker(ThreadPoolExecutor.java:1136)\r\n\tat java.base/java.util.concurrent.ThreadPoolExecutor$Worker.run(ThreadPoolExecutor.java:635)\r\n\tat java.base/java.lang.Thread.run(Thread.java:842)\r\n","service":"skyways","environment":"local","traceId":"${ctx:traceId}"}
{"@timestamp":"2026-05-16T09:15:49.126Z","ecs.version":"1.2.0","log.level":"WARN","message":"There was a problem with the instance info replicator","process.thread.name":"DiscoveryClient-InstanceInfoReplicator-0","log.logger":"com.netflix.discovery.InstanceInfoReplicator","error.type":"com.netflix.discovery.shared.transport.TransportException","error.message":"Cannot execute request on any known server","error.stack_trace":"com.netflix.discovery.shared.transport.TransportException: Cannot execute request on any known server\r\n\tat com.netflix.discovery.shared.transport.decorator.RetryableEurekaHttpClient.execute(RetryableEurekaHttpClient.java:112)\r\n\tat com.netflix.discovery.shared.transport.decorator.EurekaHttpClientDecorator.register(EurekaHttpClientDecorator.java:56)\r\n\tat com.netflix.discovery.shared.transport.decorator.EurekaHttpClientDecorator$1.execute(EurekaHttpClientDecorator.java:59)\r\n\tat com.netflix.discovery.shared.transport.decorator.SessionedEurekaHttpClient.execute(SessionedEurekaHttpClient.java:77)\r\n\tat com.netflix.discovery.shared.transport.decorator.EurekaHttpClientDecorator.register(EurekaHttpClientDecorator.java:56)\r\n\tat com.netflix.discovery.DiscoveryClient.register(DiscoveryClient.java:820)\r\n\tat com.netflix.discovery.InstanceInfoReplicator.run(InstanceInfoReplicator.java:121)\r\n\tat java.base/java.util.concurrent.Executors$RunnableAdapter.call(Executors.java:539)\r\n\tat java.base/java.util.concurrent.FutureTask.run(FutureTask.java:264)\r\n\tat java.base/java.util.concurrent.ScheduledThreadPoolExecutor$ScheduledFutureTask.run(ScheduledThreadPoolExecutor.java:304)\r\n\tat java.base/java.util.concurrent.ThreadPoolExecutor.runWorker(ThreadPoolExecutor.java:1136)\r\n\tat java.base/java.util.concurrent.ThreadPoolExecutor$Worker.run(ThreadPoolExecutor.java:635)\r\n\tat java.base/java.lang.Thread.run(Thread.java:842)\r\n","service":"skyways","environment":"local","traceId":"${ctx:traceId}"}
{"@timestamp":"2026-05-16T09:15:49.360Z","ecs.version":"1.2.0","log.level":"WARN","message":"[Consumer clientId=consumer-flight-service-group-2, groupId=flight-service-group] Connection to node -1 (localhost/127.0.0.1:29092) could not be established. Node may not be available.","process.thread.name":"org.springframework.kafka.KafkaListenerEndpointContainer#1-0-C-1","log.logger":"org.apache.kafka.clients.NetworkClient","service":"skyways","environment":"local","traceId":"${ctx:traceId}"}
{"@timestamp":"2026-05-16T09:15:49.360Z","ecs.version":"1.2.0","log.level":"WARN","message":"[Consumer clientId=consumer-flight-service-group-1, groupId=flight-service-group] Connection to node -1 (localhost/127.0.0.1:29092) could not be established. Node may not be available.","process.thread.name":"org.springframework.kafka.KafkaListenerEndpointContainer#0-0-C-1","log.logger":"org.apache.kafka.clients.NetworkClient","service":"skyways","environment":"local","traceId":"${ctx:traceId}"}
{"@timestamp":"2026-05-16T09:15:49.360Z","ecs.version":"1.2.0","log.level":"WARN","message":"[Consumer clientId=consumer-flight-service-group-2, groupId=flight-service-group] Bootstrap broker localhost:29092 (id: -1 rack: null) disconnected","process.thread.name":"org.springframework.kafka.KafkaListenerEndpointContainer#1-0-C-1","log.logger":"org.apache.kafka.clients.NetworkClient","service":"skyways","environment":"local","traceId":"${ctx:traceId}"}
{"@timestamp":"2026-05-16T09:15:49.361Z","ecs.version":"1.2.0","log.level":"WARN","message":"[Consumer clientId=consumer-flight-service-group-1, groupId=flight-service-group] Bootstrap broker localhost:29092 (id: -1 rack: null) disconnected","process.thread.name":"org.springframework.kafka.KafkaListenerEndpointContainer#0-0-C-1","log.logger":"org.apache.kafka.clients.NetworkClient","service":"skyways","environment":"local","traceId":"${ctx:traceId}"}
{"@timestamp":"2026-05-16T09:15:50.196Z","ecs.version":"1.2.0","log.level":"WARN","message":"[Consumer clientId=consumer-flight-service-group-1, groupId=flight-service-group] Connection to node -1 (localhost/127.0.0.1:29092) could not be established. Node may not be available.","process.thread.name":"org.springframework.kafka.KafkaListenerEndpointContainer#0-0-C-1","log.logger":"org.apache.kafka.clients.NetworkClient","service":"skyways","environment":"local","traceId":"${ctx:traceId}"}
{"@timestamp":"2026-05-16T09:15:50.196Z","ecs.version":"1.2.0","log.level":"WARN","message":"[Consumer clientId=consumer-flight-service-group-1, groupId=flight-service-group] Bootstrap broker localhost:29092 (id: -1 rack: null) disconnected","process.thread.name":"org.springframework.kafka.KafkaListenerEndpointContainer#0-0-C-1","log.logger":"org.apache.kafka.clients.NetworkClient","service":"skyways","environment":"local","traceId":"${ctx:traceId}"}
{"@timestamp":"2026-05-16T09:15:50.367Z","ecs.version":"1.2.0","log.level":"WARN","message":"[Consumer clientId=consumer-flight-service-group-2, groupId=flight-service-group] Connection to node -1 (localhost/127.0.0.1:29092) could not be established. Node may not be available.","process.thread.name":"org.springframework.kafka.KafkaListenerEndpointContainer#1-0-C-1","log.logger":"org.apache.kafka.clients.NetworkClient","service":"skyways","environment":"local","traceId":"${ctx:traceId}"}
{"@timestamp":"2026-05-16T09:15:50.367Z","ecs.version":"1.2.0","log.level":"WARN","message":"[Consumer clientId=consumer-flight-service-group-2, groupId=flight-service-group] Bootstrap broker localhost:29092 (id: -1 rack: null) disconnected","process.thread.name":"org.springframework.kafka.KafkaListenerEndpointContainer#1-0-C-1","log.logger":"org.apache.kafka.clients.NetworkClient","service":"skyways","environment":"local","traceId":"${ctx:traceId}"}
{"@timestamp":"2026-05-16T09:15:51.199Z","ecs.version":"1.2.0","log.level":"WARN","message":"[Consumer clientId=consumer-flight-service-group-1, groupId=flight-service-group] Connection to node -1 (localhost/127.0.0.1:29092) could not be established. Node may not be available.","process.thread.name":"org.springframework.kafka.KafkaListenerEndpointContainer#0-0-C-1","log.logger":"org.apache.kafka.clients.NetworkClient","service":"skyways","environment":"local","traceId":"${ctx:traceId}"}
{"@timestamp":"2026-05-16T09:15:51.200Z","ecs.version":"1.2.0","log.level":"WARN","message":"[Consumer clientId=consumer-flight-service-group-1, groupId=flight-service-group] Bootstrap broker localhost:29092 (id: -1 rack: null) disconnected","process.thread.name":"org.springframework.kafka.KafkaListenerEndpointContainer#0-0-C-1","log.logger":"org.apache.kafka.clients.NetworkClient","service":"skyways","environment":"local","traceId":"${ctx:traceId}"}
{"@timestamp":"2026-05-16T09:15:51.248Z","ecs.version":"1.2.0","log.level":"WARN","message":"[Consumer clientId=consumer-flight-service-group-2, groupId=flight-service-group] Connection to node -1 (localhost/127.0.0.1:29092) could not be established. Node may not be available.","process.thread.name":"org.springframework.kafka.KafkaListenerEndpointContainer#1-0-C-1","log.logger":"org.apache.kafka.clients.NetworkClient","service":"skyways","environment":"local","traceId":"${ctx:traceId}"}
{"@timestamp":"2026-05-16T09:15:51.249Z","ecs.version":"1.2.0","log.level":"WARN","message":"[Consumer clientId=consumer-flight-service-group-2, groupId=flight-service-group] Bootstrap broker localhost:29092 (id: -1 rack: null) disconnected","process.thread.name":"org.springframework.kafka.KafkaListenerEndpointContainer#1-0-C-1","log.logger":"org.apache.kafka.clients.NetworkClient","service":"skyways","environment":"local","traceId":"${ctx:traceId}"}
{"@timestamp":"2026-05-16T09:15:52.136Z","ecs.version":"1.2.0","log.level":"WARN","message":"[Consumer clientId=consumer-flight-service-group-2, groupId=flight-service-group] Connection to node -1 (localhost/127.0.0.1:29092) could not be established. Node may not be available.","process.thread.name":"org.springframework.kafka.KafkaListenerEndpointContainer#1-0-C-1","log.logger":"org.apache.kafka.clients.NetworkClient","service":"skyways","environment":"local","traceId":"${ctx:traceId}"}
{"@timestamp":"2026-05-16T09:15:52.136Z","ecs.version":"1.2.0","log.level":"WARN","message":"[Consumer clientId=consumer-flight-service-group-2, groupId=flight-service-group] Bootstrap broker localhost:29092 (id: -1 rack: null) disconnected","process.thread.name":"org.springframework.kafka.KafkaListenerEndpointContainer#1-0-C-1","log.logger":"org.apache.kafka.clients.NetworkClient","service":"skyways","environment":"local","traceId":"${ctx:traceId}"}
{"@timestamp":"2026-05-16T09:15:52.215Z","ecs.version":"1.2.0","log.level":"WARN","message":"[Consumer clientId=consumer-flight-service-group-1, groupId=flight-service-group] Connection to node -1 (localhost/127.0.0.1:29092) could not be established. Node may not be available.","process.thread.name":"org.springframework.kafka.KafkaListenerEndpointContainer#0-0-C-1","log.logger":"org.apache.kafka.clients.NetworkClient","service":"skyways","environment":"local","traceId":"${ctx:traceId}"}
{"@timestamp":"2026-05-16T09:15:52.215Z","ecs.version":"1.2.0","log.level":"WARN","message":"[Consumer clientId=consumer-flight-service-group-1, groupId=flight-service-group] Bootstrap broker localhost:29092 (id: -1 rack: null) disconnected","process.thread.name":"org.springframework.kafka.KafkaListenerEndpointContainer#0-0-C-1","log.logger":"org.apache.kafka.clients.NetworkClient","service":"skyways","environment":"local","traceId":"${ctx:traceId}"}
{"@timestamp":"2026-05-16T09:15:53.024Z","ecs.version":"1.2.0","log.level":"WARN","message":"[Consumer clientId=consumer-flight-service-group-2, groupId=flight-service-group] Connection to node -1 (localhost/127.0.0.1:29092) could not be established. Node may not be available.","process.thread.name":"org.springframework.kafka.KafkaListenerEndpointContainer#1-0-C-1","log.logger":"org.apache.kafka.clients.NetworkClient","service":"skyways","environment":"local","traceId":"${ctx:traceId}"}
{"@timestamp":"2026-05-16T09:15:53.024Z","ecs.version":"1.2.0","log.level":"WARN","message":"[Consumer clientId=consumer-flight-service-group-2, groupId=flight-service-group] Bootstrap broker localhost:29092 (id: -1 rack: null) disconnected","process.thread.name":"org.springframework.kafka.KafkaListenerEndpointContainer#1-0-C-1","log.logger":"org.apache.kafka.clients.NetworkClient","service":"skyways","environment":"local","traceId":"${ctx:traceId}"}
{"@timestamp":"2026-05-16T09:15:53.245Z","ecs.version":"1.2.0","log.level":"WARN","message":"[Consumer clientId=consumer-flight-service-group-1, groupId=flight-service-group] Connection to node -1 (localhost/127.0.0.1:29092) could not be established. Node may not be available.","process.thread.name":"org.springframework.kafka.KafkaListenerEndpointContainer#0-0-C-1","log.logger":"org.apache.kafka.clients.NetworkClient","service":"skyways","environment":"local","traceId":"${ctx:traceId}"}
{"@timestamp":"2026-05-16T09:15:53.245Z","ecs.version":"1.2.0","log.level":"WARN","message":"[Consumer clientId=consumer-flight-service-group-1, groupId=flight-service-group] Bootstrap broker localhost:29092 (id: -1 rack: null) disconnected","process.thread.name":"org.springframework.kafka.KafkaListenerEndpointContainer#0-0-C-1","log.logger":"org.apache.kafka.clients.NetworkClient","service":"skyways","environment":"local","traceId":"${ctx:traceId}"}
{"@timestamp":"2026-05-16T09:15:54.033Z","ecs.version":"1.2.0","log.level":"WARN","message":"[Consumer clientId=consumer-flight-service-group-2, groupId=flight-service-group] Connection to node -1 (localhost/127.0.0.1:29092) could not be established. Node may not be available.","process.thread.name":"org.springframework.kafka.KafkaListenerEndpointContainer#1-0-C-1","log.logger":"org.apache.kafka.clients.NetworkClient","service":"skyways","environment":"local","traceId":"${ctx:traceId}"}
{"@timestamp":"2026-05-16T09:15:54.033Z","ecs.version":"1.2.0","log.level":"WARN","message":"[Consumer clientId=consumer-flight-service-group-2, groupId=flight-service-group] Bootstrap broker localhost:29092 (id: -1 rack: null) disconnected","process.thread.name":"org.springframework.kafka.KafkaListenerEndpointContainer#1-0-C-1","log.logger":"org.apache.kafka.clients.NetworkClient","service":"skyways","environment":"local","traceId":"${ctx:traceId}"}
{"@timestamp":"2026-05-16T09:15:54.190Z","ecs.version":"1.2.0","log.level":"WARN","message":"[Consumer clientId=consumer-flight-service-group-1, groupId=flight-service-group] Connection to node -1 (localhost/127.0.0.1:29092) could not be established. Node may not be available.","process.thread.name":"org.springframework.kafka.KafkaListenerEndpointContainer#0-0-C-1","log.logger":"org.apache.kafka.clients.NetworkClient","service":"skyways","environment":"local","traceId":"${ctx:traceId}"}
{"@timestamp":"2026-05-16T09:15:54.190Z","ecs.version":"1.2.0","log.level":"WARN","message":"[Consumer clientId=consumer-flight-service-group-1, groupId=flight-service-group] Bootstrap broker localhost:29092 (id: -1 rack: null) disconnected","process.thread.name":"org.springframework.kafka.KafkaListenerEndpointContainer#0-0-C-1","log.logger":"org.apache.kafka.clients.NetworkClient","service":"skyways","environment":"local","traceId":"${ctx:traceId}"}
{"@timestamp":"2026-05-16T09:15:55.037Z","ecs.version":"1.2.0","log.level":"WARN","message":"[Consumer clientId=consumer-flight-service-group-2, groupId=flight-service-group] Connection to node -1 (localhost/127.0.0.1:29092) could not be established. Node may not be available.","process.thread.name":"org.springframework.kafka.KafkaListenerEndpointContainer#1-0-C-1","log.logger":"org.apache.kafka.clients.NetworkClient","service":"skyways","environment":"local","traceId":"${ctx:traceId}"}
{"@timestamp":"2026-05-16T09:15:55.037Z","ecs.version":"1.2.0","log.level":"WARN","message":"[Consumer clientId=consumer-flight-service-group-2, groupId=flight-service-group] Bootstrap broker localhost:29092 (id: -1 rack: null) disconnected","process.thread.name":"org.springframework.kafka.KafkaListenerEndpointContainer#1-0-C-1","log.logger":"org.apache.kafka.clients.NetworkClient","service":"skyways","environment":"local","traceId":"${ctx:traceId}"}
{"@timestamp":"2026-05-16T09:15:55.193Z","ecs.version":"1.2.0","log.level":"WARN","message":"[Consumer clientId=consumer-flight-service-group-1, groupId=flight-service-group] Connection to node -1 (localhost/127.0.0.1:29092) could not be established. Node may not be available.","process.thread.name":"org.springframework.kafka.KafkaListenerEndpointContainer#0-0-C-1","log.logger":"org.apache.kafka.clients.NetworkClient","service":"skyways","environment":"local","traceId":"${ctx:traceId}"}
{"@timestamp":"2026-05-16T09:15:55.193Z","ecs.version":"1.2.0","log.level":"WARN","message":"[Consumer clientId=consumer-flight-service-group-1, groupId=flight-service-group] Bootstrap broker localhost:29092 (id: -1 rack: null) disconnected","process.thread.name":"org.springframework.kafka.KafkaListenerEndpointContainer#0-0-C-1","log.logger":"org.apache.kafka.clients.NetworkClient","service":"skyways","environment":"local","traceId":"${ctx:traceId}"}
{"@timestamp":"2026-05-16T09:15:56.044Z","ecs.version":"1.2.0","log.level":"WARN","message":"[Consumer clientId=consumer-flight-service-group-2, groupId=flight-service-group] Connection to node -1 (localhost/127.0.0.1:29092) could not be established. Node may not be available.","process.thread.name":"org.springframework.kafka.KafkaListenerEndpointContainer#1-0-C-1","log.logger":"org.apache.kafka.clients.NetworkClient","service":"skyways","environment":"local","traceId":"${ctx:traceId}"}
{"@timestamp":"2026-05-16T09:15:56.044Z","ecs.version":"1.2.0","log.level":"WARN","message":"[Consumer clientId=consumer-flight-service-group-2, groupId=flight-service-group] Bootstrap broker localhost:29092 (id: -1 rack: null) disconnected","process.thread.name":"org.springframework.kafka.KafkaListenerEndpointContainer#1-0-C-1","log.logger":"org.apache.kafka.clients.NetworkClient","service":"skyways","environment":"local","traceId":"${ctx:traceId}"}
{"@timestamp":"2026-05-16T09:15:56.199Z","ecs.version":"1.2.0","log.level":"WARN","message":"[Consumer clientId=consumer-flight-service-group-1, groupId=flight-service-group] Connection to node -1 (localhost/127.0.0.1:29092) could not be established. Node may not be available.","process.thread.name":"org.springframework.kafka.KafkaListenerEndpointContainer#0-0-C-1","log.logger":"org.apache.kafka.clients.NetworkClient","service":"skyways","environment":"local","traceId":"${ctx:traceId}"}
{"@timestamp":"2026-05-16T09:15:56.199Z","ecs.version":"1.2.0","log.level":"WARN","message":"[Consumer clientId=consumer-flight-service-group-1, groupId=flight-service-group] Bootstrap broker localhost:29092 (id: -1 rack: null) disconnected","process.thread.name":"org.springframework.kafka.KafkaListenerEndpointContainer#0-0-C-1","log.logger":"org.apache.kafka.clients.NetworkClient","service":"skyways","environment":"local","traceId":"${ctx:traceId}"}
{"@timestamp":"2026-05-16T09:15:57.050Z","ecs.version":"1.2.0","log.level":"WARN","message":"[Consumer clientId=consumer-flight-service-group-2, groupId=flight-service-group] Connection to node -1 (localhost/127.0.0.1:29092) could not be established. Node may not be available.","process.thread.name":"org.springframework.kafka.KafkaListenerEndpointContainer#1-0-C-1","log.logger":"org.apache.kafka.clients.NetworkClient","service":"skyways","environment":"local","traceId":"${ctx:traceId}"}
{"@timestamp":"2026-05-16T09:15:57.050Z","ecs.version":"1.2.0","log.level":"WARN","message":"[Consumer clientId=consumer-flight-service-group-2, groupId=flight-service-group] Bootstrap broker localhost:29092 (id: -1 rack: null) disconnected","process.thread.name":"org.springframework.kafka.KafkaListenerEndpointContainer#1-0-C-1","log.logger":"org.apache.kafka.clients.NetworkClient","service":"skyways","environment":"local","traceId":"${ctx:traceId}"}
{"@timestamp":"2026-05-16T09:15:57.080Z","ecs.version":"1.2.0","log.level":"WARN","message":"[Consumer clientId=consumer-flight-service-group-1, groupId=flight-service-group] Connection to node -1 (localhost/127.0.0.1:29092) could not be established. Node may not be available.","process.thread.name":"org.springframework.kafka.KafkaListenerEndpointContainer#0-0-C-1","log.logger":"org.apache.kafka.clients.NetworkClient","service":"skyways","environment":"local","traceId":"${ctx:traceId}"}
{"@timestamp":"2026-05-16T09:15:57.080Z","ecs.version":"1.2.0","log.level":"WARN","message":"[Consumer clientId=consumer-flight-service-group-1, groupId=flight-service-group] Bootstrap broker localhost:29092 (id: -1 rack: null) disconnected","process.thread.name":"org.springframework.kafka.KafkaListenerEndpointContainer#0-0-C-1","log.logger":"org.apache.kafka.clients.NetworkClient","service":"skyways","environment":"local","traceId":"${ctx:traceId}"}
{"@timestamp":"2026-05-16T09:15:57.926Z","ecs.version":"1.2.0","log.level":"WARN","message":"[Consumer clientId=consumer-flight-service-group-2, groupId=flight-service-group] Connection to node -1 (localhost/127.0.0.1:29092) could not be established. Node may not be available.","process.thread.name":"org.springframework.kafka.KafkaListenerEndpointContainer#1-0-C-1","log.logger":"org.apache.kafka.clients.NetworkClient","service":"skyways","environment":"local","traceId":"${ctx:traceId}"}
{"@timestamp":"2026-05-16T09:15:57.927Z","ecs.version":"1.2.0","log.level":"WARN","message":"[Consumer clientId=consumer-flight-service-group-2, groupId=flight-service-group] Bootstrap broker localhost:29092 (id: -1 rack: null) disconnected","process.thread.name":"org.springframework.kafka.KafkaListenerEndpointContainer#1-0-C-1","log.logger":"org.apache.kafka.clients.NetworkClient","service":"skyways","environment":"local","traceId":"${ctx:traceId}"}
{"@timestamp":"2026-05-16T09:15:58.084Z","ecs.version":"1.2.0","log.level":"WARN","message":"[Consumer clientId=consumer-flight-service-group-1, groupId=flight-service-group] Connection to node -1 (localhost/127.0.0.1:29092) could not be established. Node may not be available.","process.thread.name":"org.springframework.kafka.KafkaListenerEndpointContainer#0-0-C-1","log.logger":"org.apache.kafka.clients.NetworkClient","service":"skyways","environment":"local","traceId":"${ctx:traceId}"}
{"@timestamp":"2026-05-16T09:15:58.084Z","ecs.version":"1.2.0","log.level":"WARN","message":"[Consumer clientId=consumer-flight-service-group-1, groupId=flight-service-group] Bootstrap broker localhost:29092 (id: -1 rack: null) disconnected","process.thread.name":"org.springframework.kafka.KafkaListenerEndpointContainer#0-0-C-1","log.logger":"org.apache.kafka.clients.NetworkClient","service":"skyways","environment":"local","traceId":"${ctx:traceId}"}
{"@timestamp":"2026-05-16T09:15:58.870Z","ecs.version":"1.2.0","log.level":"WARN","message":"[Consumer clientId=consumer-flight-service-group-2, groupId=flight-service-group] Connection to node -1 (localhost/127.0.0.1:29092) could not be established. Node may not be available.","process.thread.name":"org.springframework.kafka.KafkaListenerEndpointContainer#1-0-C-1","log.logger":"org.apache.kafka.clients.NetworkClient","service":"skyways","environment":"local","traceId":"${ctx:traceId}"}
{"@timestamp":"2026-05-16T09:15:58.870Z","ecs.version":"1.2.0","log.level":"WARN","message":"[Consumer clientId=consumer-flight-service-group-2, groupId=flight-service-group] Bootstrap broker localhost:29092 (id: -1 rack: null) disconnected","process.thread.name":"org.springframework.kafka.KafkaListenerEndpointContainer#1-0-C-1","log.logger":"org.apache.kafka.clients.NetworkClient","service":"skyways","environment":"local","traceId":"${ctx:traceId}"}
{"@timestamp":"2026-05-16T09:15:59.089Z","ecs.version":"1.2.0","log.level":"WARN","message":"[Consumer clientId=consumer-flight-service-group-1, groupId=flight-service-group] Connection to node -1 (localhost/127.0.0.1:29092) could not be established. Node may not be available.","process.thread.name":"org.springframework.kafka.KafkaListenerEndpointContainer#0-0-C-1","log.logger":"org.apache.kafka.clients.NetworkClient","service":"skyways","environment":"local","traceId":"${ctx:traceId}"}
{"@timestamp":"2026-05-16T09:15:59.089Z","ecs.version":"1.2.0","log.level":"WARN","message":"[Consumer clientId=consumer-flight-service-group-1, groupId=flight-service-group] Bootstrap broker localhost:29092 (id: -1 rack: null) disconnected","process.thread.name":"org.springframework.kafka.KafkaListenerEndpointContainer#0-0-C-1","log.logger":"org.apache.kafka.clients.NetworkClient","service":"skyways","environment":"local","traceId":"${ctx:traceId}"}
{"@timestamp":"2026-05-16T09:15:59.875Z","ecs.version":"1.2.0","log.level":"WARN","message":"[Consumer clientId=consumer-flight-service-group-2, groupId=flight-service-group] Connection to node -1 (localhost/127.0.0.1:29092) could not be established. Node may not be available.","process.thread.name":"org.springframework.kafka.KafkaListenerEndpointContainer#1-0-C-1","log.logger":"org.apache.kafka.clients.NetworkClient","service":"skyways","environment":"local","traceId":"${ctx:traceId}"}
{"@timestamp":"2026-05-16T09:15:59.876Z","ecs.version":"1.2.0","log.level":"WARN","message":"[Consumer clientId=consumer-flight-service-group-2, groupId=flight-service-group] Bootstrap broker localhost:29092 (id: -1 rack: null) disconnected","process.thread.name":"org.springframework.kafka.KafkaListenerEndpointContainer#1-0-C-1","log.logger":"org.apache.kafka.clients.NetworkClient","service":"skyways","environment":"local","traceId":"${ctx:traceId}"}
{"@timestamp":"2026-05-16T09:16:00.093Z","ecs.version":"1.2.0","log.level":"WARN","message":"[Consumer clientId=consumer-flight-service-group-1, groupId=flight-service-group] Connection to node -1 (localhost/127.0.0.1:29092) could not be established. Node may not be available.","process.thread.name":"org.springframework.kafka.KafkaListenerEndpointContainer#0-0-C-1","log.logger":"org.apache.kafka.clients.NetworkClient","service":"skyways","environment":"local","traceId":"${ctx:traceId}"}
{"@timestamp":"2026-05-16T09:16:00.093Z","ecs.version":"1.2.0","log.level":"WARN","message":"[Consumer clientId=consumer-flight-service-group-1, groupId=flight-service-group] Bootstrap broker localhost:29092 (id: -1 rack: null) disconnected","process.thread.name":"org.springframework.kafka.KafkaListenerEndpointContainer#0-0-C-1","log.logger":"org.apache.kafka.clients.NetworkClient","service":"skyways","environment":"local","traceId":"${ctx:traceId}"}
{"@timestamp":"2026-05-16T09:16:00.890Z","ecs.version":"1.2.0","log.level":"WARN","message":"[Consumer clientId=consumer-flight-service-group-2, groupId=flight-service-group] Connection to node -1 (localhost/127.0.0.1:29092) could not be established. Node may not be available.","process.thread.name":"org.springframework.kafka.KafkaListenerEndpointContainer#1-0-C-1","log.logger":"org.apache.kafka.clients.NetworkClient","service":"skyways","environment":"local","traceId":"${ctx:traceId}"}
{"@timestamp":"2026-05-16T09:16:00.890Z","ecs.version":"1.2.0","log.level":"WARN","message":"[Consumer clientId=consumer-flight-service-group-2, groupId=flight-service-group] Bootstrap broker localhost:29092 (id: -1 rack: null) disconnected","process.thread.name":"org.springframework.kafka.KafkaListenerEndpointContainer#1-0-C-1","log.logger":"org.apache.kafka.clients.NetworkClient","service":"skyways","environment":"local","traceId":"${ctx:traceId}"}
{"@timestamp":"2026-05-16T09:16:01.154Z","ecs.version":"1.2.0","log.level":"WARN","message":"[Consumer clientId=consumer-flight-service-group-1, groupId=flight-service-group] Connection to node -1 (localhost/127.0.0.1:29092) could not be established. Node may not be available.","process.thread.name":"org.springframework.kafka.KafkaListenerEndpointContainer#0-0-C-1","log.logger":"org.apache.kafka.clients.NetworkClient","service":"skyways","environment":"local","traceId":"${ctx:traceId}"}
{"@timestamp":"2026-05-16T09:16:01.154Z","ecs.version":"1.2.0","log.level":"WARN","message":"[Consumer clientId=consumer-flight-service-group-1, groupId=flight-service-group] Bootstrap broker localhost:29092 (id: -1 rack: null) disconnected","process.thread.name":"org.springframework.kafka.KafkaListenerEndpointContainer#0-0-C-1","log.logger":"org.apache.kafka.clients.NetworkClient","service":"skyways","environment":"local","traceId":"${ctx:traceId}"}
{"@timestamp":"2026-05-16T09:16:01.907Z","ecs.version":"1.2.0","log.level":"WARN","message":"[Consumer clientId=consumer-flight-service-group-2, groupId=flight-service-group] Connection to node -1 (localhost/127.0.0.1:29092) could not be established. Node may not be available.","process.thread.name":"org.springframework.kafka.KafkaListenerEndpointContainer#1-0-C-1","log.logger":"org.apache.kafka.clients.NetworkClient","service":"skyways","environment":"local","traceId":"${ctx:traceId}"}
{"@timestamp":"2026-05-16T09:16:01.907Z","ecs.version":"1.2.0","log.level":"WARN","message":"[Consumer clientId=consumer-flight-service-group-2, groupId=flight-service-group] Bootstrap broker localhost:29092 (id: -1 rack: null) disconnected","process.thread.name":"org.springframework.kafka.KafkaListenerEndpointContainer#1-0-C-1","log.logger":"org.apache.kafka.clients.NetworkClient","service":"skyways","environment":"local","traceId":"${ctx:traceId}"}
{"@timestamp":"2026-05-16T09:16:02.160Z","ecs.version":"1.2.0","log.level":"WARN","message":"[Consumer clientId=consumer-flight-service-group-1, groupId=flight-service-group] Connection to node -1 (localhost/127.0.0.1:29092) could not be established. Node may not be available.","process.thread.name":"org.springframework.kafka.KafkaListenerEndpointContainer#0-0-C-1","log.logger":"org.apache.kafka.clients.NetworkClient","service":"skyways","environment":"local","traceId":"${ctx:traceId}"}
{"@timestamp":"2026-05-16T09:16:02.160Z","ecs.version":"1.2.0","log.level":"WARN","message":"[Consumer clientId=consumer-flight-service-group-1, groupId=flight-service-group] Bootstrap broker localhost:29092 (id: -1 rack: null) disconnected","process.thread.name":"org.springframework.kafka.KafkaListenerEndpointContainer#0-0-C-1","log.logger":"org.apache.kafka.clients.NetworkClient","service":"skyways","environment":"local","traceId":"${ctx:traceId}"}
{"@timestamp":"2026-05-16T09:16:02.913Z","ecs.version":"1.2.0","log.level":"WARN","message":"[Consumer clientId=consumer-flight-service-group-2, groupId=flight-service-group] Connection to node -1 (localhost/127.0.0.1:29092) could not be established. Node may not be available.","process.thread.name":"org.springframework.kafka.KafkaListenerEndpointContainer#1-0-C-1","log.logger":"org.apache.kafka.clients.NetworkClient","service":"skyways","environment":"local","traceId":"${ctx:traceId}"}
{"@timestamp":"2026-05-16T09:16:02.914Z","ecs.version":"1.2.0","log.level":"WARN","message":"[Consumer clientId=consumer-flight-service-group-2, groupId=flight-service-group] Bootstrap broker localhost:29092 (id: -1 rack: null) disconnected","process.thread.name":"org.springframework.kafka.KafkaListenerEndpointContainer#1-0-C-1","log.logger":"org.apache.kafka.clients.NetworkClient","service":"skyways","environment":"local","traceId":"${ctx:traceId}"}
{"@timestamp":"2026-05-16T09:16:03.165Z","ecs.version":"1.2.0","log.level":"WARN","message":"[Consumer clientId=consumer-flight-service-group-1, groupId=flight-service-group] Connection to node -1 (localhost/127.0.0.1:29092) could not be established. Node may not be available.","process.thread.name":"org.springframework.kafka.KafkaListenerEndpointContainer#0-0-C-1","log.logger":"org.apache.kafka.clients.NetworkClient","service":"skyways","environment":"local","traceId":"${ctx:traceId}"}
{"@timestamp":"2026-05-16T09:16:03.165Z","ecs.version":"1.2.0","log.level":"WARN","message":"[Consumer clientId=consumer-flight-service-group-1, groupId=flight-service-group] Bootstrap broker localhost:29092 (id: -1 rack: null) disconnected","process.thread.name":"org.springframework.kafka.KafkaListenerEndpointContainer#0-0-C-1","log.logger":"org.apache.kafka.clients.NetworkClient","service":"skyways","environment":"local","traceId":"${ctx:traceId}"}
{"@timestamp":"2026-05-16T09:16:03.917Z","ecs.version":"1.2.0","log.level":"WARN","message":"[Consumer clientId=consumer-flight-service-group-2, groupId=flight-service-group] Connection to node -1 (localhost/127.0.0.1:29092) could not be established. Node may not be available.","process.thread.name":"org.springframework.kafka.KafkaListenerEndpointContainer#1-0-C-1","log.logger":"org.apache.kafka.clients.NetworkClient","service":"skyways","environment":"local","traceId":"${ctx:traceId}"}
{"@timestamp":"2026-05-16T09:16:03.917Z","ecs.version":"1.2.0","log.level":"WARN","message":"[Consumer clientId=consumer-flight-service-group-2, groupId=flight-service-group] Bootstrap broker localhost:29092 (id: -1 rack: null) disconnected","process.thread.name":"org.springframework.kafka.KafkaListenerEndpointContainer#1-0-C-1","log.logger":"org.apache.kafka.clients.NetworkClient","service":"skyways","environment":"local","traceId":"${ctx:traceId}"}
{"@timestamp":"2026-05-16T09:16:04.172Z","ecs.version":"1.2.0","log.level":"WARN","message":"[Consumer clientId=consumer-flight-service-group-1, groupId=flight-service-group] Connection to node -1 (localhost/127.0.0.1:29092) could not be established. Node may not be available.","process.thread.name":"org.springframework.kafka.KafkaListenerEndpointContainer#0-0-C-1","log.logger":"org.apache.kafka.clients.NetworkClient","service":"skyways","environment":"local","traceId":"${ctx:traceId}"}
{"@timestamp":"2026-05-16T09:16:04.172Z","ecs.version":"1.2.0","log.level":"WARN","message":"[Consumer clientId=consumer-flight-service-group-1, groupId=flight-service-group] Bootstrap broker localhost:29092 (id: -1 rack: null) disconnected","process.thread.name":"org.springframework.kafka.KafkaListenerEndpointContainer#0-0-C-1","log.logger":"org.apache.kafka.clients.NetworkClient","service":"skyways","environment":"local","traceId":"${ctx:traceId}"}
{"@timestamp":"2026-05-16T09:16:04.798Z","ecs.version":"1.2.0","log.level":"WARN","message":"[Consumer clientId=consumer-flight-service-group-2, groupId=flight-service-group] Connection to node -1 (localhost/127.0.0.1:29092) could not be established. Node may not be available.","process.thread.name":"org.springframework.kafka.KafkaListenerEndpointContainer#1-0-C-1","log.logger":"org.apache.kafka.clients.NetworkClient","service":"skyways","environment":"local","traceId":"${ctx:traceId}"}
{"@timestamp":"2026-05-16T09:16:04.799Z","ecs.version":"1.2.0","log.level":"WARN","message":"[Consumer clientId=consumer-flight-service-group-2, groupId=flight-service-group] Bootstrap broker localhost:29092 (id: -1 rack: null) disconnected","process.thread.name":"org.springframework.kafka.KafkaListenerEndpointContainer#1-0-C-1","log.logger":"org.apache.kafka.clients.NetworkClient","service":"skyways","environment":"local","traceId":"${ctx:traceId}"}
{"@timestamp":"2026-05-16T09:16:05.019Z","ecs.version":"1.2.0","log.level":"WARN","message":"[Consumer clientId=consumer-flight-service-group-1, groupId=flight-service-group] Connection to node -1 (localhost/127.0.0.1:29092) could not be established. Node may not be available.","process.thread.name":"org.springframework.kafka.KafkaListenerEndpointContainer#0-0-C-1","log.logger":"org.apache.kafka.clients.NetworkClient","service":"skyways","environment":"local","traceId":"${ctx:traceId}"}
{"@timestamp":"2026-05-16T09:16:05.019Z","ecs.version":"1.2.0","log.level":"WARN","message":"[Consumer clientId=consumer-flight-service-group-1, groupId=flight-service-group] Bootstrap broker localhost:29092 (id: -1 rack: null) disconnected","process.thread.name":"org.springframework.kafka.KafkaListenerEndpointContainer#0-0-C-1","log.logger":"org.apache.kafka.clients.NetworkClient","service":"skyways","environment":"local","traceId":"${ctx:traceId}"}
{"@timestamp":"2026-05-16T09:16:05.693Z","ecs.version":"1.2.0","log.level":"WARN","message":"[Consumer clientId=consumer-flight-service-group-2, groupId=flight-service-group] Connection to node -1 (localhost/127.0.0.1:29092) could not be established. Node may not be available.","process.thread.name":"org.springframework.kafka.KafkaListenerEndpointContainer#1-0-C-1","log.logger":"org.apache.kafka.clients.NetworkClient","service":"skyways","environment":"local","traceId":"${ctx:traceId}"}
{"@timestamp":"2026-05-16T09:16:05.693Z","ecs.version":"1.2.0","log.level":"WARN","message":"[Consumer clientId=consumer-flight-service-group-2, groupId=flight-service-group] Bootstrap broker localhost:29092 (id: -1 rack: null) disconnected","process.thread.name":"org.springframework.kafka.KafkaListenerEndpointContainer#1-0-C-1","log.logger":"org.apache.kafka.clients.NetworkClient","service":"skyways","environment":"local","traceId":"${ctx:traceId}"}
{"@timestamp":"2026-05-16T09:16:06.057Z","ecs.version":"1.2.0","log.level":"WARN","message":"[Consumer clientId=consumer-flight-service-group-1, groupId=flight-service-group] Connection to node -1 (localhost/127.0.0.1:29092) could not be established. Node may not be available.","process.thread.name":"org.springframework.kafka.KafkaListenerEndpointContainer#0-0-C-1","log.logger":"org.apache.kafka.clients.NetworkClient","service":"skyways","environment":"local","traceId":"${ctx:traceId}"}
{"@timestamp":"2026-05-16T09:16:06.057Z","ecs.version":"1.2.0","log.level":"WARN","message":"[Consumer clientId=consumer-flight-service-group-1, groupId=flight-service-group] Bootstrap broker localhost:29092 (id: -1 rack: null) disconnected","process.thread.name":"org.springframework.kafka.KafkaListenerEndpointContainer#0-0-C-1","log.logger":"org.apache.kafka.clients.NetworkClient","service":"skyways","environment":"local","traceId":"${ctx:traceId}"}
{"@timestamp":"2026-05-16T09:16:06.573Z","ecs.version":"1.2.0","log.level":"WARN","message":"[Consumer clientId=consumer-flight-service-group-2, groupId=flight-service-group] Connection to node -1 (localhost/127.0.0.1:29092) could not be established. Node may not be available.","process.thread.name":"org.springframework.kafka.KafkaListenerEndpointContainer#1-0-C-1","log.logger":"org.apache.kafka.clients.NetworkClient","service":"skyways","environment":"local","traceId":"${ctx:traceId}"}
{"@timestamp":"2026-05-16T09:16:06.573Z","ecs.version":"1.2.0","log.level":"WARN","message":"[Consumer clientId=consumer-flight-service-group-2, groupId=flight-service-group] Bootstrap broker localhost:29092 (id: -1 rack: null) disconnected","process.thread.name":"org.springframework.kafka.KafkaListenerEndpointContainer#1-0-C-1","log.logger":"org.apache.kafka.clients.NetworkClient","service":"skyways","environment":"local","traceId":"${ctx:traceId}"}
{"@timestamp":"2026-05-16T09:16:07.061Z","ecs.version":"1.2.0","log.level":"WARN","message":"[Consumer clientId=consumer-flight-service-group-1, groupId=flight-service-group] Connection to node -1 (localhost/127.0.0.1:29092) could not be established. Node may not be available.","process.thread.name":"org.springframework.kafka.KafkaListenerEndpointContainer#0-0-C-1","log.logger":"org.apache.kafka.clients.NetworkClient","service":"skyways","environment":"local","traceId":"${ctx:traceId}"}
{"@timestamp":"2026-05-16T09:16:07.061Z","ecs.version":"1.2.0","log.level":"WARN","message":"[Consumer clientId=consumer-flight-service-group-1, groupId=flight-service-group] Bootstrap broker localhost:29092 (id: -1 rack: null) disconnected","process.thread.name":"org.springframework.kafka.KafkaListenerEndpointContainer#0-0-C-1","log.logger":"org.apache.kafka.clients.NetworkClient","service":"skyways","environment":"local","traceId":"${ctx:traceId}"}
{"@timestamp":"2026-05-16T09:16:07.579Z","ecs.version":"1.2.0","log.level":"WARN","message":"[Consumer clientId=consumer-flight-service-group-2, groupId=flight-service-group] Connection to node -1 (localhost/127.0.0.1:29092) could not be established. Node may not be available.","process.thread.name":"org.springframework.kafka.KafkaListenerEndpointContainer#1-0-C-1","log.logger":"org.apache.kafka.clients.NetworkClient","service":"skyways","environment":"local","traceId":"${ctx:traceId}"}
{"@timestamp":"2026-05-16T09:16:07.579Z","ecs.version":"1.2.0","log.level":"WARN","message":"[Consumer clientId=consumer-flight-service-group-2, groupId=flight-service-group] Bootstrap broker localhost:29092 (id: -1 rack: null) disconnected","process.thread.name":"org.springframework.kafka.KafkaListenerEndpointContainer#1-0-C-1","log.logger":"org.apache.kafka.clients.NetworkClient","service":"skyways","environment":"local","traceId":"${ctx:traceId}"}
{"@timestamp":"2026-05-16T09:16:08.065Z","ecs.version":"1.2.0","log.level":"WARN","message":"[Consumer clientId=consumer-flight-service-group-1, groupId=flight-service-group] Connection to node -1 (localhost/127.0.0.1:29092) could not be established. Node may not be available.","process.thread.name":"org.springframework.kafka.KafkaListenerEndpointContainer#0-0-C-1","log.logger":"org.apache.kafka.clients.NetworkClient","service":"skyways","environment":"local","traceId":"${ctx:traceId}"}
{"@timestamp":"2026-05-16T09:16:08.065Z","ecs.version":"1.2.0","log.level":"WARN","message":"[Consumer clientId=consumer-flight-service-group-1, groupId=flight-service-group] Bootstrap broker localhost:29092 (id: -1 rack: null) disconnected","process.thread.name":"org.springframework.kafka.KafkaListenerEndpointContainer#0-0-C-1","log.logger":"org.apache.kafka.clients.NetworkClient","service":"skyways","environment":"local","traceId":"${ctx:traceId}"}
{"@timestamp":"2026-05-16T09:16:08.630Z","ecs.version":"1.2.0","log.level":"WARN","message":"[Consumer clientId=consumer-flight-service-group-2, groupId=flight-service-group] Connection to node -1 (localhost/127.0.0.1:29092) could not be established. Node may not be available.","process.thread.name":"org.springframework.kafka.KafkaListenerEndpointContainer#1-0-C-1","log.logger":"org.apache.kafka.clients.NetworkClient","service":"skyways","environment":"local","traceId":"${ctx:traceId}"}
{"@timestamp":"2026-05-16T09:16:08.630Z","ecs.version":"1.2.0","log.level":"WARN","message":"[Consumer clientId=consumer-flight-service-group-2, groupId=flight-service-group] Bootstrap broker localhost:29092 (id: -1 rack: null) disconnected","process.thread.name":"org.springframework.kafka.KafkaListenerEndpointContainer#1-0-C-1","log.logger":"org.apache.kafka.clients.NetworkClient","service":"skyways","environment":"local","traceId":"${ctx:traceId}"}
{"@timestamp":"2026-05-16T09:16:09.067Z","ecs.version":"1.2.0","log.level":"WARN","message":"[Consumer clientId=consumer-flight-service-group-1, groupId=flight-service-group] Connection to node -1 (localhost/127.0.0.1:29092) could not be established. Node may not be available.","process.thread.name":"org.springframework.kafka.KafkaListenerEndpointContainer#0-0-C-1","log.logger":"org.apache.kafka.clients.NetworkClient","service":"skyways","environment":"local","traceId":"${ctx:traceId}"}
{"@timestamp":"2026-05-16T09:16:09.067Z","ecs.version":"1.2.0","log.level":"WARN","message":"[Consumer clientId=consumer-flight-service-group-1, groupId=flight-service-group] Bootstrap broker localhost:29092 (id: -1 rack: null) disconnected","process.thread.name":"org.springframework.kafka.KafkaListenerEndpointContainer#0-0-C-1","log.logger":"org.apache.kafka.clients.NetworkClient","service":"skyways","environment":"local","traceId":"${ctx:traceId}"}
{"@timestamp":"2026-05-16T09:16:09.598Z","ecs.version":"1.2.0","log.level":"WARN","message":"[Consumer clientId=consumer-flight-service-group-2, groupId=flight-service-group] Connection to node -1 (localhost/127.0.0.1:29092) could not be established. Node may not be available.","process.thread.name":"org.springframework.kafka.KafkaListenerEndpointContainer#1-0-C-1","log.logger":"org.apache.kafka.clients.NetworkClient","service":"skyways","environment":"local","traceId":"${ctx:traceId}"}
{"@timestamp":"2026-05-16T09:16:09.598Z","ecs.version":"1.2.0","log.level":"WARN","message":"[Consumer clientId=consumer-flight-service-group-2, groupId=flight-service-group] Bootstrap broker localhost:29092 (id: -1 rack: null) disconnected","process.thread.name":"org.springframework.kafka.KafkaListenerEndpointContainer#1-0-C-1","log.logger":"org.apache.kafka.clients.NetworkClient","service":"skyways","environment":"local","traceId":"${ctx:traceId}"}
{"@timestamp":"2026-05-16T09:16:10.088Z","ecs.version":"1.2.0","log.level":"WARN","message":"[Consumer clientId=consumer-flight-service-group-1, groupId=flight-service-group] Connection to node -1 (localhost/127.0.0.1:29092) could not be established. Node may not be available.","process.thread.name":"org.springframework.kafka.KafkaListenerEndpointContainer#0-0-C-1","log.logger":"org.apache.kafka.clients.NetworkClient","service":"skyways","environment":"local","traceId":"${ctx:traceId}"}
{"@timestamp":"2026-05-16T09:16:10.088Z","ecs.version":"1.2.0","log.level":"WARN","message":"[Consumer clientId=consumer-flight-service-group-1, groupId=flight-service-group] Bootstrap broker localhost:29092 (id: -1 rack: null) disconnected","process.thread.name":"org.springframework.kafka.KafkaListenerEndpointContainer#0-0-C-1","log.logger":"org.apache.kafka.clients.NetworkClient","service":"skyways","environment":"local","traceId":"${ctx:traceId}"}
{"@timestamp":"2026-05-16T09:16:10.526Z","ecs.version":"1.2.0","log.level":"WARN","message":"[Consumer clientId=consumer-flight-service-group-2, groupId=flight-service-group] Connection to node -1 (localhost/127.0.0.1:29092) could not be established. Node may not be available.","process.thread.name":"org.springframework.kafka.KafkaListenerEndpointContainer#1-0-C-1","log.logger":"org.apache.kafka.clients.NetworkClient","service":"skyways","environment":"local","traceId":"${ctx:traceId}"}
{"@timestamp":"2026-05-16T09:16:10.526Z","ecs.version":"1.2.0","log.level":"WARN","message":"[Consumer clientId=consumer-flight-service-group-2, groupId=flight-service-group] Bootstrap broker localhost:29092 (id: -1 rack: null) disconnected","process.thread.name":"org.springframework.kafka.KafkaListenerEndpointContainer#1-0-C-1","log.logger":"org.apache.kafka.clients.NetworkClient","service":"skyways","environment":"local","traceId":"${ctx:traceId}"}
{"@timestamp":"2026-05-16T09:16:11.028Z","ecs.version":"1.2.0","log.level":"WARN","message":"[Consumer clientId=consumer-flight-service-group-1, groupId=flight-service-group] Connection to node -1 (localhost/127.0.0.1:29092) could not be established. Node may not be available.","process.thread.name":"org.springframework.kafka.KafkaListenerEndpointContainer#0-0-C-1","log.logger":"org.apache.kafka.clients.NetworkClient","service":"skyways","environment":"local","traceId":"${ctx:traceId}"}
{"@timestamp":"2026-05-16T09:16:11.028Z","ecs.version":"1.2.0","log.level":"WARN","message":"[Consumer clientId=consumer-flight-service-group-1, groupId=flight-service-group] Bootstrap broker localhost:29092 (id: -1 rack: null) disconnected","process.thread.name":"org.springframework.kafka.KafkaListenerEndpointContainer#0-0-C-1","log.logger":"org.apache.kafka.clients.NetworkClient","service":"skyways","environment":"local","traceId":"${ctx:traceId}"}
{"@timestamp":"2026-05-16T09:16:11.405Z","ecs.version":"1.2.0","log.level":"WARN","message":"[Consumer clientId=consumer-flight-service-group-2, groupId=flight-service-group] Connection to node -1 (localhost/127.0.0.1:29092) could not be established. Node may not be available.","process.thread.name":"org.springframework.kafka.KafkaListenerEndpointContainer#1-0-C-1","log.logger":"org.apache.kafka.clients.NetworkClient","service":"skyways","environment":"local","traceId":"${ctx:traceId}"}
{"@timestamp":"2026-05-16T09:16:11.405Z","ecs.version":"1.2.0","log.level":"WARN","message":"[Consumer clientId=consumer-flight-service-group-2, groupId=flight-service-group] Bootstrap broker localhost:29092 (id: -1 rack: null) disconnected","process.thread.name":"org.springframework.kafka.KafkaListenerEndpointContainer#1-0-C-1","log.logger":"org.apache.kafka.clients.NetworkClient","service":"skyways","environment":"local","traceId":"${ctx:traceId}"}
{"@timestamp":"2026-05-16T09:16:12.059Z","ecs.version":"1.2.0","log.level":"WARN","message":"[Consumer clientId=consumer-flight-service-group-1, groupId=flight-service-group] Connection to node -1 (localhost/127.0.0.1:29092) could not be established. Node may not be available.","process.thread.name":"org.springframework.kafka.KafkaListenerEndpointContainer#0-0-C-1","log.logger":"org.apache.kafka.clients.NetworkClient","service":"skyways","environment":"local","traceId":"${ctx:traceId}"}
{"@timestamp":"2026-05-16T09:16:12.059Z","ecs.version":"1.2.0","log.level":"WARN","message":"[Consumer clientId=consumer-flight-service-group-1, groupId=flight-service-group] Bootstrap broker localhost:29092 (id: -1 rack: null) disconnected","process.thread.name":"org.springframework.kafka.KafkaListenerEndpointContainer#0-0-C-1","log.logger":"org.apache.kafka.clients.NetworkClient","service":"skyways","environment":"local","traceId":"${ctx:traceId}"}
{"@timestamp":"2026-05-16T09:16:12.310Z","ecs.version":"1.2.0","log.level":"WARN","message":"[Consumer clientId=consumer-flight-service-group-2, groupId=flight-service-group] Connection to node -1 (localhost/127.0.0.1:29092) could not be established. Node may not be available.","process.thread.name":"org.springframework.kafka.KafkaListenerEndpointContainer#1-0-C-1","log.logger":"org.apache.kafka.clients.NetworkClient","service":"skyways","environment":"local","traceId":"${ctx:traceId}"}
{"@timestamp":"2026-05-16T09:16:12.310Z","ecs.version":"1.2.0","log.level":"WARN","message":"[Consumer clientId=consumer-flight-service-group-2, groupId=flight-service-group] Bootstrap broker localhost:29092 (id: -1 rack: null) disconnected","process.thread.name":"org.springframework.kafka.KafkaListenerEndpointContainer#1-0-C-1","log.logger":"org.apache.kafka.clients.NetworkClient","service":"skyways","environment":"local","traceId":"${ctx:traceId}"}
{"@timestamp":"2026-05-16T09:16:12.999Z","ecs.version":"1.2.0","log.level":"WARN","message":"[Consumer clientId=consumer-flight-service-group-1, groupId=flight-service-group] Connection to node -1 (localhost/127.0.0.1:29092) could not be established. Node may not be available.","process.thread.name":"org.springframework.kafka.KafkaListenerEndpointContainer#0-0-C-1","log.logger":"org.apache.kafka.clients.NetworkClient","service":"skyways","environment":"local","traceId":"${ctx:traceId}"}
{"@timestamp":"2026-05-16T09:16:12.999Z","ecs.version":"1.2.0","log.level":"WARN","message":"[Consumer clientId=consumer-flight-service-group-1, groupId=flight-service-group] Bootstrap broker localhost:29092 (id: -1 rack: null) disconnected","process.thread.name":"org.springframework.kafka.KafkaListenerEndpointContainer#0-0-C-1","log.logger":"org.apache.kafka.clients.NetworkClient","service":"skyways","environment":"local","traceId":"${ctx:traceId}"}
{"@timestamp":"2026-05-16T09:16:13.253Z","ecs.version":"1.2.0","log.level":"WARN","message":"[Consumer clientId=consumer-flight-service-group-2, groupId=flight-service-group] Connection to node -1 (localhost/127.0.0.1:29092) could not be established. Node may not be available.","process.thread.name":"org.springframework.kafka.KafkaListenerEndpointContainer#1-0-C-1","log.logger":"org.apache.kafka.clients.NetworkClient","service":"skyways","environment":"local","traceId":"${ctx:traceId}"}
{"@timestamp":"2026-05-16T09:16:13.253Z","ecs.version":"1.2.0","log.level":"WARN","message":"[Consumer clientId=consumer-flight-service-group-2, groupId=flight-service-group] Bootstrap broker localhost:29092 (id: -1 rack: null) disconnected","process.thread.name":"org.springframework.kafka.KafkaListenerEndpointContainer#1-0-C-1","log.logger":"org.apache.kafka.clients.NetworkClient","service":"skyways","environment":"local","traceId":"${ctx:traceId}"}
{"@timestamp":"2026-05-16T09:16:14.010Z","ecs.version":"1.2.0","log.level":"WARN","message":"[Consumer clientId=consumer-flight-service-group-1, groupId=flight-service-group] Connection to node -1 (localhost/127.0.0.1:29092) could not be established. Node may not be available.","process.thread.name":"org.springframework.kafka.KafkaListenerEndpointContainer#0-0-C-1","log.logger":"org.apache.kafka.clients.NetworkClient","service":"skyways","environment":"local","traceId":"${ctx:traceId}"}
{"@timestamp":"2026-05-16T09:16:14.011Z","ecs.version":"1.2.0","log.level":"WARN","message":"[Consumer clientId=consumer-flight-service-group-1, groupId=flight-service-group] Bootstrap broker localhost:29092 (id: -1 rack: null) disconnected","process.thread.name":"org.springframework.kafka.KafkaListenerEndpointContainer#0-0-C-1","log.logger":"org.apache.kafka.clients.NetworkClient","service":"skyways","environment":"local","traceId":"${ctx:traceId}"}
{"@timestamp":"2026-05-16T09:16:14.263Z","ecs.version":"1.2.0","log.level":"WARN","message":"[Consumer clientId=consumer-flight-service-group-2, groupId=flight-service-group] Connection to node -1 (localhost/127.0.0.1:29092) could not be established. Node may not be available.","process.thread.name":"org.springframework.kafka.KafkaListenerEndpointContainer#1-0-C-1","log.logger":"org.apache.kafka.clients.NetworkClient","service":"skyways","environment":"local","traceId":"${ctx:traceId}"}
{"@timestamp":"2026-05-16T09:16:14.263Z","ecs.version":"1.2.0","log.level":"WARN","message":"[Consumer clientId=consumer-flight-service-group-2, groupId=flight-service-group] Bootstrap broker localhost:29092 (id: -1 rack: null) disconnected","process.thread.name":"org.springframework.kafka.KafkaListenerEndpointContainer#1-0-C-1","log.logger":"org.apache.kafka.clients.NetworkClient","service":"skyways","environment":"local","traceId":"${ctx:traceId}"}
{"@timestamp":"2026-05-16T09:16:14.875Z","ecs.version":"1.2.0","log.level":"WARN","message":"[Consumer clientId=consumer-flight-service-group-1, groupId=flight-service-group] Connection to node -1 (localhost/127.0.0.1:29092) could not be established. Node may not be available.","process.thread.name":"org.springframework.kafka.KafkaListenerEndpointContainer#0-0-C-1","log.logger":"org.apache.kafka.clients.NetworkClient","service":"skyways","environment":"local","traceId":"${ctx:traceId}"}
{"@timestamp":"2026-05-16T09:16:14.875Z","ecs.version":"1.2.0","log.level":"WARN","message":"[Consumer clientId=consumer-flight-service-group-1, groupId=flight-service-group] Bootstrap broker localhost:29092 (id: -1 rack: null) disconnected","process.thread.name":"org.springframework.kafka.KafkaListenerEndpointContainer#0-0-C-1","log.logger":"org.apache.kafka.clients.NetworkClient","service":"skyways","environment":"local","traceId":"${ctx:traceId}"}
{"@timestamp":"2026-05-16T09:16:15.094Z","ecs.version":"1.2.0","log.level":"WARN","message":"[Consumer clientId=consumer-flight-service-group-2, groupId=flight-service-group] Connection to node -1 (localhost/127.0.0.1:29092) could not be established. Node may not be available.","process.thread.name":"org.springframework.kafka.KafkaListenerEndpointContainer#1-0-C-1","log.logger":"org.apache.kafka.clients.NetworkClient","service":"skyways","environment":"local","traceId":"${ctx:traceId}"}
{"@timestamp":"2026-05-16T09:16:15.094Z","ecs.version":"1.2.0","log.level":"WARN","message":"[Consumer clientId=consumer-flight-service-group-2, groupId=flight-service-group] Bootstrap broker localhost:29092 (id: -1 rack: null) disconnected","process.thread.name":"org.springframework.kafka.KafkaListenerEndpointContainer#1-0-C-1","log.logger":"org.apache.kafka.clients.NetworkClient","service":"skyways","environment":"local","traceId":"${ctx:traceId}"}
{"@timestamp":"2026-05-16T09:16:15.886Z","ecs.version":"1.2.0","log.level":"WARN","message":"[Consumer clientId=consumer-flight-service-group-1, groupId=flight-service-group] Connection to node -1 (localhost/127.0.0.1:29092) could not be established. Node may not be available.","process.thread.name":"org.springframework.kafka.KafkaListenerEndpointContainer#0-0-C-1","log.logger":"org.apache.kafka.clients.NetworkClient","service":"skyways","environment":"local","traceId":"${ctx:traceId}"}
{"@timestamp":"2026-05-16T09:16:15.886Z","ecs.version":"1.2.0","log.level":"WARN","message":"[Consumer clientId=consumer-flight-service-group-1, groupId=flight-service-group] Bootstrap broker localhost:29092 (id: -1 rack: null) disconnected","process.thread.name":"org.springframework.kafka.KafkaListenerEndpointContainer#0-0-C-1","log.logger":"org.apache.kafka.clients.NetworkClient","service":"skyways","environment":"local","traceId":"${ctx:traceId}"}
{"@timestamp":"2026-05-16T09:16:15.902Z","ecs.version":"1.2.0","log.level":"WARN","message":"[Consumer clientId=consumer-flight-service-group-2, groupId=flight-service-group] Connection to node -1 (localhost/127.0.0.1:29092) could not be established. Node may not be available.","process.thread.name":"org.springframework.kafka.KafkaListenerEndpointContainer#1-0-C-1","log.logger":"org.apache.kafka.clients.NetworkClient","service":"skyways","environment":"local","traceId":"${ctx:traceId}"}
{"@timestamp":"2026-05-16T09:16:15.902Z","ecs.version":"1.2.0","log.level":"WARN","message":"[Consumer clientId=consumer-flight-service-group-2, groupId=flight-service-group] Bootstrap broker localhost:29092 (id: -1 rack: null) disconnected","process.thread.name":"org.springframework.kafka.KafkaListenerEndpointContainer#1-0-C-1","log.logger":"org.apache.kafka.clients.NetworkClient","service":"skyways","environment":"local","traceId":"${ctx:traceId}"}
{"@timestamp":"2026-05-16T09:16:16.795Z","ecs.version":"1.2.0","log.level":"WARN","message":"[Consumer clientId=consumer-flight-service-group-2, groupId=flight-service-group] Connection to node -1 (localhost/127.0.0.1:29092) could not be established. Node may not be available.","process.thread.name":"org.springframework.kafka.KafkaListenerEndpointContainer#1-0-C-1","log.logger":"org.apache.kafka.clients.NetworkClient","service":"skyways","environment":"local","traceId":"${ctx:traceId}"}
{"@timestamp":"2026-05-16T09:16:16.795Z","ecs.version":"1.2.0","log.level":"WARN","message":"[Consumer clientId=consumer-flight-service-group-2, groupId=flight-service-group] Bootstrap broker localhost:29092 (id: -1 rack: null) disconnected","process.thread.name":"org.springframework.kafka.KafkaListenerEndpointContainer#1-0-C-1","log.logger":"org.apache.kafka.clients.NetworkClient","service":"skyways","environment":"local","traceId":"${ctx:traceId}"}
{"@timestamp":"2026-05-16T09:16:16.889Z","ecs.version":"1.2.0","log.level":"WARN","message":"[Consumer clientId=consumer-flight-service-group-1, groupId=flight-service-group] Connection to node -1 (localhost/127.0.0.1:29092) could not be established. Node may not be available.","process.thread.name":"org.springframework.kafka.KafkaListenerEndpointContainer#0-0-C-1","log.logger":"org.apache.kafka.clients.NetworkClient","service":"skyways","environment":"local","traceId":"${ctx:traceId}"}
{"@timestamp":"2026-05-16T09:16:16.890Z","ecs.version":"1.2.0","log.level":"WARN","message":"[Consumer clientId=consumer-flight-service-group-1, groupId=flight-service-group] Bootstrap broker localhost:29092 (id: -1 rack: null) disconnected","process.thread.name":"org.springframework.kafka.KafkaListenerEndpointContainer#0-0-C-1","log.logger":"org.apache.kafka.clients.NetworkClient","service":"skyways","environment":"local","traceId":"${ctx:traceId}"}
{"@timestamp":"2026-05-16T09:16:17.848Z","ecs.version":"1.2.0","log.level":"WARN","message":"[Consumer clientId=consumer-flight-service-group-2, groupId=flight-service-group] Connection to node -1 (localhost/127.0.0.1:29092) could not be established. Node may not be available.","process.thread.name":"org.springframework.kafka.KafkaListenerEndpointContainer#1-0-C-1","log.logger":"org.apache.kafka.clients.NetworkClient","service":"skyways","environment":"local","traceId":"${ctx:traceId}"}
{"@timestamp":"2026-05-16T09:16:17.848Z","ecs.version":"1.2.0","log.level":"WARN","message":"[Consumer clientId=consumer-flight-service-group-2, groupId=flight-service-group] Bootstrap broker localhost:29092 (id: -1 rack: null) disconnected","process.thread.name":"org.springframework.kafka.KafkaListenerEndpointContainer#1-0-C-1","log.logger":"org.apache.kafka.clients.NetworkClient","service":"skyways","environment":"local","traceId":"${ctx:traceId}"}
{"@timestamp":"2026-05-16T09:16:17.896Z","ecs.version":"1.2.0","log.level":"WARN","message":"[Consumer clientId=consumer-flight-service-group-1, groupId=flight-service-group] Connection to node -1 (localhost/127.0.0.1:29092) could not be established. Node may not be available.","process.thread.name":"org.springframework.kafka.KafkaListenerEndpointContainer#0-0-C-1","log.logger":"org.apache.kafka.clients.NetworkClient","service":"skyways","environment":"local","traceId":"${ctx:traceId}"}
{"@timestamp":"2026-05-16T09:16:17.896Z","ecs.version":"1.2.0","log.level":"WARN","message":"[Consumer clientId=consumer-flight-service-group-1, groupId=flight-service-group] Bootstrap broker localhost:29092 (id: -1 rack: null) disconnected","process.thread.name":"org.springframework.kafka.KafkaListenerEndpointContainer#0-0-C-1","log.logger":"org.apache.kafka.clients.NetworkClient","service":"skyways","environment":"local","traceId":"${ctx:traceId}"}
{"@timestamp":"2026-05-16T09:16:18.781Z","ecs.version":"1.2.0","log.level":"WARN","message":"[Consumer clientId=consumer-flight-service-group-1, groupId=flight-service-group] Connection to node -1 (localhost/127.0.0.1:29092) could not be established. Node may not be available.","process.thread.name":"org.springframework.kafka.KafkaListenerEndpointContainer#0-0-C-1","log.logger":"org.apache.kafka.clients.NetworkClient","service":"skyways","environment":"local","traceId":"${ctx:traceId}"}
{"@timestamp":"2026-05-16T09:16:18.781Z","ecs.version":"1.2.0","log.level":"WARN","message":"[Consumer clientId=consumer-flight-service-group-1, groupId=flight-service-group] Bootstrap broker localhost:29092 (id: -1 rack: null) disconnected","process.thread.name":"org.springframework.kafka.KafkaListenerEndpointContainer#0-0-C-1","log.logger":"org.apache.kafka.clients.NetworkClient","service":"skyways","environment":"local","traceId":"${ctx:traceId}"}
{"@timestamp":"2026-05-16T09:16:18.859Z","ecs.version":"1.2.0","log.level":"WARN","message":"[Consumer clientId=consumer-flight-service-group-2, groupId=flight-service-group] Connection to node -1 (localhost/127.0.0.1:29092) could not be established. Node may not be available.","process.thread.name":"org.springframework.kafka.KafkaListenerEndpointContainer#1-0-C-1","log.logger":"org.apache.kafka.clients.NetworkClient","service":"skyways","environment":"local","traceId":"${ctx:traceId}"}
{"@timestamp":"2026-05-16T09:16:18.859Z","ecs.version":"1.2.0","log.level":"WARN","message":"[Consumer clientId=consumer-flight-service-group-2, groupId=flight-service-group] Bootstrap broker localhost:29092 (id: -1 rack: null) disconnected","process.thread.name":"org.springframework.kafka.KafkaListenerEndpointContainer#1-0-C-1","log.logger":"org.apache.kafka.clients.NetworkClient","service":"skyways","environment":"local","traceId":"${ctx:traceId}"}
{"@timestamp":"2026-05-16T09:16:19.032Z","ecs.version":"1.2.0","log.level":"WARN","message":"Request execution failed with message: I/O error on PUT request for \"http://localhost:8761/eureka/apps/SKYWAYS-FLIGHT-SERVICE/DESKTOP-S0AUF4J:skyways-flight-service:8082\": Connect to http://localhost:8761 [localhost/127.0.0.1, localhost/0:0:0:0:0:0:0:1] failed: Connection refused: no further information","process.thread.name":"DiscoveryClient-HeartbeatExecutor-0","log.logger":"com.netflix.discovery.shared.transport.decorator.RetryableEurekaHttpClient","service":"skyways","environment":"local","traceId":"${ctx:traceId}"}
{"@timestamp":"2026-05-16T09:16:19.032Z","ecs.version":"1.2.0","log.level":"ERROR","message":"DiscoveryClient_SKYWAYS-FLIGHT-SERVICE/DESKTOP-S0AUF4J:skyways-flight-service:8082 - was unable to send heartbeat!","process.thread.name":"DiscoveryClient-HeartbeatExecutor-0","log.logger":"com.netflix.discovery.DiscoveryClient","error.type":"com.netflix.discovery.shared.transport.TransportException","error.message":"Cannot execute request on any known server","error.stack_trace":"com.netflix.discovery.shared.transport.TransportException: Cannot execute request on any known server\r\n\tat com.netflix.discovery.shared.transport.decorator.RetryableEurekaHttpClient.execute(RetryableEurekaHttpClient.java:112)\r\n\tat com.netflix.discovery.shared.transport.decorator.EurekaHttpClientDecorator.sendHeartBeat(EurekaHttpClientDecorator.java:89)\r\n\tat com.netflix.discovery.shared.transport.decorator.EurekaHttpClientDecorator$3.execute(EurekaHttpClientDecorator.java:92)\r\n\tat com.netflix.discovery.shared.transport.decorator.SessionedEurekaHttpClient.execute(SessionedEurekaHttpClient.java:77)\r\n\tat com.netflix.discovery.shared.transport.decorator.EurekaHttpClientDecorator.sendHeartBeat(EurekaHttpClientDecorator.java:89)\r\n\tat com.netflix.discovery.DiscoveryClient.renew(DiscoveryClient.java:837)\r\n\tat com.netflix.discovery.DiscoveryClient$HeartbeatThread.run(DiscoveryClient.java:1401)\r\n\tat java.base/java.util.concurrent.Executors$RunnableAdapter.call(Executors.java:539)\r\n\tat java.base/java.util.concurrent.FutureTask.run(FutureTask.java:264)\r\n\tat java.base/java.util.concurrent.ThreadPoolExecutor.runWorker(ThreadPoolExecutor.java:1136)\r\n\tat java.base/java.util.concurrent.ThreadPoolExecutor$Worker.run(ThreadPoolExecutor.java:635)\r\n\tat java.base/java.lang.Thread.run(Thread.java:842)\r\n","service":"skyways","environment":"local","traceId":"${ctx:traceId}"}
{"@timestamp":"2026-05-16T09:16:19.048Z","ecs.version":"1.2.0","log.level":"WARN","message":"Request execution failed with message: I/O error on GET request for \"http://localhost:8761/eureka/apps/\": Connect to http://localhost:8761 [localhost/127.0.0.1, localhost/0:0:0:0:0:0:0:1] failed: Connection refused: no further information","process.thread.name":"DiscoveryClient-CacheRefreshExecutor-0","log.logger":"com.netflix.discovery.shared.transport.decorator.RetryableEurekaHttpClient","service":"skyways","environment":"local","traceId":"${ctx:traceId}"}
{"@timestamp":"2026-05-16T09:16:19.189Z","ecs.version":"1.2.0","log.level":"WARN","message":"Request execution failed with message: I/O error on POST request for \"http://localhost:8761/eureka/apps/SKYWAYS-FLIGHT-SERVICE\": Connect to http://localhost:8761 [localhost/127.0.0.1, localhost/0:0:0:0:0:0:0:1] failed: Connection refused: no further information","process.thread.name":"DiscoveryClient-InstanceInfoReplicator-0","log.logger":"com.netflix.discovery.shared.transport.decorator.RetryableEurekaHttpClient","service":"skyways","environment":"local","traceId":"${ctx:traceId}"}
{"@timestamp":"2026-05-16T09:16:19.189Z","ecs.version":"1.2.0","log.level":"WARN","message":"DiscoveryClient_SKYWAYS-FLIGHT-SERVICE/DESKTOP-S0AUF4J:skyways-flight-service:8082 - registration failed Cannot execute request on any known server","process.thread.name":"DiscoveryClient-InstanceInfoReplicator-0","log.logger":"com.netflix.discovery.DiscoveryClient","error.type":"com.netflix.discovery.shared.transport.TransportException","error.message":"Cannot execute request on any known server","error.stack_trace":"com.netflix.discovery.shared.transport.TransportException: Cannot execute request on any known server\r\n\tat com.netflix.discovery.shared.transport.decorator.RetryableEurekaHttpClient.execute(RetryableEurekaHttpClient.java:112)\r\n\tat com.netflix.discovery.shared.transport.decorator.EurekaHttpClientDecorator.register(EurekaHttpClientDecorator.java:56)\r\n\tat com.netflix.discovery.shared.transport.decorator.EurekaHttpClientDecorator$1.execute(EurekaHttpClientDecorator.java:59)\r\n\tat com.netflix.discovery.shared.transport.decorator.SessionedEurekaHttpClient.execute(SessionedEurekaHttpClient.java:77)\r\n\tat com.netflix.discovery.shared.transport.decorator.EurekaHttpClientDecorator.register(EurekaHttpClientDecorator.java:56)\r\n\tat com.netflix.discovery.DiscoveryClient.register(DiscoveryClient.java:820)\r\n\tat com.netflix.discovery.InstanceInfoReplicator.run(InstanceInfoReplicator.java:121)\r\n\tat java.base/java.util.concurrent.Executors$RunnableAdapter.call(Executors.java:539)\r\n\tat java.base/java.util.concurrent.FutureTask.run(FutureTask.java:264)\r\n\tat java.base/java.util.concurrent.ScheduledThreadPoolExecutor$ScheduledFutureTask.run(ScheduledThreadPoolExecutor.java:304)\r\n\tat java.base/java.util.concurrent.ThreadPoolExecutor.runWorker(ThreadPoolExecutor.java:1136)\r\n\tat java.base/java.util.concurrent.ThreadPoolExecutor$Worker.run(ThreadPoolExecutor.java:635)\r\n\tat java.base/java.lang.Thread.run(Thread.java:842)\r\n","service":"skyways","environment":"local","traceId":"${ctx:traceId}"}
{"@timestamp":"2026-05-16T09:16:19.190Z","ecs.version":"1.2.0","log.level":"WARN","message":"There was a problem with the instance info replicator","process.thread.name":"DiscoveryClient-InstanceInfoReplicator-0","log.logger":"com.netflix.discovery.InstanceInfoReplicator","error.type":"com.netflix.discovery.shared.transport.TransportException","error.message":"Cannot execute request on any known server","error.stack_trace":"com.netflix.discovery.shared.transport.TransportException: Cannot execute request on any known server\r\n\tat com.netflix.discovery.shared.transport.decorator.RetryableEurekaHttpClient.execute(RetryableEurekaHttpClient.java:112)\r\n\tat com.netflix.discovery.shared.transport.decorator.EurekaHttpClientDecorator.register(EurekaHttpClientDecorator.java:56)\r\n\tat com.netflix.discovery.shared.transport.decorator.EurekaHttpClientDecorator$1.execute(EurekaHttpClientDecorator.java:59)\r\n\tat com.netflix.discovery.shared.transport.decorator.SessionedEurekaHttpClient.execute(SessionedEurekaHttpClient.java:77)\r\n\tat com.netflix.discovery.shared.transport.decorator.EurekaHttpClientDecorator.register(EurekaHttpClientDecorator.java:56)\r\n\tat com.netflix.discovery.DiscoveryClient.register(DiscoveryClient.java:820)\r\n\tat com.netflix.discovery.InstanceInfoReplicator.run(InstanceInfoReplicator.java:121)\r\n\tat java.base/java.util.concurrent.Executors$RunnableAdapter.call(Executors.java:539)\r\n\tat java.base/java.util.concurrent.FutureTask.run(FutureTask.java:264)\r\n\tat java.base/java.util.concurrent.ScheduledThreadPoolExecutor$ScheduledFutureTask.run(ScheduledThreadPoolExecutor.java:304)\r\n\tat java.base/java.util.concurrent.ThreadPoolExecutor.runWorker(ThreadPoolExecutor.java:1136)\r\n\tat java.base/java.util.concurrent.ThreadPoolExecutor$Worker.run(ThreadPoolExecutor.java:635)\r\n\tat java.base/java.lang.Thread.run(Thread.java:842)\r\n","service":"skyways","environment":"local","traceId":"${ctx:traceId}"}
{"@timestamp":"2026-05-16T09:16:19.811Z","ecs.version":"1.2.0","log.level":"WARN","message":"[Consumer clientId=consumer-flight-service-group-2, groupId=flight-service-group] Connection to node -1 (localhost/127.0.0.1:29092) could not be established. Node may not be available.","process.thread.name":"org.springframework.kafka.KafkaListenerEndpointContainer#1-0-C-1","log.logger":"org.apache.kafka.clients.NetworkClient","service":"skyways","environment":"local","traceId":"${ctx:traceId}"}
{"@timestamp":"2026-05-16T09:16:19.811Z","ecs.version":"1.2.0","log.level":"WARN","message":"[Consumer clientId=consumer-flight-service-group-2, groupId=flight-service-group] Bootstrap broker localhost:29092 (id: -1 rack: null) disconnected","process.thread.name":"org.springframework.kafka.KafkaListenerEndpointContainer#1-0-C-1","log.logger":"org.apache.kafka.clients.NetworkClient","service":"skyways","environment":"local","traceId":"${ctx:traceId}"}
{"@timestamp":"2026-05-16T09:16:19.843Z","ecs.version":"1.2.0","log.level":"WARN","message":"[Consumer clientId=consumer-flight-service-group-1, groupId=flight-service-group] Connection to node -1 (localhost/127.0.0.1:29092) could not be established. Node may not be available.","process.thread.name":"org.springframework.kafka.KafkaListenerEndpointContainer#0-0-C-1","log.logger":"org.apache.kafka.clients.NetworkClient","service":"skyways","environment":"local","traceId":"${ctx:traceId}"}
{"@timestamp":"2026-05-16T09:16:19.843Z","ecs.version":"1.2.0","log.level":"WARN","message":"[Consumer clientId=consumer-flight-service-group-1, groupId=flight-service-group] Bootstrap broker localhost:29092 (id: -1 rack: null) disconnected","process.thread.name":"org.springframework.kafka.KafkaListenerEndpointContainer#0-0-C-1","log.logger":"org.apache.kafka.clients.NetworkClient","service":"skyways","environment":"local","traceId":"${ctx:traceId}"}
{"@timestamp":"2026-05-16T09:16:20.802Z","ecs.version":"1.2.0","log.level":"WARN","message":"[Consumer clientId=consumer-flight-service-group-1, groupId=flight-service-group] Connection to node -1 (localhost/127.0.0.1:29092) could not be established. Node may not be available.","process.thread.name":"org.springframework.kafka.KafkaListenerEndpointContainer#0-0-C-1","log.logger":"org.apache.kafka.clients.NetworkClient","service":"skyways","environment":"local","traceId":"${ctx:traceId}"}
{"@timestamp":"2026-05-16T09:16:20.802Z","ecs.version":"1.2.0","log.level":"WARN","message":"[Consumer clientId=consumer-flight-service-group-2, groupId=flight-service-group] Connection to node -1 (localhost/127.0.0.1:29092) could not be established. Node may not be available.","process.thread.name":"org.springframework.kafka.KafkaListenerEndpointContainer#1-0-C-1","log.logger":"org.apache.kafka.clients.NetworkClient","service":"skyways","environment":"local","traceId":"${ctx:traceId}"}
{"@timestamp":"2026-05-16T09:16:20.803Z","ecs.version":"1.2.0","log.level":"WARN","message":"[Consumer clientId=consumer-flight-service-group-2, groupId=flight-service-group] Bootstrap broker localhost:29092 (id: -1 rack: null) disconnected","process.thread.name":"org.springframework.kafka.KafkaListenerEndpointContainer#1-0-C-1","log.logger":"org.apache.kafka.clients.NetworkClient","service":"skyways","environment":"local","traceId":"${ctx:traceId}"}
{"@timestamp":"2026-05-16T09:16:20.803Z","ecs.version":"1.2.0","log.level":"WARN","message":"[Consumer clientId=consumer-flight-service-group-1, groupId=flight-service-group] Bootstrap broker localhost:29092 (id: -1 rack: null) disconnected","process.thread.name":"org.springframework.kafka.KafkaListenerEndpointContainer#0-0-C-1","log.logger":"org.apache.kafka.clients.NetworkClient","service":"skyways","environment":"local","traceId":"${ctx:traceId}"}
{"@timestamp":"2026-05-16T09:16:21.745Z","ecs.version":"1.2.0","log.level":"WARN","message":"[Consumer clientId=consumer-flight-service-group-2, groupId=flight-service-group] Connection to node -1 (localhost/127.0.0.1:29092) could not be established. Node may not be available.","process.thread.name":"org.springframework.kafka.KafkaListenerEndpointContainer#1-0-C-1","log.logger":"org.apache.kafka.clients.NetworkClient","service":"skyways","environment":"local","traceId":"${ctx:traceId}"}
{"@timestamp":"2026-05-16T09:16:21.745Z","ecs.version":"1.2.0","log.level":"WARN","message":"[Consumer clientId=consumer-flight-service-group-2, groupId=flight-service-group] Bootstrap broker localhost:29092 (id: -1 rack: null) disconnected","process.thread.name":"org.springframework.kafka.KafkaListenerEndpointContainer#1-0-C-1","log.logger":"org.apache.kafka.clients.NetworkClient","service":"skyways","environment":"local","traceId":"${ctx:traceId}"}
{"@timestamp":"2026-05-16T09:16:21.853Z","ecs.version":"1.2.0","log.level":"WARN","message":"[Consumer clientId=consumer-flight-service-group-1, groupId=flight-service-group] Connection to node -1 (localhost/127.0.0.1:29092) could not be established. Node may not be available.","process.thread.name":"org.springframework.kafka.KafkaListenerEndpointContainer#0-0-C-1","log.logger":"org.apache.kafka.clients.NetworkClient","service":"skyways","environment":"local","traceId":"${ctx:traceId}"}
{"@timestamp":"2026-05-16T09:16:21.854Z","ecs.version":"1.2.0","log.level":"WARN","message":"[Consumer clientId=consumer-flight-service-group-1, groupId=flight-service-group] Bootstrap broker localhost:29092 (id: -1 rack: null) disconnected","process.thread.name":"org.springframework.kafka.KafkaListenerEndpointContainer#0-0-C-1","log.logger":"org.apache.kafka.clients.NetworkClient","service":"skyways","environment":"local","traceId":"${ctx:traceId}"}
{"@timestamp":"2026-05-16T09:16:22.734Z","ecs.version":"1.2.0","log.level":"WARN","message":"[Consumer clientId=consumer-flight-service-group-1, groupId=flight-service-group] Connection to node -1 (localhost/127.0.0.1:29092) could not be established. Node may not be available.","process.thread.name":"org.springframework.kafka.KafkaListenerEndpointContainer#0-0-C-1","log.logger":"org.apache.kafka.clients.NetworkClient","service":"skyways","environment":"local","traceId":"${ctx:traceId}"}
{"@timestamp":"2026-05-16T09:16:22.734Z","ecs.version":"1.2.0","log.level":"WARN","message":"[Consumer clientId=consumer-flight-service-group-1, groupId=flight-service-group] Bootstrap broker localhost:29092 (id: -1 rack: null) disconnected","process.thread.name":"org.springframework.kafka.KafkaListenerEndpointContainer#0-0-C-1","log.logger":"org.apache.kafka.clients.NetworkClient","service":"skyways","environment":"local","traceId":"${ctx:traceId}"}
{"@timestamp":"2026-05-16T09:16:22.781Z","ecs.version":"1.2.0","log.level":"WARN","message":"[Consumer clientId=consumer-flight-service-group-2, groupId=flight-service-group] Connection to node -1 (localhost/127.0.0.1:29092) could not be established. Node may not be available.","process.thread.name":"org.springframework.kafka.KafkaListenerEndpointContainer#1-0-C-1","log.logger":"org.apache.kafka.clients.NetworkClient","service":"skyways","environment":"local","traceId":"${ctx:traceId}"}
{"@timestamp":"2026-05-16T09:16:22.781Z","ecs.version":"1.2.0","log.level":"WARN","message":"[Consumer clientId=consumer-flight-service-group-2, groupId=flight-service-group] Bootstrap broker localhost:29092 (id: -1 rack: null) disconnected","process.thread.name":"org.springframework.kafka.KafkaListenerEndpointContainer#1-0-C-1","log.logger":"org.apache.kafka.clients.NetworkClient","service":"skyways","environment":"local","traceId":"${ctx:traceId}"}
{"@timestamp":"2026-05-16T09:16:23.739Z","ecs.version":"1.2.0","log.level":"WARN","message":"[Consumer clientId=consumer-flight-service-group-1, groupId=flight-service-group] Connection to node -1 (localhost/127.0.0.1:29092) could not be established. Node may not be available.","process.thread.name":"org.springframework.kafka.KafkaListenerEndpointContainer#0-0-C-1","log.logger":"org.apache.kafka.clients.NetworkClient","service":"skyways","environment":"local","traceId":"${ctx:traceId}"}
{"@timestamp":"2026-05-16T09:16:23.739Z","ecs.version":"1.2.0","log.level":"WARN","message":"[Consumer clientId=consumer-flight-service-group-1, groupId=flight-service-group] Bootstrap broker localhost:29092 (id: -1 rack: null) disconnected","process.thread.name":"org.springframework.kafka.KafkaListenerEndpointContainer#0-0-C-1","log.logger":"org.apache.kafka.clients.NetworkClient","service":"skyways","environment":"local","traceId":"${ctx:traceId}"}
{"@timestamp":"2026-05-16T09:16:23.818Z","ecs.version":"1.2.0","log.level":"WARN","message":"[Consumer clientId=consumer-flight-service-group-2, groupId=flight-service-group] Connection to node -1 (localhost/127.0.0.1:29092) could not be established. Node may not be available.","process.thread.name":"org.springframework.kafka.KafkaListenerEndpointContainer#1-0-C-1","log.logger":"org.apache.kafka.clients.NetworkClient","service":"skyways","environment":"local","traceId":"${ctx:traceId}"}
{"@timestamp":"2026-05-16T09:16:23.819Z","ecs.version":"1.2.0","log.level":"WARN","message":"[Consumer clientId=consumer-flight-service-group-2, groupId=flight-service-group] Bootstrap broker localhost:29092 (id: -1 rack: null) disconnected","process.thread.name":"org.springframework.kafka.KafkaListenerEndpointContainer#1-0-C-1","log.logger":"org.apache.kafka.clients.NetworkClient","service":"skyways","environment":"local","traceId":"${ctx:traceId}"}
{"@timestamp":"2026-05-16T09:16:24.620Z","ecs.version":"1.2.0","log.level":"WARN","message":"[Consumer clientId=consumer-flight-service-group-1, groupId=flight-service-group] Connection to node -1 (localhost/127.0.0.1:29092) could not be established. Node may not be available.","process.thread.name":"org.springframework.kafka.KafkaListenerEndpointContainer#0-0-C-1","log.logger":"org.apache.kafka.clients.NetworkClient","service":"skyways","environment":"local","traceId":"${ctx:traceId}"}
{"@timestamp":"2026-05-16T09:16:24.620Z","ecs.version":"1.2.0","log.level":"WARN","message":"[Consumer clientId=consumer-flight-service-group-1, groupId=flight-service-group] Bootstrap broker localhost:29092 (id: -1 rack: null) disconnected","process.thread.name":"org.springframework.kafka.KafkaListenerEndpointContainer#0-0-C-1","log.logger":"org.apache.kafka.clients.NetworkClient","service":"skyways","environment":"local","traceId":"${ctx:traceId}"}
{"@timestamp":"2026-05-16T09:16:24.855Z","ecs.version":"1.2.0","log.level":"WARN","message":"[Consumer clientId=consumer-flight-service-group-2, groupId=flight-service-group] Connection to node -1 (localhost/127.0.0.1:29092) could not be established. Node may not be available.","process.thread.name":"org.springframework.kafka.KafkaListenerEndpointContainer#1-0-C-1","log.logger":"org.apache.kafka.clients.NetworkClient","service":"skyways","environment":"local","traceId":"${ctx:traceId}"}
{"@timestamp":"2026-05-16T09:16:24.856Z","ecs.version":"1.2.0","log.level":"WARN","message":"[Consumer clientId=consumer-flight-service-group-2, groupId=flight-service-group] Bootstrap broker localhost:29092 (id: -1 rack: null) disconnected","process.thread.name":"org.springframework.kafka.KafkaListenerEndpointContainer#1-0-C-1","log.logger":"org.apache.kafka.clients.NetworkClient","service":"skyways","environment":"local","traceId":"${ctx:traceId}"}
{"@timestamp":"2026-05-16T09:16:25.626Z","ecs.version":"1.2.0","log.level":"WARN","message":"[Consumer clientId=consumer-flight-service-group-1, groupId=flight-service-group] Connection to node -1 (localhost/127.0.0.1:29092) could not be established. Node may not be available.","process.thread.name":"org.springframework.kafka.KafkaListenerEndpointContainer#0-0-C-1","log.logger":"org.apache.kafka.clients.NetworkClient","service":"skyways","environment":"local","traceId":"${ctx:traceId}"}
{"@timestamp":"2026-05-16T09:16:25.626Z","ecs.version":"1.2.0","log.level":"WARN","message":"[Consumer clientId=consumer-flight-service-group-1, groupId=flight-service-group] Bootstrap broker localhost:29092 (id: -1 rack: null) disconnected","process.thread.name":"org.springframework.kafka.KafkaListenerEndpointContainer#0-0-C-1","log.logger":"org.apache.kafka.clients.NetworkClient","service":"skyways","environment":"local","traceId":"${ctx:traceId}"}
{"@timestamp":"2026-05-16T09:16:25.862Z","ecs.version":"1.2.0","log.level":"WARN","message":"[Consumer clientId=consumer-flight-service-group-2, groupId=flight-service-group] Connection to node -1 (localhost/127.0.0.1:29092) could not be established. Node may not be available.","process.thread.name":"org.springframework.kafka.KafkaListenerEndpointContainer#1-0-C-1","log.logger":"org.apache.kafka.clients.NetworkClient","service":"skyways","environment":"local","traceId":"${ctx:traceId}"}
{"@timestamp":"2026-05-16T09:16:25.863Z","ecs.version":"1.2.0","log.level":"WARN","message":"[Consumer clientId=consumer-flight-service-group-2, groupId=flight-service-group] Bootstrap broker localhost:29092 (id: -1 rack: null) disconnected","process.thread.name":"org.springframework.kafka.KafkaListenerEndpointContainer#1-0-C-1","log.logger":"org.apache.kafka.clients.NetworkClient","service":"skyways","environment":"local","traceId":"${ctx:traceId}"}
{"@timestamp":"2026-05-16T09:16:26.633Z","ecs.version":"1.2.0","log.level":"WARN","message":"[Consumer clientId=consumer-flight-service-group-1, groupId=flight-service-group] Connection to node -1 (localhost/127.0.0.1:29092) could not be established. Node may not be available.","process.thread.name":"org.springframework.kafka.KafkaListenerEndpointContainer#0-0-C-1","log.logger":"org.apache.kafka.clients.NetworkClient","service":"skyways","environment":"local","traceId":"${ctx:traceId}"}
{"@timestamp":"2026-05-16T09:16:26.633Z","ecs.version":"1.2.0","log.level":"WARN","message":"[Consumer clientId=consumer-flight-service-group-1, groupId=flight-service-group] Bootstrap broker localhost:29092 (id: -1 rack: null) disconnected","process.thread.name":"org.springframework.kafka.KafkaListenerEndpointContainer#0-0-C-1","log.logger":"org.apache.kafka.clients.NetworkClient","service":"skyways","environment":"local","traceId":"${ctx:traceId}"}
{"@timestamp":"2026-05-16T09:16:26.866Z","ecs.version":"1.2.0","log.level":"WARN","message":"[Consumer clientId=consumer-flight-service-group-2, groupId=flight-service-group] Connection to node -1 (localhost/127.0.0.1:29092) could not be established. Node may not be available.","process.thread.name":"org.springframework.kafka.KafkaListenerEndpointContainer#1-0-C-1","log.logger":"org.apache.kafka.clients.NetworkClient","service":"skyways","environment":"local","traceId":"${ctx:traceId}"}
{"@timestamp":"2026-05-16T09:16:26.866Z","ecs.version":"1.2.0","log.level":"WARN","message":"[Consumer clientId=consumer-flight-service-group-2, groupId=flight-service-group] Bootstrap broker localhost:29092 (id: -1 rack: null) disconnected","process.thread.name":"org.springframework.kafka.KafkaListenerEndpointContainer#1-0-C-1","log.logger":"org.apache.kafka.clients.NetworkClient","service":"skyways","environment":"local","traceId":"${ctx:traceId}"}
{"@timestamp":"2026-05-16T09:16:27.635Z","ecs.version":"1.2.0","log.level":"WARN","message":"[Consumer clientId=consumer-flight-service-group-1, groupId=flight-service-group] Connection to node -1 (localhost/127.0.0.1:29092) could not be established. Node may not be available.","process.thread.name":"org.springframework.kafka.KafkaListenerEndpointContainer#0-0-C-1","log.logger":"org.apache.kafka.clients.NetworkClient","service":"skyways","environment":"local","traceId":"${ctx:traceId}"}
{"@timestamp":"2026-05-16T09:16:27.635Z","ecs.version":"1.2.0","log.level":"WARN","message":"[Consumer clientId=consumer-flight-service-group-1, groupId=flight-service-group] Bootstrap broker localhost:29092 (id: -1 rack: null) disconnected","process.thread.name":"org.springframework.kafka.KafkaListenerEndpointContainer#0-0-C-1","log.logger":"org.apache.kafka.clients.NetworkClient","service":"skyways","environment":"local","traceId":"${ctx:traceId}"}
{"@timestamp":"2026-05-16T09:16:27.900Z","ecs.version":"1.2.0","log.level":"WARN","message":"[Consumer clientId=consumer-flight-service-group-2, groupId=flight-service-group] Connection to node -1 (localhost/127.0.0.1:29092) could not be established. Node may not be available.","process.thread.name":"org.springframework.kafka.KafkaListenerEndpointContainer#1-0-C-1","log.logger":"org.apache.kafka.clients.NetworkClient","service":"skyways","environment":"local","traceId":"${ctx:traceId}"}
{"@timestamp":"2026-05-16T09:16:27.901Z","ecs.version":"1.2.0","log.level":"WARN","message":"[Consumer clientId=consumer-flight-service-group-2, groupId=flight-service-group] Bootstrap broker localhost:29092 (id: -1 rack: null) disconnected","process.thread.name":"org.springframework.kafka.KafkaListenerEndpointContainer#1-0-C-1","log.logger":"org.apache.kafka.clients.NetworkClient","service":"skyways","environment":"local","traceId":"${ctx:traceId}"}
{"@timestamp":"2026-05-16T09:16:28.642Z","ecs.version":"1.2.0","log.level":"WARN","message":"[Consumer clientId=consumer-flight-service-group-1, groupId=flight-service-group] Connection to node -1 (localhost/127.0.0.1:29092) could not be established. Node may not be available.","process.thread.name":"org.springframework.kafka.KafkaListenerEndpointContainer#0-0-C-1","log.logger":"org.apache.kafka.clients.NetworkClient","service":"skyways","environment":"local","traceId":"${ctx:traceId}"}
{"@timestamp":"2026-05-16T09:16:28.642Z","ecs.version":"1.2.0","log.level":"WARN","message":"[Consumer clientId=consumer-flight-service-group-1, groupId=flight-service-group] Bootstrap broker localhost:29092 (id: -1 rack: null) disconnected","process.thread.name":"org.springframework.kafka.KafkaListenerEndpointContainer#0-0-C-1","log.logger":"org.apache.kafka.clients.NetworkClient","service":"skyways","environment":"local","traceId":"${ctx:traceId}"}
{"@timestamp":"2026-05-16T09:16:28.912Z","ecs.version":"1.2.0","log.level":"WARN","message":"[Consumer clientId=consumer-flight-service-group-2, groupId=flight-service-group] Connection to node -1 (localhost/127.0.0.1:29092) could not be established. Node may not be available.","process.thread.name":"org.springframework.kafka.KafkaListenerEndpointContainer#1-0-C-1","log.logger":"org.apache.kafka.clients.NetworkClient","service":"skyways","environment":"local","traceId":"${ctx:traceId}"}
{"@timestamp":"2026-05-16T09:16:28.912Z","ecs.version":"1.2.0","log.level":"WARN","message":"[Consumer clientId=consumer-flight-service-group-2, groupId=flight-service-group] Bootstrap broker localhost:29092 (id: -1 rack: null) disconnected","process.thread.name":"org.springframework.kafka.KafkaListenerEndpointContainer#1-0-C-1","log.logger":"org.apache.kafka.clients.NetworkClient","service":"skyways","environment":"local","traceId":"${ctx:traceId}"}
{"@timestamp":"2026-05-16T09:16:29.647Z","ecs.version":"1.2.0","log.level":"WARN","message":"[Consumer clientId=consumer-flight-service-group-1, groupId=flight-service-group] Connection to node -1 (localhost/127.0.0.1:29092) could not be established. Node may not be available.","process.thread.name":"org.springframework.kafka.KafkaListenerEndpointContainer#0-0-C-1","log.logger":"org.apache.kafka.clients.NetworkClient","service":"skyways","environment":"local","traceId":"${ctx:traceId}"}
{"@timestamp":"2026-05-16T09:16:29.647Z","ecs.version":"1.2.0","log.level":"WARN","message":"[Consumer clientId=consumer-flight-service-group-1, groupId=flight-service-group] Bootstrap broker localhost:29092 (id: -1 rack: null) disconnected","process.thread.name":"org.springframework.kafka.KafkaListenerEndpointContainer#0-0-C-1","log.logger":"org.apache.kafka.clients.NetworkClient","service":"skyways","environment":"local","traceId":"${ctx:traceId}"}
{"@timestamp":"2026-05-16T09:16:29.790Z","ecs.version":"1.2.0","log.level":"WARN","message":"[Consumer clientId=consumer-flight-service-group-2, groupId=flight-service-group] Connection to node -1 (localhost/127.0.0.1:29092) could not be established. Node may not be available.","process.thread.name":"org.springframework.kafka.KafkaListenerEndpointContainer#1-0-C-1","log.logger":"org.apache.kafka.clients.NetworkClient","service":"skyways","environment":"local","traceId":"${ctx:traceId}"}
{"@timestamp":"2026-05-16T09:16:29.790Z","ecs.version":"1.2.0","log.level":"WARN","message":"[Consumer clientId=consumer-flight-service-group-2, groupId=flight-service-group] Bootstrap broker localhost:29092 (id: -1 rack: null) disconnected","process.thread.name":"org.springframework.kafka.KafkaListenerEndpointContainer#1-0-C-1","log.logger":"org.apache.kafka.clients.NetworkClient","service":"skyways","environment":"local","traceId":"${ctx:traceId}"}
{"@timestamp":"2026-05-16T09:16:30.651Z","ecs.version":"1.2.0","log.level":"WARN","message":"[Consumer clientId=consumer-flight-service-group-1, groupId=flight-service-group] Connection to node -1 (localhost/127.0.0.1:29092) could not be established. Node may not be available.","process.thread.name":"org.springframework.kafka.KafkaListenerEndpointContainer#0-0-C-1","log.logger":"org.apache.kafka.clients.NetworkClient","service":"skyways","environment":"local","traceId":"${ctx:traceId}"}
{"@timestamp":"2026-05-16T09:16:30.651Z","ecs.version":"1.2.0","log.level":"WARN","message":"[Consumer clientId=consumer-flight-service-group-1, groupId=flight-service-group] Bootstrap broker localhost:29092 (id: -1 rack: null) disconnected","process.thread.name":"org.springframework.kafka.KafkaListenerEndpointContainer#0-0-C-1","log.logger":"org.apache.kafka.clients.NetworkClient","service":"skyways","environment":"local","traceId":"${ctx:traceId}"}
{"@timestamp":"2026-05-16T09:16:30.761Z","ecs.version":"1.2.0","log.level":"WARN","message":"[Consumer clientId=consumer-flight-service-group-2, groupId=flight-service-group] Connection to node -1 (localhost/127.0.0.1:29092) could not be established. Node may not be available.","process.thread.name":"org.springframework.kafka.KafkaListenerEndpointContainer#1-0-C-1","log.logger":"org.apache.kafka.clients.NetworkClient","service":"skyways","environment":"local","traceId":"${ctx:traceId}"}
{"@timestamp":"2026-05-16T09:16:30.761Z","ecs.version":"1.2.0","log.level":"WARN","message":"[Consumer clientId=consumer-flight-service-group-2, groupId=flight-service-group] Bootstrap broker localhost:29092 (id: -1 rack: null) disconnected","process.thread.name":"org.springframework.kafka.KafkaListenerEndpointContainer#1-0-C-1","log.logger":"org.apache.kafka.clients.NetworkClient","service":"skyways","environment":"local","traceId":"${ctx:traceId}"}
{"@timestamp":"2026-05-16T09:16:31.594Z","ecs.version":"1.2.0","log.level":"WARN","message":"[Consumer clientId=consumer-flight-service-group-1, groupId=flight-service-group] Connection to node -1 (localhost/127.0.0.1:29092) could not be established. Node may not be available.","process.thread.name":"org.springframework.kafka.KafkaListenerEndpointContainer#0-0-C-1","log.logger":"org.apache.kafka.clients.NetworkClient","service":"skyways","environment":"local","traceId":"${ctx:traceId}"}
{"@timestamp":"2026-05-16T09:16:31.594Z","ecs.version":"1.2.0","log.level":"WARN","message":"[Consumer clientId=consumer-flight-service-group-1, groupId=flight-service-group] Bootstrap broker localhost:29092 (id: -1 rack: null) disconnected","process.thread.name":"org.springframework.kafka.KafkaListenerEndpointContainer#0-0-C-1","log.logger":"org.apache.kafka.clients.NetworkClient","service":"skyways","environment":"local","traceId":"${ctx:traceId}"}
{"@timestamp":"2026-05-16T09:16:31.720Z","ecs.version":"1.2.0","log.level":"WARN","message":"[Consumer clientId=consumer-flight-service-group-2, groupId=flight-service-group] Connection to node -1 (localhost/127.0.0.1:29092) could not be established. Node may not be available.","process.thread.name":"org.springframework.kafka.KafkaListenerEndpointContainer#1-0-C-1","log.logger":"org.apache.kafka.clients.NetworkClient","service":"skyways","environment":"local","traceId":"${ctx:traceId}"}
{"@timestamp":"2026-05-16T09:16:31.720Z","ecs.version":"1.2.0","log.level":"WARN","message":"[Consumer clientId=consumer-flight-service-group-2, groupId=flight-service-group] Bootstrap broker localhost:29092 (id: -1 rack: null) disconnected","process.thread.name":"org.springframework.kafka.KafkaListenerEndpointContainer#1-0-C-1","log.logger":"org.apache.kafka.clients.NetworkClient","service":"skyways","environment":"local","traceId":"${ctx:traceId}"}
{"@timestamp":"2026-05-16T09:16:32.601Z","ecs.version":"1.2.0","log.level":"WARN","message":"[Consumer clientId=consumer-flight-service-group-1, groupId=flight-service-group] Connection to node -1 (localhost/127.0.0.1:29092) could not be established. Node may not be available.","process.thread.name":"org.springframework.kafka.KafkaListenerEndpointContainer#0-0-C-1","log.logger":"org.apache.kafka.clients.NetworkClient","service":"skyways","environment":"local","traceId":"${ctx:traceId}"}
{"@timestamp":"2026-05-16T09:16:32.601Z","ecs.version":"1.2.0","log.level":"WARN","message":"[Consumer clientId=consumer-flight-service-group-1, groupId=flight-service-group] Bootstrap broker localhost:29092 (id: -1 rack: null) disconnected","process.thread.name":"org.springframework.kafka.KafkaListenerEndpointContainer#0-0-C-1","log.logger":"org.apache.kafka.clients.NetworkClient","service":"skyways","environment":"local","traceId":"${ctx:traceId}"}
{"@timestamp":"2026-05-16T09:16:32.729Z","ecs.version":"1.2.0","log.level":"WARN","message":"[Consumer clientId=consumer-flight-service-group-2, groupId=flight-service-group] Connection to node -1 (localhost/127.0.0.1:29092) could not be established. Node may not be available.","process.thread.name":"org.springframework.kafka.KafkaListenerEndpointContainer#1-0-C-1","log.logger":"org.apache.kafka.clients.NetworkClient","service":"skyways","environment":"local","traceId":"${ctx:traceId}"}
{"@timestamp":"2026-05-16T09:16:32.730Z","ecs.version":"1.2.0","log.level":"WARN","message":"[Consumer clientId=consumer-flight-service-group-2, groupId=flight-service-group] Bootstrap broker localhost:29092 (id: -1 rack: null) disconnected","process.thread.name":"org.springframework.kafka.KafkaListenerEndpointContainer#1-0-C-1","log.logger":"org.apache.kafka.clients.NetworkClient","service":"skyways","environment":"local","traceId":"${ctx:traceId}"}
{"@timestamp":"2026-05-16T09:16:33.608Z","ecs.version":"1.2.0","log.level":"WARN","message":"[Consumer clientId=consumer-flight-service-group-1, groupId=flight-service-group] Connection to node -1 (localhost/127.0.0.1:29092) could not be established. Node may not be available.","process.thread.name":"org.springframework.kafka.KafkaListenerEndpointContainer#0-0-C-1","log.logger":"org.apache.kafka.clients.NetworkClient","service":"skyways","environment":"local","traceId":"${ctx:traceId}"}
{"@timestamp":"2026-05-16T09:16:33.608Z","ecs.version":"1.2.0","log.level":"WARN","message":"[Consumer clientId=consumer-flight-service-group-1, groupId=flight-service-group] Bootstrap broker localhost:29092 (id: -1 rack: null) disconnected","process.thread.name":"org.springframework.kafka.KafkaListenerEndpointContainer#0-0-C-1","log.logger":"org.apache.kafka.clients.NetworkClient","service":"skyways","environment":"local","traceId":"${ctx:traceId}"}
{"@timestamp":"2026-05-16T09:16:33.733Z","ecs.version":"1.2.0","log.level":"WARN","message":"[Consumer clientId=consumer-flight-service-group-2, groupId=flight-service-group] Connection to node -1 (localhost/127.0.0.1:29092) could not be established. Node may not be available.","process.thread.name":"org.springframework.kafka.KafkaListenerEndpointContainer#1-0-C-1","log.logger":"org.apache.kafka.clients.NetworkClient","service":"skyways","environment":"local","traceId":"${ctx:traceId}"}
{"@timestamp":"2026-05-16T09:16:33.733Z","ecs.version":"1.2.0","log.level":"WARN","message":"[Consumer clientId=consumer-flight-service-group-2, groupId=flight-service-group] Bootstrap broker localhost:29092 (id: -1 rack: null) disconnected","process.thread.name":"org.springframework.kafka.KafkaListenerEndpointContainer#1-0-C-1","log.logger":"org.apache.kafka.clients.NetworkClient","service":"skyways","environment":"local","traceId":"${ctx:traceId}"}
{"@timestamp":"2026-05-16T09:16:34.615Z","ecs.version":"1.2.0","log.level":"WARN","message":"[Consumer clientId=consumer-flight-service-group-1, groupId=flight-service-group] Connection to node -1 (localhost/127.0.0.1:29092) could not be established. Node may not be available.","process.thread.name":"org.springframework.kafka.KafkaListenerEndpointContainer#0-0-C-1","log.logger":"org.apache.kafka.clients.NetworkClient","service":"skyways","environment":"local","traceId":"${ctx:traceId}"}
{"@timestamp":"2026-05-16T09:16:34.615Z","ecs.version":"1.2.0","log.level":"WARN","message":"[Consumer clientId=consumer-flight-service-group-1, groupId=flight-service-group] Bootstrap broker localhost:29092 (id: -1 rack: null) disconnected","process.thread.name":"org.springframework.kafka.KafkaListenerEndpointContainer#0-0-C-1","log.logger":"org.apache.kafka.clients.NetworkClient","service":"skyways","environment":"local","traceId":"${ctx:traceId}"}
{"@timestamp":"2026-05-16T09:16:34.756Z","ecs.version":"1.2.0","log.level":"WARN","message":"[Consumer clientId=consumer-flight-service-group-2, groupId=flight-service-group] Connection to node -1 (localhost/127.0.0.1:29092) could not be established. Node may not be available.","process.thread.name":"org.springframework.kafka.KafkaListenerEndpointContainer#1-0-C-1","log.logger":"org.apache.kafka.clients.NetworkClient","service":"skyways","environment":"local","traceId":"${ctx:traceId}"}
{"@timestamp":"2026-05-16T09:16:34.756Z","ecs.version":"1.2.0","log.level":"WARN","message":"[Consumer clientId=consumer-flight-service-group-2, groupId=flight-service-group] Bootstrap broker localhost:29092 (id: -1 rack: null) disconnected","process.thread.name":"org.springframework.kafka.KafkaListenerEndpointContainer#1-0-C-1","log.logger":"org.apache.kafka.clients.NetworkClient","service":"skyways","environment":"local","traceId":"${ctx:traceId}"}
{"@timestamp":"2026-05-16T09:16:35.619Z","ecs.version":"1.2.0","log.level":"WARN","message":"[Consumer clientId=consumer-flight-service-group-1, groupId=flight-service-group] Connection to node -1 (localhost/127.0.0.1:29092) could not be established. Node may not be available.","process.thread.name":"org.springframework.kafka.KafkaListenerEndpointContainer#0-0-C-1","log.logger":"org.apache.kafka.clients.NetworkClient","service":"skyways","environment":"local","traceId":"${ctx:traceId}"}
{"@timestamp":"2026-05-16T09:16:35.619Z","ecs.version":"1.2.0","log.level":"WARN","message":"[Consumer clientId=consumer-flight-service-group-1, groupId=flight-service-group] Bootstrap broker localhost:29092 (id: -1 rack: null) disconnected","process.thread.name":"org.springframework.kafka.KafkaListenerEndpointContainer#0-0-C-1","log.logger":"org.apache.kafka.clients.NetworkClient","service":"skyways","environment":"local","traceId":"${ctx:traceId}"}
{"@timestamp":"2026-05-16T09:16:35.761Z","ecs.version":"1.2.0","log.level":"WARN","message":"[Consumer clientId=consumer-flight-service-group-2, groupId=flight-service-group] Connection to node -1 (localhost/127.0.0.1:29092) could not be established. Node may not be available.","process.thread.name":"org.springframework.kafka.KafkaListenerEndpointContainer#1-0-C-1","log.logger":"org.apache.kafka.clients.NetworkClient","service":"skyways","environment":"local","traceId":"${ctx:traceId}"}
{"@timestamp":"2026-05-16T09:16:35.761Z","ecs.version":"1.2.0","log.level":"WARN","message":"[Consumer clientId=consumer-flight-service-group-2, groupId=flight-service-group] Bootstrap broker localhost:29092 (id: -1 rack: null) disconnected","process.thread.name":"org.springframework.kafka.KafkaListenerEndpointContainer#1-0-C-1","log.logger":"org.apache.kafka.clients.NetworkClient","service":"skyways","environment":"local","traceId":"${ctx:traceId}"}
{"@timestamp":"2026-05-16T09:16:36.501Z","ecs.version":"1.2.0","log.level":"WARN","message":"[Consumer clientId=consumer-flight-service-group-1, groupId=flight-service-group] Connection to node -1 (localhost/127.0.0.1:29092) could not be established. Node may not be available.","process.thread.name":"org.springframework.kafka.KafkaListenerEndpointContainer#0-0-C-1","log.logger":"org.apache.kafka.clients.NetworkClient","service":"skyways","environment":"local","traceId":"${ctx:traceId}"}
{"@timestamp":"2026-05-16T09:16:36.501Z","ecs.version":"1.2.0","log.level":"WARN","message":"[Consumer clientId=consumer-flight-service-group-1, groupId=flight-service-group] Bootstrap broker localhost:29092 (id: -1 rack: null) disconnected","process.thread.name":"org.springframework.kafka.KafkaListenerEndpointContainer#0-0-C-1","log.logger":"org.apache.kafka.clients.NetworkClient","service":"skyways","environment":"local","traceId":"${ctx:traceId}"}
{"@timestamp":"2026-05-16T09:16:36.769Z","ecs.version":"1.2.0","log.level":"WARN","message":"[Consumer clientId=consumer-flight-service-group-2, groupId=flight-service-group] Connection to node -1 (localhost/127.0.0.1:29092) could not be established. Node may not be available.","process.thread.name":"org.springframework.kafka.KafkaListenerEndpointContainer#1-0-C-1","log.logger":"org.apache.kafka.clients.NetworkClient","service":"skyways","environment":"local","traceId":"${ctx:traceId}"}
{"@timestamp":"2026-05-16T09:16:36.770Z","ecs.version":"1.2.0","log.level":"WARN","message":"[Consumer clientId=consumer-flight-service-group-2, groupId=flight-service-group] Bootstrap broker localhost:29092 (id: -1 rack: null) disconnected","process.thread.name":"org.springframework.kafka.KafkaListenerEndpointContainer#1-0-C-1","log.logger":"org.apache.kafka.clients.NetworkClient","service":"skyways","environment":"local","traceId":"${ctx:traceId}"}
{"@timestamp":"2026-05-16T09:16:37.448Z","ecs.version":"1.2.0","log.level":"WARN","message":"[Consumer clientId=consumer-flight-service-group-1, groupId=flight-service-group] Connection to node -1 (localhost/127.0.0.1:29092) could not be established. Node may not be available.","process.thread.name":"org.springframework.kafka.KafkaListenerEndpointContainer#0-0-C-1","log.logger":"org.apache.kafka.clients.NetworkClient","service":"skyways","environment":"local","traceId":"${ctx:traceId}"}
{"@timestamp":"2026-05-16T09:16:37.448Z","ecs.version":"1.2.0","log.level":"WARN","message":"[Consumer clientId=consumer-flight-service-group-1, groupId=flight-service-group] Bootstrap broker localhost:29092 (id: -1 rack: null) disconnected","process.thread.name":"org.springframework.kafka.KafkaListenerEndpointContainer#0-0-C-1","log.logger":"org.apache.kafka.clients.NetworkClient","service":"skyways","environment":"local","traceId":"${ctx:traceId}"}
{"@timestamp":"2026-05-16T09:16:37.778Z","ecs.version":"1.2.0","log.level":"WARN","message":"[Consumer clientId=consumer-flight-service-group-2, groupId=flight-service-group] Connection to node -1 (localhost/127.0.0.1:29092) could not be established. Node may not be available.","process.thread.name":"org.springframework.kafka.KafkaListenerEndpointContainer#1-0-C-1","log.logger":"org.apache.kafka.clients.NetworkClient","service":"skyways","environment":"local","traceId":"${ctx:traceId}"}
{"@timestamp":"2026-05-16T09:16:37.778Z","ecs.version":"1.2.0","log.level":"WARN","message":"[Consumer clientId=consumer-flight-service-group-2, groupId=flight-service-group] Bootstrap broker localhost:29092 (id: -1 rack: null) disconnected","process.thread.name":"org.springframework.kafka.KafkaListenerEndpointContainer#1-0-C-1","log.logger":"org.apache.kafka.clients.NetworkClient","service":"skyways","environment":"local","traceId":"${ctx:traceId}"}
{"@timestamp":"2026-05-16T09:16:38.456Z","ecs.version":"1.2.0","log.level":"WARN","message":"[Consumer clientId=consumer-flight-service-group-1, groupId=flight-service-group] Connection to node -1 (localhost/127.0.0.1:29092) could not be established. Node may not be available.","process.thread.name":"org.springframework.kafka.KafkaListenerEndpointContainer#0-0-C-1","log.logger":"org.apache.kafka.clients.NetworkClient","service":"skyways","environment":"local","traceId":"${ctx:traceId}"}
{"@timestamp":"2026-05-16T09:16:38.457Z","ecs.version":"1.2.0","log.level":"WARN","message":"[Consumer clientId=consumer-flight-service-group-1, groupId=flight-service-group] Bootstrap broker localhost:29092 (id: -1 rack: null) disconnected","process.thread.name":"org.springframework.kafka.KafkaListenerEndpointContainer#0-0-C-1","log.logger":"org.apache.kafka.clients.NetworkClient","service":"skyways","environment":"local","traceId":"${ctx:traceId}"}
{"@timestamp":"2026-05-16T09:16:38.725Z","ecs.version":"1.2.0","log.level":"WARN","message":"[Consumer clientId=consumer-flight-service-group-2, groupId=flight-service-group] Connection to node -1 (localhost/127.0.0.1:29092) could not be established. Node may not be available.","process.thread.name":"org.springframework.kafka.KafkaListenerEndpointContainer#1-0-C-1","log.logger":"org.apache.kafka.clients.NetworkClient","service":"skyways","environment":"local","traceId":"${ctx:traceId}"}
{"@timestamp":"2026-05-16T09:16:38.725Z","ecs.version":"1.2.0","log.level":"WARN","message":"[Consumer clientId=consumer-flight-service-group-2, groupId=flight-service-group] Bootstrap broker localhost:29092 (id: -1 rack: null) disconnected","process.thread.name":"org.springframework.kafka.KafkaListenerEndpointContainer#1-0-C-1","log.logger":"org.apache.kafka.clients.NetworkClient","service":"skyways","environment":"local","traceId":"${ctx:traceId}"}
{"@timestamp":"2026-05-16T09:16:39.460Z","ecs.version":"1.2.0","log.level":"WARN","message":"[Consumer clientId=consumer-flight-service-group-1, groupId=flight-service-group] Connection to node -1 (localhost/127.0.0.1:29092) could not be established. Node may not be available.","process.thread.name":"org.springframework.kafka.KafkaListenerEndpointContainer#0-0-C-1","log.logger":"org.apache.kafka.clients.NetworkClient","service":"skyways","environment":"local","traceId":"${ctx:traceId}"}
{"@timestamp":"2026-05-16T09:16:39.460Z","ecs.version":"1.2.0","log.level":"WARN","message":"[Consumer clientId=consumer-flight-service-group-1, groupId=flight-service-group] Bootstrap broker localhost:29092 (id: -1 rack: null) disconnected","process.thread.name":"org.springframework.kafka.KafkaListenerEndpointContainer#0-0-C-1","log.logger":"org.apache.kafka.clients.NetworkClient","service":"skyways","environment":"local","traceId":"${ctx:traceId}"}
{"@timestamp":"2026-05-16T09:16:39.729Z","ecs.version":"1.2.0","log.level":"WARN","message":"[Consumer clientId=consumer-flight-service-group-2, groupId=flight-service-group] Connection to node -1 (localhost/127.0.0.1:29092) could not be established. Node may not be available.","process.thread.name":"org.springframework.kafka.KafkaListenerEndpointContainer#1-0-C-1","log.logger":"org.apache.kafka.clients.NetworkClient","service":"skyways","environment":"local","traceId":"${ctx:traceId}"}
{"@timestamp":"2026-05-16T09:16:39.729Z","ecs.version":"1.2.0","log.level":"WARN","message":"[Consumer clientId=consumer-flight-service-group-2, groupId=flight-service-group] Bootstrap broker localhost:29092 (id: -1 rack: null) disconnected","process.thread.name":"org.springframework.kafka.KafkaListenerEndpointContainer#1-0-C-1","log.logger":"org.apache.kafka.clients.NetworkClient","service":"skyways","environment":"local","traceId":"${ctx:traceId}"}
{"@timestamp":"2026-05-16T09:16:40.461Z","ecs.version":"1.2.0","log.level":"WARN","message":"[Consumer clientId=consumer-flight-service-group-1, groupId=flight-service-group] Connection to node -1 (localhost/127.0.0.1:29092) could not be established. Node may not be available.","process.thread.name":"org.springframework.kafka.KafkaListenerEndpointContainer#0-0-C-1","log.logger":"org.apache.kafka.clients.NetworkClient","service":"skyways","environment":"local","traceId":"${ctx:traceId}"}
{"@timestamp":"2026-05-16T09:16:40.461Z","ecs.version":"1.2.0","log.level":"WARN","message":"[Consumer clientId=consumer-flight-service-group-1, groupId=flight-service-group] Bootstrap broker localhost:29092 (id: -1 rack: null) disconnected","process.thread.name":"org.springframework.kafka.KafkaListenerEndpointContainer#0-0-C-1","log.logger":"org.apache.kafka.clients.NetworkClient","service":"skyways","environment":"local","traceId":"${ctx:traceId}"}
{"@timestamp":"2026-05-16T09:16:40.633Z","ecs.version":"1.2.0","log.level":"WARN","message":"[Consumer clientId=consumer-flight-service-group-2, groupId=flight-service-group] Connection to node -1 (localhost/127.0.0.1:29092) could not be established. Node may not be available.","process.thread.name":"org.springframework.kafka.KafkaListenerEndpointContainer#1-0-C-1","log.logger":"org.apache.kafka.clients.NetworkClient","service":"skyways","environment":"local","traceId":"${ctx:traceId}"}
{"@timestamp":"2026-05-16T09:16:40.633Z","ecs.version":"1.2.0","log.level":"WARN","message":"[Consumer clientId=consumer-flight-service-group-2, groupId=flight-service-group] Bootstrap broker localhost:29092 (id: -1 rack: null) disconnected","process.thread.name":"org.springframework.kafka.KafkaListenerEndpointContainer#1-0-C-1","log.logger":"org.apache.kafka.clients.NetworkClient","service":"skyways","environment":"local","traceId":"${ctx:traceId}"}
{"@timestamp":"2026-05-16T09:16:41.465Z","ecs.version":"1.2.0","log.level":"WARN","message":"[Consumer clientId=consumer-flight-service-group-1, groupId=flight-service-group] Connection to node -1 (localhost/127.0.0.1:29092) could not be established. Node may not be available.","process.thread.name":"org.springframework.kafka.KafkaListenerEndpointContainer#0-0-C-1","log.logger":"org.apache.kafka.clients.NetworkClient","service":"skyways","environment":"local","traceId":"${ctx:traceId}"}
{"@timestamp":"2026-05-16T09:16:41.466Z","ecs.version":"1.2.0","log.level":"WARN","message":"[Consumer clientId=consumer-flight-service-group-1, groupId=flight-service-group] Bootstrap broker localhost:29092 (id: -1 rack: null) disconnected","process.thread.name":"org.springframework.kafka.KafkaListenerEndpointContainer#0-0-C-1","log.logger":"org.apache.kafka.clients.NetworkClient","service":"skyways","environment":"local","traceId":"${ctx:traceId}"}
{"@timestamp":"2026-05-16T09:16:41.638Z","ecs.version":"1.2.0","log.level":"WARN","message":"[Consumer clientId=consumer-flight-service-group-2, groupId=flight-service-group] Connection to node -1 (localhost/127.0.0.1:29092) could not be established. Node may not be available.","process.thread.name":"org.springframework.kafka.KafkaListenerEndpointContainer#1-0-C-1","log.logger":"org.apache.kafka.clients.NetworkClient","service":"skyways","environment":"local","traceId":"${ctx:traceId}"}
{"@timestamp":"2026-05-16T09:16:41.638Z","ecs.version":"1.2.0","log.level":"WARN","message":"[Consumer clientId=consumer-flight-service-group-2, groupId=flight-service-group] Bootstrap broker localhost:29092 (id: -1 rack: null) disconnected","process.thread.name":"org.springframework.kafka.KafkaListenerEndpointContainer#1-0-C-1","log.logger":"org.apache.kafka.clients.NetworkClient","service":"skyways","environment":"local","traceId":"${ctx:traceId}"}
{"@timestamp":"2026-05-16T09:16:42.376Z","ecs.version":"1.2.0","log.level":"WARN","message":"[Consumer clientId=consumer-flight-service-group-1, groupId=flight-service-group] Connection to node -1 (localhost/127.0.0.1:29092) could not be established. Node may not be available.","process.thread.name":"org.springframework.kafka.KafkaListenerEndpointContainer#0-0-C-1","log.logger":"org.apache.kafka.clients.NetworkClient","service":"skyways","environment":"local","traceId":"${ctx:traceId}"}
{"@timestamp":"2026-05-16T09:16:42.376Z","ecs.version":"1.2.0","log.level":"WARN","message":"[Consumer clientId=consumer-flight-service-group-1, groupId=flight-service-group] Bootstrap broker localhost:29092 (id: -1 rack: null) disconnected","process.thread.name":"org.springframework.kafka.KafkaListenerEndpointContainer#0-0-C-1","log.logger":"org.apache.kafka.clients.NetworkClient","service":"skyways","environment":"local","traceId":"${ctx:traceId}"}
{"@timestamp":"2026-05-16T09:16:42.487Z","ecs.version":"1.2.0","log.level":"WARN","message":"[Consumer clientId=consumer-flight-service-group-2, groupId=flight-service-group] Connection to node -1 (localhost/127.0.0.1:29092) could not be established. Node may not be available.","process.thread.name":"org.springframework.kafka.KafkaListenerEndpointContainer#1-0-C-1","log.logger":"org.apache.kafka.clients.NetworkClient","service":"skyways","environment":"local","traceId":"${ctx:traceId}"}
{"@timestamp":"2026-05-16T09:16:42.487Z","ecs.version":"1.2.0","log.level":"WARN","message":"[Consumer clientId=consumer-flight-service-group-2, groupId=flight-service-group] Bootstrap broker localhost:29092 (id: -1 rack: null) disconnected","process.thread.name":"org.springframework.kafka.KafkaListenerEndpointContainer#1-0-C-1","log.logger":"org.apache.kafka.clients.NetworkClient","service":"skyways","environment":"local","traceId":"${ctx:traceId}"}
{"@timestamp":"2026-05-16T09:16:43.370Z","ecs.version":"1.2.0","log.level":"WARN","message":"[Consumer clientId=consumer-flight-service-group-2, groupId=flight-service-group] Connection to node -1 (localhost/127.0.0.1:29092) could not be established. Node may not be available.","process.thread.name":"org.springframework.kafka.KafkaListenerEndpointContainer#1-0-C-1","log.logger":"org.apache.kafka.clients.NetworkClient","service":"skyways","environment":"local","traceId":"${ctx:traceId}"}
{"@timestamp":"2026-05-16T09:16:43.370Z","ecs.version":"1.2.0","log.level":"WARN","message":"[Consumer clientId=consumer-flight-service-group-2, groupId=flight-service-group] Bootstrap broker localhost:29092 (id: -1 rack: null) disconnected","process.thread.name":"org.springframework.kafka.KafkaListenerEndpointContainer#1-0-C-1","log.logger":"org.apache.kafka.clients.NetworkClient","service":"skyways","environment":"local","traceId":"${ctx:traceId}"}
{"@timestamp":"2026-05-16T09:16:43.418Z","ecs.version":"1.2.0","log.level":"WARN","message":"[Consumer clientId=consumer-flight-service-group-1, groupId=flight-service-group] Connection to node -1 (localhost/127.0.0.1:29092) could not be established. Node may not be available.","process.thread.name":"org.springframework.kafka.KafkaListenerEndpointContainer#0-0-C-1","log.logger":"org.apache.kafka.clients.NetworkClient","service":"skyways","environment":"local","traceId":"${ctx:traceId}"}
{"@timestamp":"2026-05-16T09:16:43.418Z","ecs.version":"1.2.0","log.level":"WARN","message":"[Consumer clientId=consumer-flight-service-group-1, groupId=flight-service-group] Bootstrap broker localhost:29092 (id: -1 rack: null) disconnected","process.thread.name":"org.springframework.kafka.KafkaListenerEndpointContainer#0-0-C-1","log.logger":"org.apache.kafka.clients.NetworkClient","service":"skyways","environment":"local","traceId":"${ctx:traceId}"}
{"@timestamp":"2026-05-16T09:16:44.394Z","ecs.version":"1.2.0","log.level":"WARN","message":"[Consumer clientId=consumer-flight-service-group-2, groupId=flight-service-group] Connection to node -1 (localhost/127.0.0.1:29092) could not be established. Node may not be available.","process.thread.name":"org.springframework.kafka.KafkaListenerEndpointContainer#1-0-C-1","log.logger":"org.apache.kafka.clients.NetworkClient","service":"skyways","environment":"local","traceId":"${ctx:traceId}"}
{"@timestamp":"2026-05-16T09:16:44.394Z","ecs.version":"1.2.0","log.level":"WARN","message":"[Consumer clientId=consumer-flight-service-group-2, groupId=flight-service-group] Bootstrap broker localhost:29092 (id: -1 rack: null) disconnected","process.thread.name":"org.springframework.kafka.KafkaListenerEndpointContainer#1-0-C-1","log.logger":"org.apache.kafka.clients.NetworkClient","service":"skyways","environment":"local","traceId":"${ctx:traceId}"}
{"@timestamp":"2026-05-16T09:16:44.443Z","ecs.version":"1.2.0","log.level":"WARN","message":"[Consumer clientId=consumer-flight-service-group-1, groupId=flight-service-group] Connection to node -1 (localhost/127.0.0.1:29092) could not be established. Node may not be available.","process.thread.name":"org.springframework.kafka.KafkaListenerEndpointContainer#0-0-C-1","log.logger":"org.apache.kafka.clients.NetworkClient","service":"skyways","environment":"local","traceId":"${ctx:traceId}"}
{"@timestamp":"2026-05-16T09:16:44.443Z","ecs.version":"1.2.0","log.level":"WARN","message":"[Consumer clientId=consumer-flight-service-group-1, groupId=flight-service-group] Bootstrap broker localhost:29092 (id: -1 rack: null) disconnected","process.thread.name":"org.springframework.kafka.KafkaListenerEndpointContainer#0-0-C-1","log.logger":"org.apache.kafka.clients.NetworkClient","service":"skyways","environment":"local","traceId":"${ctx:traceId}"}
{"@timestamp":"2026-05-16T09:16:45.262Z","ecs.version":"1.2.0","log.level":"WARN","message":"[Consumer clientId=consumer-flight-service-group-2, groupId=flight-service-group] Connection to node -1 (localhost/127.0.0.1:29092) could not be established. Node may not be available.","process.thread.name":"org.springframework.kafka.KafkaListenerEndpointContainer#1-0-C-1","log.logger":"org.apache.kafka.clients.NetworkClient","service":"skyways","environment":"local","traceId":"${ctx:traceId}"}
{"@timestamp":"2026-05-16T09:16:45.263Z","ecs.version":"1.2.0","log.level":"WARN","message":"[Consumer clientId=consumer-flight-service-group-2, groupId=flight-service-group] Bootstrap broker localhost:29092 (id: -1 rack: null) disconnected","process.thread.name":"org.springframework.kafka.KafkaListenerEndpointContainer#1-0-C-1","log.logger":"org.apache.kafka.clients.NetworkClient","service":"skyways","environment":"local","traceId":"${ctx:traceId}"}
{"@timestamp":"2026-05-16T09:16:45.437Z","ecs.version":"1.2.0","log.level":"WARN","message":"[Consumer clientId=consumer-flight-service-group-1, groupId=flight-service-group] Connection to node -1 (localhost/127.0.0.1:29092) could not be established. Node may not be available.","process.thread.name":"org.springframework.kafka.KafkaListenerEndpointContainer#0-0-C-1","log.logger":"org.apache.kafka.clients.NetworkClient","service":"skyways","environment":"local","traceId":"${ctx:traceId}"}
{"@timestamp":"2026-05-16T09:16:45.437Z","ecs.version":"1.2.0","log.level":"WARN","message":"[Consumer clientId=consumer-flight-service-group-1, groupId=flight-service-group] Bootstrap broker localhost:29092 (id: -1 rack: null) disconnected","process.thread.name":"org.springframework.kafka.KafkaListenerEndpointContainer#0-0-C-1","log.logger":"org.apache.kafka.clients.NetworkClient","service":"skyways","environment":"local","traceId":"${ctx:traceId}"}
{"@timestamp":"2026-05-16T09:16:46.097Z","ecs.version":"1.2.0","log.level":"WARN","message":"[Consumer clientId=consumer-flight-service-group-2, groupId=flight-service-group] Connection to node -1 (localhost/127.0.0.1:29092) could not be established. Node may not be available.","process.thread.name":"org.springframework.kafka.KafkaListenerEndpointContainer#1-0-C-1","log.logger":"org.apache.kafka.clients.NetworkClient","service":"skyways","environment":"local","traceId":"${ctx:traceId}"}
{"@timestamp":"2026-05-16T09:16:46.097Z","ecs.version":"1.2.0","log.level":"WARN","message":"[Consumer clientId=consumer-flight-service-group-2, groupId=flight-service-group] Bootstrap broker localhost:29092 (id: -1 rack: null) disconnected","process.thread.name":"org.springframework.kafka.KafkaListenerEndpointContainer#1-0-C-1","log.logger":"org.apache.kafka.clients.NetworkClient","service":"skyways","environment":"local","traceId":"${ctx:traceId}"}
{"@timestamp":"2026-05-16T09:16:46.335Z","ecs.version":"1.2.0","log.level":"WARN","message":"[Consumer clientId=consumer-flight-service-group-1, groupId=flight-service-group] Connection to node -1 (localhost/127.0.0.1:29092) could not be established. Node may not be available.","process.thread.name":"org.springframework.kafka.KafkaListenerEndpointContainer#0-0-C-1","log.logger":"org.apache.kafka.clients.NetworkClient","service":"skyways","environment":"local","traceId":"${ctx:traceId}"}
{"@timestamp":"2026-05-16T09:16:46.335Z","ecs.version":"1.2.0","log.level":"WARN","message":"[Consumer clientId=consumer-flight-service-group-1, groupId=flight-service-group] Bootstrap broker localhost:29092 (id: -1 rack: null) disconnected","process.thread.name":"org.springframework.kafka.KafkaListenerEndpointContainer#0-0-C-1","log.logger":"org.apache.kafka.clients.NetworkClient","service":"skyways","environment":"local","traceId":"${ctx:traceId}"}
{"@timestamp":"2026-05-16T09:16:47.110Z","ecs.version":"1.2.0","log.level":"WARN","message":"[Consumer clientId=consumer-flight-service-group-2, groupId=flight-service-group] Connection to node -1 (localhost/127.0.0.1:29092) could not be established. Node may not be available.","process.thread.name":"org.springframework.kafka.KafkaListenerEndpointContainer#1-0-C-1","log.logger":"org.apache.kafka.clients.NetworkClient","service":"skyways","environment":"local","traceId":"${ctx:traceId}"}
{"@timestamp":"2026-05-16T09:16:47.110Z","ecs.version":"1.2.0","log.level":"WARN","message":"[Consumer clientId=consumer-flight-service-group-2, groupId=flight-service-group] Bootstrap broker localhost:29092 (id: -1 rack: null) disconnected","process.thread.name":"org.springframework.kafka.KafkaListenerEndpointContainer#1-0-C-1","log.logger":"org.apache.kafka.clients.NetworkClient","service":"skyways","environment":"local","traceId":"${ctx:traceId}"}
{"@timestamp":"2026-05-16T09:16:47.348Z","ecs.version":"1.2.0","log.level":"WARN","message":"[Consumer clientId=consumer-flight-service-group-1, groupId=flight-service-group] Connection to node -1 (localhost/127.0.0.1:29092) could not be established. Node may not be available.","process.thread.name":"org.springframework.kafka.KafkaListenerEndpointContainer#0-0-C-1","log.logger":"org.apache.kafka.clients.NetworkClient","service":"skyways","environment":"local","traceId":"${ctx:traceId}"}
{"@timestamp":"2026-05-16T09:16:47.348Z","ecs.version":"1.2.0","log.level":"WARN","message":"[Consumer clientId=consumer-flight-service-group-1, groupId=flight-service-group] Bootstrap broker localhost:29092 (id: -1 rack: null) disconnected","process.thread.name":"org.springframework.kafka.KafkaListenerEndpointContainer#0-0-C-1","log.logger":"org.apache.kafka.clients.NetworkClient","service":"skyways","environment":"local","traceId":"${ctx:traceId}"}
{"@timestamp":"2026-05-16T09:16:47.934Z","ecs.version":"1.2.0","log.level":"WARN","message":"[Consumer clientId=consumer-flight-service-group-2, groupId=flight-service-group] Connection to node -1 (localhost/127.0.0.1:29092) could not be established. Node may not be available.","process.thread.name":"org.springframework.kafka.KafkaListenerEndpointContainer#1-0-C-1","log.logger":"org.apache.kafka.clients.NetworkClient","service":"skyways","environment":"local","traceId":"${ctx:traceId}"}
{"@timestamp":"2026-05-16T09:16:47.934Z","ecs.version":"1.2.0","log.level":"WARN","message":"[Consumer clientId=consumer-flight-service-group-2, groupId=flight-service-group] Bootstrap broker localhost:29092 (id: -1 rack: null) disconnected","process.thread.name":"org.springframework.kafka.KafkaListenerEndpointContainer#1-0-C-1","log.logger":"org.apache.kafka.clients.NetworkClient","service":"skyways","environment":"local","traceId":"${ctx:traceId}"}
{"@timestamp":"2026-05-16T09:16:48.232Z","ecs.version":"1.2.0","log.level":"WARN","message":"[Consumer clientId=consumer-flight-service-group-1, groupId=flight-service-group] Connection to node -1 (localhost/127.0.0.1:29092) could not be established. Node may not be available.","process.thread.name":"org.springframework.kafka.KafkaListenerEndpointContainer#0-0-C-1","log.logger":"org.apache.kafka.clients.NetworkClient","service":"skyways","environment":"local","traceId":"${ctx:traceId}"}
{"@timestamp":"2026-05-16T09:16:48.233Z","ecs.version":"1.2.0","log.level":"WARN","message":"[Consumer clientId=consumer-flight-service-group-1, groupId=flight-service-group] Bootstrap broker localhost:29092 (id: -1 rack: null) disconnected","process.thread.name":"org.springframework.kafka.KafkaListenerEndpointContainer#0-0-C-1","log.logger":"org.apache.kafka.clients.NetworkClient","service":"skyways","environment":"local","traceId":"${ctx:traceId}"}
{"@timestamp":"2026-05-16T09:16:48.942Z","ecs.version":"1.2.0","log.level":"WARN","message":"[Consumer clientId=consumer-flight-service-group-2, groupId=flight-service-group] Connection to node -1 (localhost/127.0.0.1:29092) could not be established. Node may not be available.","process.thread.name":"org.springframework.kafka.KafkaListenerEndpointContainer#1-0-C-1","log.logger":"org.apache.kafka.clients.NetworkClient","service":"skyways","environment":"local","traceId":"${ctx:traceId}"}
{"@timestamp":"2026-05-16T09:16:48.942Z","ecs.version":"1.2.0","log.level":"WARN","message":"[Consumer clientId=consumer-flight-service-group-2, groupId=flight-service-group] Bootstrap broker localhost:29092 (id: -1 rack: null) disconnected","process.thread.name":"org.springframework.kafka.KafkaListenerEndpointContainer#1-0-C-1","log.logger":"org.apache.kafka.clients.NetworkClient","service":"skyways","environment":"local","traceId":"${ctx:traceId}"}
{"@timestamp":"2026-05-16T09:16:49.061Z","ecs.version":"1.2.0","log.level":"WARN","message":"Request execution failed with message: I/O error on GET request for \"http://localhost:8761/eureka/apps/\": Connect to http://localhost:8761 [localhost/127.0.0.1, localhost/0:0:0:0:0:0:0:1] failed: Connection refused: no further information","process.thread.name":"DiscoveryClient-CacheRefreshExecutor-0","log.logger":"com.netflix.discovery.shared.transport.decorator.RetryableEurekaHttpClient","service":"skyways","environment":"local","traceId":"${ctx:traceId}"}
{"@timestamp":"2026-05-16T09:16:49.068Z","ecs.version":"1.2.0","log.level":"WARN","message":"Request execution failed with message: I/O error on PUT request for \"http://localhost:8761/eureka/apps/SKYWAYS-FLIGHT-SERVICE/DESKTOP-S0AUF4J:skyways-flight-service:8082\": Connect to http://localhost:8761 [localhost/127.0.0.1, localhost/0:0:0:0:0:0:0:1] failed: Connection refused: no further information","process.thread.name":"DiscoveryClient-HeartbeatExecutor-0","log.logger":"com.netflix.discovery.shared.transport.decorator.RetryableEurekaHttpClient","service":"skyways","environment":"local","traceId":"${ctx:traceId}"}
{"@timestamp":"2026-05-16T09:16:49.068Z","ecs.version":"1.2.0","log.level":"ERROR","message":"DiscoveryClient_SKYWAYS-FLIGHT-SERVICE/DESKTOP-S0AUF4J:skyways-flight-service:8082 - was unable to send heartbeat!","process.thread.name":"DiscoveryClient-HeartbeatExecutor-0","log.logger":"com.netflix.discovery.DiscoveryClient","error.type":"com.netflix.discovery.shared.transport.TransportException","error.message":"Cannot execute request on any known server","error.stack_trace":"com.netflix.discovery.shared.transport.TransportException: Cannot execute request on any known server\r\n\tat com.netflix.discovery.shared.transport.decorator.RetryableEurekaHttpClient.execute(RetryableEurekaHttpClient.java:112)\r\n\tat com.netflix.discovery.shared.transport.decorator.EurekaHttpClientDecorator.sendHeartBeat(EurekaHttpClientDecorator.java:89)\r\n\tat com.netflix.discovery.shared.transport.decorator.EurekaHttpClientDecorator$3.execute(EurekaHttpClientDecorator.java:92)\r\n\tat com.netflix.discovery.shared.transport.decorator.SessionedEurekaHttpClient.execute(SessionedEurekaHttpClient.java:77)\r\n\tat com.netflix.discovery.shared.transport.decorator.EurekaHttpClientDecorator.sendHeartBeat(EurekaHttpClientDecorator.java:89)\r\n\tat com.netflix.discovery.DiscoveryClient.renew(DiscoveryClient.java:837)\r\n\tat com.netflix.discovery.DiscoveryClient$HeartbeatThread.run(DiscoveryClient.java:1401)\r\n\tat java.base/java.util.concurrent.Executors$RunnableAdapter.call(Executors.java:539)\r\n\tat java.base/java.util.concurrent.FutureTask.run(FutureTask.java:264)\r\n\tat java.base/java.util.concurrent.ThreadPoolExecutor.runWorker(ThreadPoolExecutor.java:1136)\r\n\tat java.base/java.util.concurrent.ThreadPoolExecutor$Worker.run(ThreadPoolExecutor.java:635)\r\n\tat java.base/java.lang.Thread.run(Thread.java:842)\r\n","service":"skyways","environment":"local","traceId":"${ctx:traceId}"}
{"@timestamp":"2026-05-16T09:16:49.242Z","ecs.version":"1.2.0","log.level":"WARN","message":"Request execution failed with message: I/O error on POST request for \"http://localhost:8761/eureka/apps/SKYWAYS-FLIGHT-SERVICE\": Connect to http://localhost:8761 [localhost/127.0.0.1, localhost/0:0:0:0:0:0:0:1] failed: Connection refused: no further information","process.thread.name":"DiscoveryClient-InstanceInfoReplicator-0","log.logger":"com.netflix.discovery.shared.transport.decorator.RetryableEurekaHttpClient","service":"skyways","environment":"local","traceId":"${ctx:traceId}"}
{"@timestamp":"2026-05-16T09:16:49.242Z","ecs.version":"1.2.0","log.level":"WARN","message":"DiscoveryClient_SKYWAYS-FLIGHT-SERVICE/DESKTOP-S0AUF4J:skyways-flight-service:8082 - registration failed Cannot execute request on any known server","process.thread.name":"DiscoveryClient-InstanceInfoReplicator-0","log.logger":"com.netflix.discovery.DiscoveryClient","error.type":"com.netflix.discovery.shared.transport.TransportException","error.message":"Cannot execute request on any known server","error.stack_trace":"com.netflix.discovery.shared.transport.TransportException: Cannot execute request on any known server\r\n\tat com.netflix.discovery.shared.transport.decorator.RetryableEurekaHttpClient.execute(RetryableEurekaHttpClient.java:112)\r\n\tat com.netflix.discovery.shared.transport.decorator.EurekaHttpClientDecorator.register(EurekaHttpClientDecorator.java:56)\r\n\tat com.netflix.discovery.shared.transport.decorator.EurekaHttpClientDecorator$1.execute(EurekaHttpClientDecorator.java:59)\r\n\tat com.netflix.discovery.shared.transport.decorator.SessionedEurekaHttpClient.execute(SessionedEurekaHttpClient.java:77)\r\n\tat com.netflix.discovery.shared.transport.decorator.EurekaHttpClientDecorator.register(EurekaHttpClientDecorator.java:56)\r\n\tat com.netflix.discovery.DiscoveryClient.register(DiscoveryClient.java:820)\r\n\tat com.netflix.discovery.InstanceInfoReplicator.run(InstanceInfoReplicator.java:121)\r\n\tat java.base/java.util.concurrent.Executors$RunnableAdapter.call(Executors.java:539)\r\n\tat java.base/java.util.concurrent.FutureTask.run(FutureTask.java:264)\r\n\tat java.base/java.util.concurrent.ScheduledThreadPoolExecutor$ScheduledFutureTask.run(ScheduledThreadPoolExecutor.java:304)\r\n\tat java.base/java.util.concurrent.ThreadPoolExecutor.runWorker(ThreadPoolExecutor.java:1136)\r\n\tat java.base/java.util.concurrent.ThreadPoolExecutor$Worker.run(ThreadPoolExecutor.java:635)\r\n\tat java.base/java.lang.Thread.run(Thread.java:842)\r\n","service":"skyways","environment":"local","traceId":"${ctx:traceId}"}
{"@timestamp":"2026-05-16T09:16:49.242Z","ecs.version":"1.2.0","log.level":"WARN","message":"[Consumer clientId=consumer-flight-service-group-1, groupId=flight-service-group] Connection to node -1 (localhost/127.0.0.1:29092) could not be established. Node may not be available.","process.thread.name":"org.springframework.kafka.KafkaListenerEndpointContainer#0-0-C-1","log.logger":"org.apache.kafka.clients.NetworkClient","service":"skyways","environment":"local","traceId":"${ctx:traceId}"}
{"@timestamp":"2026-05-16T09:16:49.242Z","ecs.version":"1.2.0","log.level":"WARN","message":"There was a problem with the instance info replicator","process.thread.name":"DiscoveryClient-InstanceInfoReplicator-0","log.logger":"com.netflix.discovery.InstanceInfoReplicator","error.type":"com.netflix.discovery.shared.transport.TransportException","error.message":"Cannot execute request on any known server","error.stack_trace":"com.netflix.discovery.shared.transport.TransportException: Cannot execute request on any known server\r\n\tat com.netflix.discovery.shared.transport.decorator.RetryableEurekaHttpClient.execute(RetryableEurekaHttpClient.java:112)\r\n\tat com.netflix.discovery.shared.transport.decorator.EurekaHttpClientDecorator.register(EurekaHttpClientDecorator.java:56)\r\n\tat com.netflix.discovery.shared.transport.decorator.EurekaHttpClientDecorator$1.execute(EurekaHttpClientDecorator.java:59)\r\n\tat com.netflix.discovery.shared.transport.decorator.SessionedEurekaHttpClient.execute(SessionedEurekaHttpClient.java:77)\r\n\tat com.netflix.discovery.shared.transport.decorator.EurekaHttpClientDecorator.register(EurekaHttpClientDecorator.java:56)\r\n\tat com.netflix.discovery.DiscoveryClient.register(DiscoveryClient.java:820)\r\n\tat com.netflix.discovery.InstanceInfoReplicator.run(InstanceInfoReplicator.java:121)\r\n\tat java.base/java.util.concurrent.Executors$RunnableAdapter.call(Executors.java:539)\r\n\tat java.base/java.util.concurrent.FutureTask.run(FutureTask.java:264)\r\n\tat java.base/java.util.concurrent.ScheduledThreadPoolExecutor$ScheduledFutureTask.run(ScheduledThreadPoolExecutor.java:304)\r\n\tat java.base/java.util.concurrent.ThreadPoolExecutor.runWorker(ThreadPoolExecutor.java:1136)\r\n\tat java.base/java.util.concurrent.ThreadPoolExecutor$Worker.run(ThreadPoolExecutor.java:635)\r\n\tat java.base/java.lang.Thread.run(Thread.java:842)\r\n","service":"skyways","environment":"local","traceId":"${ctx:traceId}"}
{"@timestamp":"2026-05-16T09:16:49.242Z","ecs.version":"1.2.0","log.level":"WARN","message":"[Consumer clientId=consumer-flight-service-group-1, groupId=flight-service-group] Bootstrap broker localhost:29092 (id: -1 rack: null) disconnected","process.thread.name":"org.springframework.kafka.KafkaListenerEndpointContainer#0-0-C-1","log.logger":"org.apache.kafka.clients.NetworkClient","service":"skyways","environment":"local","traceId":"${ctx:traceId}"}
{"@timestamp":"2026-05-16T09:16:49.886Z","ecs.version":"1.2.0","log.level":"WARN","message":"[Consumer clientId=consumer-flight-service-group-2, groupId=flight-service-group] Connection to node -1 (localhost/127.0.0.1:29092) could not be established. Node may not be available.","process.thread.name":"org.springframework.kafka.KafkaListenerEndpointContainer#1-0-C-1","log.logger":"org.apache.kafka.clients.NetworkClient","service":"skyways","environment":"local","traceId":"${ctx:traceId}"}
{"@timestamp":"2026-05-16T09:16:49.886Z","ecs.version":"1.2.0","log.level":"WARN","message":"[Consumer clientId=consumer-flight-service-group-2, groupId=flight-service-group] Bootstrap broker localhost:29092 (id: -1 rack: null) disconnected","process.thread.name":"org.springframework.kafka.KafkaListenerEndpointContainer#1-0-C-1","log.logger":"org.apache.kafka.clients.NetworkClient","service":"skyways","environment":"local","traceId":"${ctx:traceId}"}
{"@timestamp":"2026-05-16T09:16:50.060Z","ecs.version":"1.2.0","log.level":"WARN","message":"[Consumer clientId=consumer-flight-service-group-1, groupId=flight-service-group] Connection to node -1 (localhost/127.0.0.1:29092) could not be established. Node may not be available.","process.thread.name":"org.springframework.kafka.KafkaListenerEndpointContainer#0-0-C-1","log.logger":"org.apache.kafka.clients.NetworkClient","service":"skyways","environment":"local","traceId":"${ctx:traceId}"}
{"@timestamp":"2026-05-16T09:16:50.060Z","ecs.version":"1.2.0","log.level":"WARN","message":"[Consumer clientId=consumer-flight-service-group-1, groupId=flight-service-group] Bootstrap broker localhost:29092 (id: -1 rack: null) disconnected","process.thread.name":"org.springframework.kafka.KafkaListenerEndpointContainer#0-0-C-1","log.logger":"org.apache.kafka.clients.NetworkClient","service":"skyways","environment":"local","traceId":"${ctx:traceId}"}
{"@timestamp":"2026-05-16T09:16:50.721Z","ecs.version":"1.2.0","log.level":"WARN","message":"[Consumer clientId=consumer-flight-service-group-2, groupId=flight-service-group] Connection to node -1 (localhost/127.0.0.1:29092) could not be established. Node may not be available.","process.thread.name":"org.springframework.kafka.KafkaListenerEndpointContainer#1-0-C-1","log.logger":"org.apache.kafka.clients.NetworkClient","service":"skyways","environment":"local","traceId":"${ctx:traceId}"}
{"@timestamp":"2026-05-16T09:16:50.721Z","ecs.version":"1.2.0","log.level":"WARN","message":"[Consumer clientId=consumer-flight-service-group-2, groupId=flight-service-group] Bootstrap broker localhost:29092 (id: -1 rack: null) disconnected","process.thread.name":"org.springframework.kafka.KafkaListenerEndpointContainer#1-0-C-1","log.logger":"org.apache.kafka.clients.NetworkClient","service":"skyways","environment":"local","traceId":"${ctx:traceId}"}
{"@timestamp":"2026-05-16T09:16:51.003Z","ecs.version":"1.2.0","log.level":"WARN","message":"[Consumer clientId=consumer-flight-service-group-1, groupId=flight-service-group] Connection to node -1 (localhost/127.0.0.1:29092) could not be established. Node may not be available.","process.thread.name":"org.springframework.kafka.KafkaListenerEndpointContainer#0-0-C-1","log.logger":"org.apache.kafka.clients.NetworkClient","service":"skyways","environment":"local","traceId":"${ctx:traceId}"}
{"@timestamp":"2026-05-16T09:16:51.003Z","ecs.version":"1.2.0","log.level":"WARN","message":"[Consumer clientId=consumer-flight-service-group-1, groupId=flight-service-group] Bootstrap broker localhost:29092 (id: -1 rack: null) disconnected","process.thread.name":"org.springframework.kafka.KafkaListenerEndpointContainer#0-0-C-1","log.logger":"org.apache.kafka.clients.NetworkClient","service":"skyways","environment":"local","traceId":"${ctx:traceId}"}
{"@timestamp":"2026-05-16T09:16:51.771Z","ecs.version":"1.2.0","log.level":"WARN","message":"[Consumer clientId=consumer-flight-service-group-2, groupId=flight-service-group] Connection to node -1 (localhost/127.0.0.1:29092) could not be established. Node may not be available.","process.thread.name":"org.springframework.kafka.KafkaListenerEndpointContainer#1-0-C-1","log.logger":"org.apache.kafka.clients.NetworkClient","service":"skyways","environment":"local","traceId":"${ctx:traceId}"}
{"@timestamp":"2026-05-16T09:16:51.771Z","ecs.version":"1.2.0","log.level":"WARN","message":"[Consumer clientId=consumer-flight-service-group-2, groupId=flight-service-group] Bootstrap broker localhost:29092 (id: -1 rack: null) disconnected","process.thread.name":"org.springframework.kafka.KafkaListenerEndpointContainer#1-0-C-1","log.logger":"org.apache.kafka.clients.NetworkClient","service":"skyways","environment":"local","traceId":"${ctx:traceId}"}
{"@timestamp":"2026-05-16T09:16:52.009Z","ecs.version":"1.2.0","log.level":"WARN","message":"[Consumer clientId=consumer-flight-service-group-1, groupId=flight-service-group] Connection to node -1 (localhost/127.0.0.1:29092) could not be established. Node may not be available.","process.thread.name":"org.springframework.kafka.KafkaListenerEndpointContainer#0-0-C-1","log.logger":"org.apache.kafka.clients.NetworkClient","service":"skyways","environment":"local","traceId":"${ctx:traceId}"}
{"@timestamp":"2026-05-16T09:16:52.009Z","ecs.version":"1.2.0","log.level":"WARN","message":"[Consumer clientId=consumer-flight-service-group-1, groupId=flight-service-group] Bootstrap broker localhost:29092 (id: -1 rack: null) disconnected","process.thread.name":"org.springframework.kafka.KafkaListenerEndpointContainer#0-0-C-1","log.logger":"org.apache.kafka.clients.NetworkClient","service":"skyways","environment":"local","traceId":"${ctx:traceId}"}
{"@timestamp":"2026-05-16T09:16:52.716Z","ecs.version":"1.2.0","log.level":"WARN","message":"[Consumer clientId=consumer-flight-service-group-2, groupId=flight-service-group] Connection to node -1 (localhost/127.0.0.1:29092) could not be established. Node may not be available.","process.thread.name":"org.springframework.kafka.KafkaListenerEndpointContainer#1-0-C-1","log.logger":"org.apache.kafka.clients.NetworkClient","service":"skyways","environment":"local","traceId":"${ctx:traceId}"}
{"@timestamp":"2026-05-16T09:16:52.717Z","ecs.version":"1.2.0","log.level":"WARN","message":"[Consumer clientId=consumer-flight-service-group-2, groupId=flight-service-group] Bootstrap broker localhost:29092 (id: -1 rack: null) disconnected","process.thread.name":"org.springframework.kafka.KafkaListenerEndpointContainer#1-0-C-1","log.logger":"org.apache.kafka.clients.NetworkClient","service":"skyways","environment":"local","traceId":"${ctx:traceId}"}
{"@timestamp":"2026-05-16T09:16:53.016Z","ecs.version":"1.2.0","log.level":"WARN","message":"[Consumer clientId=consumer-flight-service-group-1, groupId=flight-service-group] Connection to node -1 (localhost/127.0.0.1:29092) could not be established. Node may not be available.","process.thread.name":"org.springframework.kafka.KafkaListenerEndpointContainer#0-0-C-1","log.logger":"org.apache.kafka.clients.NetworkClient","service":"skyways","environment":"local","traceId":"${ctx:traceId}"}
{"@timestamp":"2026-05-16T09:16:53.016Z","ecs.version":"1.2.0","log.level":"WARN","message":"[Consumer clientId=consumer-flight-service-group-1, groupId=flight-service-group] Bootstrap broker localhost:29092 (id: -1 rack: null) disconnected","process.thread.name":"org.springframework.kafka.KafkaListenerEndpointContainer#0-0-C-1","log.logger":"org.apache.kafka.clients.NetworkClient","service":"skyways","environment":"local","traceId":"${ctx:traceId}"}
{"@timestamp":"2026-05-16T09:16:53.724Z","ecs.version":"1.2.0","log.level":"WARN","message":"[Consumer clientId=consumer-flight-service-group-2, groupId=flight-service-group] Connection to node -1 (localhost/127.0.0.1:29092) could not be established. Node may not be available.","process.thread.name":"org.springframework.kafka.KafkaListenerEndpointContainer#1-0-C-1","log.logger":"org.apache.kafka.clients.NetworkClient","service":"skyways","environment":"local","traceId":"${ctx:traceId}"}
{"@timestamp":"2026-05-16T09:16:53.725Z","ecs.version":"1.2.0","log.level":"WARN","message":"[Consumer clientId=consumer-flight-service-group-2, groupId=flight-service-group] Bootstrap broker localhost:29092 (id: -1 rack: null) disconnected","process.thread.name":"org.springframework.kafka.KafkaListenerEndpointContainer#1-0-C-1","log.logger":"org.apache.kafka.clients.NetworkClient","service":"skyways","environment":"local","traceId":"${ctx:traceId}"}
{"@timestamp":"2026-05-16T09:16:53.962Z","ecs.version":"1.2.0","log.level":"WARN","message":"[Consumer clientId=consumer-flight-service-group-1, groupId=flight-service-group] Connection to node -1 (localhost/127.0.0.1:29092) could not be established. Node may not be available.","process.thread.name":"org.springframework.kafka.KafkaListenerEndpointContainer#0-0-C-1","log.logger":"org.apache.kafka.clients.NetworkClient","service":"skyways","environment":"local","traceId":"${ctx:traceId}"}
{"@timestamp":"2026-05-16T09:16:53.962Z","ecs.version":"1.2.0","log.level":"WARN","message":"[Consumer clientId=consumer-flight-service-group-1, groupId=flight-service-group] Bootstrap broker localhost:29092 (id: -1 rack: null) disconnected","process.thread.name":"org.springframework.kafka.KafkaListenerEndpointContainer#0-0-C-1","log.logger":"org.apache.kafka.clients.NetworkClient","service":"skyways","environment":"local","traceId":"${ctx:traceId}"}
{"@timestamp":"2026-05-16T09:16:54.732Z","ecs.version":"1.2.0","log.level":"WARN","message":"[Consumer clientId=consumer-flight-service-group-2, groupId=flight-service-group] Connection to node -1 (localhost/127.0.0.1:29092) could not be established. Node may not be available.","process.thread.name":"org.springframework.kafka.KafkaListenerEndpointContainer#1-0-C-1","log.logger":"org.apache.kafka.clients.NetworkClient","service":"skyways","environment":"local","traceId":"${ctx:traceId}"}
{"@timestamp":"2026-05-16T09:16:54.732Z","ecs.version":"1.2.0","log.level":"WARN","message":"[Consumer clientId=consumer-flight-service-group-2, groupId=flight-service-group] Bootstrap broker localhost:29092 (id: -1 rack: null) disconnected","process.thread.name":"org.springframework.kafka.KafkaListenerEndpointContainer#1-0-C-1","log.logger":"org.apache.kafka.clients.NetworkClient","service":"skyways","environment":"local","traceId":"${ctx:traceId}"}
{"@timestamp":"2026-05-16T09:16:54.968Z","ecs.version":"1.2.0","log.level":"WARN","message":"[Consumer clientId=consumer-flight-service-group-1, groupId=flight-service-group] Connection to node -1 (localhost/127.0.0.1:29092) could not be established. Node may not be available.","process.thread.name":"org.springframework.kafka.KafkaListenerEndpointContainer#0-0-C-1","log.logger":"org.apache.kafka.clients.NetworkClient","service":"skyways","environment":"local","traceId":"${ctx:traceId}"}
{"@timestamp":"2026-05-16T09:16:54.968Z","ecs.version":"1.2.0","log.level":"WARN","message":"[Consumer clientId=consumer-flight-service-group-1, groupId=flight-service-group] Bootstrap broker localhost:29092 (id: -1 rack: null) disconnected","process.thread.name":"org.springframework.kafka.KafkaListenerEndpointContainer#0-0-C-1","log.logger":"org.apache.kafka.clients.NetworkClient","service":"skyways","environment":"local","traceId":"${ctx:traceId}"}
{"@timestamp":"2026-05-16T09:16:55.597Z","ecs.version":"1.2.0","log.level":"WARN","message":"[Consumer clientId=consumer-flight-service-group-2, groupId=flight-service-group] Connection to node -1 (localhost/127.0.0.1:29092) could not be established. Node may not be available.","process.thread.name":"org.springframework.kafka.KafkaListenerEndpointContainer#1-0-C-1","log.logger":"org.apache.kafka.clients.NetworkClient","service":"skyways","environment":"local","traceId":"${ctx:traceId}"}
{"@timestamp":"2026-05-16T09:16:55.597Z","ecs.version":"1.2.0","log.level":"WARN","message":"[Consumer clientId=consumer-flight-service-group-2, groupId=flight-service-group] Bootstrap broker localhost:29092 (id: -1 rack: null) disconnected","process.thread.name":"org.springframework.kafka.KafkaListenerEndpointContainer#1-0-C-1","log.logger":"org.apache.kafka.clients.NetworkClient","service":"skyways","environment":"local","traceId":"${ctx:traceId}"}
{"@timestamp":"2026-05-16T09:16:55.814Z","ecs.version":"1.2.0","log.level":"WARN","message":"[Consumer clientId=consumer-flight-service-group-1, groupId=flight-service-group] Connection to node -1 (localhost/127.0.0.1:29092) could not be established. Node may not be available.","process.thread.name":"org.springframework.kafka.KafkaListenerEndpointContainer#0-0-C-1","log.logger":"org.apache.kafka.clients.NetworkClient","service":"skyways","environment":"local","traceId":"${ctx:traceId}"}
{"@timestamp":"2026-05-16T09:16:55.814Z","ecs.version":"1.2.0","log.level":"WARN","message":"[Consumer clientId=consumer-flight-service-group-1, groupId=flight-service-group] Bootstrap broker localhost:29092 (id: -1 rack: null) disconnected","process.thread.name":"org.springframework.kafka.KafkaListenerEndpointContainer#0-0-C-1","log.logger":"org.apache.kafka.clients.NetworkClient","service":"skyways","environment":"local","traceId":"${ctx:traceId}"}
{"@timestamp":"2026-05-16T09:16:56.609Z","ecs.version":"1.2.0","log.level":"WARN","message":"[Consumer clientId=consumer-flight-service-group-2, groupId=flight-service-group] Connection to node -1 (localhost/127.0.0.1:29092) could not be established. Node may not be available.","process.thread.name":"org.springframework.kafka.KafkaListenerEndpointContainer#1-0-C-1","log.logger":"org.apache.kafka.clients.NetworkClient","service":"skyways","environment":"local","traceId":"${ctx:traceId}"}
{"@timestamp":"2026-05-16T09:16:56.609Z","ecs.version":"1.2.0","log.level":"WARN","message":"[Consumer clientId=consumer-flight-service-group-2, groupId=flight-service-group] Bootstrap broker localhost:29092 (id: -1 rack: null) disconnected","process.thread.name":"org.springframework.kafka.KafkaListenerEndpointContainer#1-0-C-1","log.logger":"org.apache.kafka.clients.NetworkClient","service":"skyways","environment":"local","traceId":"${ctx:traceId}"}
{"@timestamp":"2026-05-16T09:16:56.815Z","ecs.version":"1.2.0","log.level":"WARN","message":"[Consumer clientId=consumer-flight-service-group-1, groupId=flight-service-group] Connection to node -1 (localhost/127.0.0.1:29092) could not be established. Node may not be available.","process.thread.name":"org.springframework.kafka.KafkaListenerEndpointContainer#0-0-C-1","log.logger":"org.apache.kafka.clients.NetworkClient","service":"skyways","environment":"local","traceId":"${ctx:traceId}"}
{"@timestamp":"2026-05-16T09:16:56.815Z","ecs.version":"1.2.0","log.level":"WARN","message":"[Consumer clientId=consumer-flight-service-group-1, groupId=flight-service-group] Bootstrap broker localhost:29092 (id: -1 rack: null) disconnected","process.thread.name":"org.springframework.kafka.KafkaListenerEndpointContainer#0-0-C-1","log.logger":"org.apache.kafka.clients.NetworkClient","service":"skyways","environment":"local","traceId":"${ctx:traceId}"}
{"@timestamp":"2026-05-16T09:16:57.617Z","ecs.version":"1.2.0","log.level":"WARN","message":"[Consumer clientId=consumer-flight-service-group-2, groupId=flight-service-group] Connection to node -1 (localhost/127.0.0.1:29092) could not be established. Node may not be available.","process.thread.name":"org.springframework.kafka.KafkaListenerEndpointContainer#1-0-C-1","log.logger":"org.apache.kafka.clients.NetworkClient","service":"skyways","environment":"local","traceId":"${ctx:traceId}"}
{"@timestamp":"2026-05-16T09:16:57.617Z","ecs.version":"1.2.0","log.level":"WARN","message":"[Consumer clientId=consumer-flight-service-group-2, groupId=flight-service-group] Bootstrap broker localhost:29092 (id: -1 rack: null) disconnected","process.thread.name":"org.springframework.kafka.KafkaListenerEndpointContainer#1-0-C-1","log.logger":"org.apache.kafka.clients.NetworkClient","service":"skyways","environment":"local","traceId":"${ctx:traceId}"}
{"@timestamp":"2026-05-16T09:16:57.822Z","ecs.version":"1.2.0","log.level":"WARN","message":"[Consumer clientId=consumer-flight-service-group-1, groupId=flight-service-group] Connection to node -1 (localhost/127.0.0.1:29092) could not be established. Node may not be available.","process.thread.name":"org.springframework.kafka.KafkaListenerEndpointContainer#0-0-C-1","log.logger":"org.apache.kafka.clients.NetworkClient","service":"skyways","environment":"local","traceId":"${ctx:traceId}"}
{"@timestamp":"2026-05-16T09:16:57.822Z","ecs.version":"1.2.0","log.level":"WARN","message":"[Consumer clientId=consumer-flight-service-group-1, groupId=flight-service-group] Bootstrap broker localhost:29092 (id: -1 rack: null) disconnected","process.thread.name":"org.springframework.kafka.KafkaListenerEndpointContainer#0-0-C-1","log.logger":"org.apache.kafka.clients.NetworkClient","service":"skyways","environment":"local","traceId":"${ctx:traceId}"}
{"@timestamp":"2026-05-16T09:16:58.621Z","ecs.version":"1.2.0","log.level":"WARN","message":"[Consumer clientId=consumer-flight-service-group-2, groupId=flight-service-group] Connection to node -1 (localhost/127.0.0.1:29092) could not be established. Node may not be available.","process.thread.name":"org.springframework.kafka.KafkaListenerEndpointContainer#1-0-C-1","log.logger":"org.apache.kafka.clients.NetworkClient","service":"skyways","environment":"local","traceId":"${ctx:traceId}"}
{"@timestamp":"2026-05-16T09:16:58.621Z","ecs.version":"1.2.0","log.level":"WARN","message":"[Consumer clientId=consumer-flight-service-group-2, groupId=flight-service-group] Bootstrap broker localhost:29092 (id: -1 rack: null) disconnected","process.thread.name":"org.springframework.kafka.KafkaListenerEndpointContainer#1-0-C-1","log.logger":"org.apache.kafka.clients.NetworkClient","service":"skyways","environment":"local","traceId":"${ctx:traceId}"}
{"@timestamp":"2026-05-16T09:16:58.759Z","ecs.version":"1.2.0","log.level":"WARN","message":"[Consumer clientId=consumer-flight-service-group-1, groupId=flight-service-group] Connection to node -1 (localhost/127.0.0.1:29092) could not be established. Node may not be available.","process.thread.name":"org.springframework.kafka.KafkaListenerEndpointContainer#0-0-C-1","log.logger":"org.apache.kafka.clients.NetworkClient","service":"skyways","environment":"local","traceId":"${ctx:traceId}"}
{"@timestamp":"2026-05-16T09:16:58.759Z","ecs.version":"1.2.0","log.level":"WARN","message":"[Consumer clientId=consumer-flight-service-group-1, groupId=flight-service-group] Bootstrap broker localhost:29092 (id: -1 rack: null) disconnected","process.thread.name":"org.springframework.kafka.KafkaListenerEndpointContainer#0-0-C-1","log.logger":"org.apache.kafka.clients.NetworkClient","service":"skyways","environment":"local","traceId":"${ctx:traceId}"}
{"@timestamp":"2026-05-16T09:16:59.681Z","ecs.version":"1.2.0","log.level":"WARN","message":"[Consumer clientId=consumer-flight-service-group-2, groupId=flight-service-group] Connection to node -1 (localhost/127.0.0.1:29092) could not be established. Node may not be available.","process.thread.name":"org.springframework.kafka.KafkaListenerEndpointContainer#1-0-C-1","log.logger":"org.apache.kafka.clients.NetworkClient","service":"skyways","environment":"local","traceId":"${ctx:traceId}"}
{"@timestamp":"2026-05-16T09:16:59.681Z","ecs.version":"1.2.0","log.level":"WARN","message":"[Consumer clientId=consumer-flight-service-group-2, groupId=flight-service-group] Bootstrap broker localhost:29092 (id: -1 rack: null) disconnected","process.thread.name":"org.springframework.kafka.KafkaListenerEndpointContainer#1-0-C-1","log.logger":"org.apache.kafka.clients.NetworkClient","service":"skyways","environment":"local","traceId":"${ctx:traceId}"}
{"@timestamp":"2026-05-16T09:16:59.759Z","ecs.version":"1.2.0","log.level":"WARN","message":"[Consumer clientId=consumer-flight-service-group-1, groupId=flight-service-group] Connection to node -1 (localhost/127.0.0.1:29092) could not be established. Node may not be available.","process.thread.name":"org.springframework.kafka.KafkaListenerEndpointContainer#0-0-C-1","log.logger":"org.apache.kafka.clients.NetworkClient","service":"skyways","environment":"local","traceId":"${ctx:traceId}"}
{"@timestamp":"2026-05-16T09:16:59.759Z","ecs.version":"1.2.0","log.level":"WARN","message":"[Consumer clientId=consumer-flight-service-group-1, groupId=flight-service-group] Bootstrap broker localhost:29092 (id: -1 rack: null) disconnected","process.thread.name":"org.springframework.kafka.KafkaListenerEndpointContainer#0-0-C-1","log.logger":"org.apache.kafka.clients.NetworkClient","service":"skyways","environment":"local","traceId":"${ctx:traceId}"}
{"@timestamp":"2026-05-16T09:17:00.556Z","ecs.version":"1.2.0","log.level":"WARN","message":"[Consumer clientId=consumer-flight-service-group-2, groupId=flight-service-group] Connection to node -1 (localhost/127.0.0.1:29092) could not be established. Node may not be available.","process.thread.name":"org.springframework.kafka.KafkaListenerEndpointContainer#1-0-C-1","log.logger":"org.apache.kafka.clients.NetworkClient","service":"skyways","environment":"local","traceId":"${ctx:traceId}"}
{"@timestamp":"2026-05-16T09:17:00.556Z","ecs.version":"1.2.0","log.level":"WARN","message":"[Consumer clientId=consumer-flight-service-group-2, groupId=flight-service-group] Bootstrap broker localhost:29092 (id: -1 rack: null) disconnected","process.thread.name":"org.springframework.kafka.KafkaListenerEndpointContainer#1-0-C-1","log.logger":"org.apache.kafka.clients.NetworkClient","service":"skyways","environment":"local","traceId":"${ctx:traceId}"}
{"@timestamp":"2026-05-16T09:17:00.603Z","ecs.version":"1.2.0","log.level":"WARN","message":"[Consumer clientId=consumer-flight-service-group-1, groupId=flight-service-group] Connection to node -1 (localhost/127.0.0.1:29092) could not be established. Node may not be available.","process.thread.name":"org.springframework.kafka.KafkaListenerEndpointContainer#0-0-C-1","log.logger":"org.apache.kafka.clients.NetworkClient","service":"skyways","environment":"local","traceId":"${ctx:traceId}"}
{"@timestamp":"2026-05-16T09:17:00.603Z","ecs.version":"1.2.0","log.level":"WARN","message":"[Consumer clientId=consumer-flight-service-group-1, groupId=flight-service-group] Bootstrap broker localhost:29092 (id: -1 rack: null) disconnected","process.thread.name":"org.springframework.kafka.KafkaListenerEndpointContainer#0-0-C-1","log.logger":"org.apache.kafka.clients.NetworkClient","service":"skyways","environment":"local","traceId":"${ctx:traceId}"}
{"@timestamp":"2026-05-16T09:17:01.435Z","ecs.version":"1.2.0","log.level":"WARN","message":"[Consumer clientId=consumer-flight-service-group-2, groupId=flight-service-group] Connection to node -1 (localhost/127.0.0.1:29092) could not be established. Node may not be available.","process.thread.name":"org.springframework.kafka.KafkaListenerEndpointContainer#1-0-C-1","log.logger":"org.apache.kafka.clients.NetworkClient","service":"skyways","environment":"local","traceId":"${ctx:traceId}"}
{"@timestamp":"2026-05-16T09:17:01.435Z","ecs.version":"1.2.0","log.level":"WARN","message":"[Consumer clientId=consumer-flight-service-group-2, groupId=flight-service-group] Bootstrap broker localhost:29092 (id: -1 rack: null) disconnected","process.thread.name":"org.springframework.kafka.KafkaListenerEndpointContainer#1-0-C-1","log.logger":"org.apache.kafka.clients.NetworkClient","service":"skyways","environment":"local","traceId":"${ctx:traceId}"}
{"@timestamp":"2026-05-16T09:17:01.651Z","ecs.version":"1.2.0","log.level":"WARN","message":"[Consumer clientId=consumer-flight-service-group-1, groupId=flight-service-group] Connection to node -1 (localhost/127.0.0.1:29092) could not be established. Node may not be available.","process.thread.name":"org.springframework.kafka.KafkaListenerEndpointContainer#0-0-C-1","log.logger":"org.apache.kafka.clients.NetworkClient","service":"skyways","environment":"local","traceId":"${ctx:traceId}"}
{"@timestamp":"2026-05-16T09:17:01.651Z","ecs.version":"1.2.0","log.level":"WARN","message":"[Consumer clientId=consumer-flight-service-group-1, groupId=flight-service-group] Bootstrap broker localhost:29092 (id: -1 rack: null) disconnected","process.thread.name":"org.springframework.kafka.KafkaListenerEndpointContainer#0-0-C-1","log.logger":"org.apache.kafka.clients.NetworkClient","service":"skyways","environment":"local","traceId":"${ctx:traceId}"}
{"@timestamp":"2026-05-16T09:17:02.454Z","ecs.version":"1.2.0","log.level":"WARN","message":"[Consumer clientId=consumer-flight-service-group-2, groupId=flight-service-group] Connection to node -1 (localhost/127.0.0.1:29092) could not be established. Node may not be available.","process.thread.name":"org.springframework.kafka.KafkaListenerEndpointContainer#1-0-C-1","log.logger":"org.apache.kafka.clients.NetworkClient","service":"skyways","environment":"local","traceId":"${ctx:traceId}"}
{"@timestamp":"2026-05-16T09:17:02.454Z","ecs.version":"1.2.0","log.level":"WARN","message":"[Consumer clientId=consumer-flight-service-group-2, groupId=flight-service-group] Bootstrap broker localhost:29092 (id: -1 rack: null) disconnected","process.thread.name":"org.springframework.kafka.KafkaListenerEndpointContainer#1-0-C-1","log.logger":"org.apache.kafka.clients.NetworkClient","service":"skyways","environment":"local","traceId":"${ctx:traceId}"}
{"@timestamp":"2026-05-16T09:17:02.596Z","ecs.version":"1.2.0","log.level":"WARN","message":"[Consumer clientId=consumer-flight-service-group-1, groupId=flight-service-group] Connection to node -1 (localhost/127.0.0.1:29092) could not be established. Node may not be available.","process.thread.name":"org.springframework.kafka.KafkaListenerEndpointContainer#0-0-C-1","log.logger":"org.apache.kafka.clients.NetworkClient","service":"skyways","environment":"local","traceId":"${ctx:traceId}"}
{"@timestamp":"2026-05-16T09:17:02.596Z","ecs.version":"1.2.0","log.level":"WARN","message":"[Consumer clientId=consumer-flight-service-group-1, groupId=flight-service-group] Bootstrap broker localhost:29092 (id: -1 rack: null) disconnected","process.thread.name":"org.springframework.kafka.KafkaListenerEndpointContainer#0-0-C-1","log.logger":"org.apache.kafka.clients.NetworkClient","service":"skyways","environment":"local","traceId":"${ctx:traceId}"}
{"@timestamp":"2026-05-16T09:17:03.456Z","ecs.version":"1.2.0","log.level":"WARN","message":"[Consumer clientId=consumer-flight-service-group-2, groupId=flight-service-group] Connection to node -1 (localhost/127.0.0.1:29092) could not be established. Node may not be available.","process.thread.name":"org.springframework.kafka.KafkaListenerEndpointContainer#1-0-C-1","log.logger":"org.apache.kafka.clients.NetworkClient","service":"skyways","environment":"local","traceId":"${ctx:traceId}"}
{"@timestamp":"2026-05-16T09:17:03.456Z","ecs.version":"1.2.0","log.level":"WARN","message":"[Consumer clientId=consumer-flight-service-group-2, groupId=flight-service-group] Bootstrap broker localhost:29092 (id: -1 rack: null) disconnected","process.thread.name":"org.springframework.kafka.KafkaListenerEndpointContainer#1-0-C-1","log.logger":"org.apache.kafka.clients.NetworkClient","service":"skyways","environment":"local","traceId":"${ctx:traceId}"}
{"@timestamp":"2026-05-16T09:17:03.472Z","ecs.version":"1.2.0","log.level":"WARN","message":"[Consumer clientId=consumer-flight-service-group-1, groupId=flight-service-group] Connection to node -1 (localhost/127.0.0.1:29092) could not be established. Node may not be available.","process.thread.name":"org.springframework.kafka.KafkaListenerEndpointContainer#0-0-C-1","log.logger":"org.apache.kafka.clients.NetworkClient","service":"skyways","environment":"local","traceId":"${ctx:traceId}"}
{"@timestamp":"2026-05-16T09:17:03.472Z","ecs.version":"1.2.0","log.level":"WARN","message":"[Consumer clientId=consumer-flight-service-group-1, groupId=flight-service-group] Bootstrap broker localhost:29092 (id: -1 rack: null) disconnected","process.thread.name":"org.springframework.kafka.KafkaListenerEndpointContainer#0-0-C-1","log.logger":"org.apache.kafka.clients.NetworkClient","service":"skyways","environment":"local","traceId":"${ctx:traceId}"}
{"@timestamp":"2026-05-16T09:17:04.352Z","ecs.version":"1.2.0","log.level":"WARN","message":"[Consumer clientId=consumer-flight-service-group-1, groupId=flight-service-group] Connection to node -1 (localhost/127.0.0.1:29092) could not be established. Node may not be available.","process.thread.name":"org.springframework.kafka.KafkaListenerEndpointContainer#0-0-C-1","log.logger":"org.apache.kafka.clients.NetworkClient","service":"skyways","environment":"local","traceId":"${ctx:traceId}"}
{"@timestamp":"2026-05-16T09:17:04.352Z","ecs.version":"1.2.0","log.level":"WARN","message":"[Consumer clientId=consumer-flight-service-group-1, groupId=flight-service-group] Bootstrap broker localhost:29092 (id: -1 rack: null) disconnected","process.thread.name":"org.springframework.kafka.KafkaListenerEndpointContainer#0-0-C-1","log.logger":"org.apache.kafka.clients.NetworkClient","service":"skyways","environment":"local","traceId":"${ctx:traceId}"}
{"@timestamp":"2026-05-16T09:17:04.464Z","ecs.version":"1.2.0","log.level":"WARN","message":"[Consumer clientId=consumer-flight-service-group-2, groupId=flight-service-group] Connection to node -1 (localhost/127.0.0.1:29092) could not be established. Node may not be available.","process.thread.name":"org.springframework.kafka.KafkaListenerEndpointContainer#1-0-C-1","log.logger":"org.apache.kafka.clients.NetworkClient","service":"skyways","environment":"local","traceId":"${ctx:traceId}"}
{"@timestamp":"2026-05-16T09:17:04.464Z","ecs.version":"1.2.0","log.level":"WARN","message":"[Consumer clientId=consumer-flight-service-group-2, groupId=flight-service-group] Bootstrap broker localhost:29092 (id: -1 rack: null) disconnected","process.thread.name":"org.springframework.kafka.KafkaListenerEndpointContainer#1-0-C-1","log.logger":"org.apache.kafka.clients.NetworkClient","service":"skyways","environment":"local","traceId":"${ctx:traceId}"}
{"@timestamp":"2026-05-16T09:17:05.354Z","ecs.version":"1.2.0","log.level":"WARN","message":"[Consumer clientId=consumer-flight-service-group-1, groupId=flight-service-group] Connection to node -1 (localhost/127.0.0.1:29092) could not be established. Node may not be available.","process.thread.name":"org.springframework.kafka.KafkaListenerEndpointContainer#0-0-C-1","log.logger":"org.apache.kafka.clients.NetworkClient","service":"skyways","environment":"local","traceId":"${ctx:traceId}"}
{"@timestamp":"2026-05-16T09:17:05.354Z","ecs.version":"1.2.0","log.level":"WARN","message":"[Consumer clientId=consumer-flight-service-group-1, groupId=flight-service-group] Bootstrap broker localhost:29092 (id: -1 rack: null) disconnected","process.thread.name":"org.springframework.kafka.KafkaListenerEndpointContainer#0-0-C-1","log.logger":"org.apache.kafka.clients.NetworkClient","service":"skyways","environment":"local","traceId":"${ctx:traceId}"}
{"@timestamp":"2026-05-16T09:17:05.494Z","ecs.version":"1.2.0","log.level":"WARN","message":"[Consumer clientId=consumer-flight-service-group-2, groupId=flight-service-group] Connection to node -1 (localhost/127.0.0.1:29092) could not be established. Node may not be available.","process.thread.name":"org.springframework.kafka.KafkaListenerEndpointContainer#1-0-C-1","log.logger":"org.apache.kafka.clients.NetworkClient","service":"skyways","environment":"local","traceId":"${ctx:traceId}"}
{"@timestamp":"2026-05-16T09:17:05.494Z","ecs.version":"1.2.0","log.level":"WARN","message":"[Consumer clientId=consumer-flight-service-group-2, groupId=flight-service-group] Bootstrap broker localhost:29092 (id: -1 rack: null) disconnected","process.thread.name":"org.springframework.kafka.KafkaListenerEndpointContainer#1-0-C-1","log.logger":"org.apache.kafka.clients.NetworkClient","service":"skyways","environment":"local","traceId":"${ctx:traceId}"}
{"@timestamp":"2026-05-16T09:17:06.388Z","ecs.version":"1.2.0","log.level":"WARN","message":"[Consumer clientId=consumer-flight-service-group-1, groupId=flight-service-group] Connection to node -1 (localhost/127.0.0.1:29092) could not be established. Node may not be available.","process.thread.name":"org.springframework.kafka.KafkaListenerEndpointContainer#0-0-C-1","log.logger":"org.apache.kafka.clients.NetworkClient","service":"skyways","environment":"local","traceId":"${ctx:traceId}"}
{"@timestamp":"2026-05-16T09:17:06.388Z","ecs.version":"1.2.0","log.level":"WARN","message":"[Consumer clientId=consumer-flight-service-group-1, groupId=flight-service-group] Bootstrap broker localhost:29092 (id: -1 rack: null) disconnected","process.thread.name":"org.springframework.kafka.KafkaListenerEndpointContainer#0-0-C-1","log.logger":"org.apache.kafka.clients.NetworkClient","service":"skyways","environment":"local","traceId":"${ctx:traceId}"}
{"@timestamp":"2026-05-16T09:17:06.480Z","ecs.version":"1.2.0","log.level":"WARN","message":"[Consumer clientId=consumer-flight-service-group-2, groupId=flight-service-group] Connection to node -1 (localhost/127.0.0.1:29092) could not be established. Node may not be available.","process.thread.name":"org.springframework.kafka.KafkaListenerEndpointContainer#1-0-C-1","log.logger":"org.apache.kafka.clients.NetworkClient","service":"skyways","environment":"local","traceId":"${ctx:traceId}"}
{"@timestamp":"2026-05-16T09:17:06.480Z","ecs.version":"1.2.0","log.level":"WARN","message":"[Consumer clientId=consumer-flight-service-group-2, groupId=flight-service-group] Bootstrap broker localhost:29092 (id: -1 rack: null) disconnected","process.thread.name":"org.springframework.kafka.KafkaListenerEndpointContainer#1-0-C-1","log.logger":"org.apache.kafka.clients.NetworkClient","service":"skyways","environment":"local","traceId":"${ctx:traceId}"}
{"@timestamp":"2026-05-16T09:17:07.448Z","ecs.version":"1.2.0","log.level":"WARN","message":"[Consumer clientId=consumer-flight-service-group-1, groupId=flight-service-group] Connection to node -1 (localhost/127.0.0.1:29092) could not be established. Node may not be available.","process.thread.name":"org.springframework.kafka.KafkaListenerEndpointContainer#0-0-C-1","log.logger":"org.apache.kafka.clients.NetworkClient","service":"skyways","environment":"local","traceId":"${ctx:traceId}"}
{"@timestamp":"2026-05-16T09:17:07.448Z","ecs.version":"1.2.0","log.level":"WARN","message":"[Consumer clientId=consumer-flight-service-group-1, groupId=flight-service-group] Bootstrap broker localhost:29092 (id: -1 rack: null) disconnected","process.thread.name":"org.springframework.kafka.KafkaListenerEndpointContainer#0-0-C-1","log.logger":"org.apache.kafka.clients.NetworkClient","service":"skyways","environment":"local","traceId":"${ctx:traceId}"}
{"@timestamp":"2026-05-16T09:17:07.495Z","ecs.version":"1.2.0","log.level":"WARN","message":"[Consumer clientId=consumer-flight-service-group-2, groupId=flight-service-group] Connection to node -1 (localhost/127.0.0.1:29092) could not be established. Node may not be available.","process.thread.name":"org.springframework.kafka.KafkaListenerEndpointContainer#1-0-C-1","log.logger":"org.apache.kafka.clients.NetworkClient","service":"skyways","environment":"local","traceId":"${ctx:traceId}"}
{"@timestamp":"2026-05-16T09:17:07.495Z","ecs.version":"1.2.0","log.level":"WARN","message":"[Consumer clientId=consumer-flight-service-group-2, groupId=flight-service-group] Bootstrap broker localhost:29092 (id: -1 rack: null) disconnected","process.thread.name":"org.springframework.kafka.KafkaListenerEndpointContainer#1-0-C-1","log.logger":"org.apache.kafka.clients.NetworkClient","service":"skyways","environment":"local","traceId":"${ctx:traceId}"}
{"@timestamp":"2026-05-16T09:17:08.391Z","ecs.version":"1.2.0","log.level":"WARN","message":"[Consumer clientId=consumer-flight-service-group-1, groupId=flight-service-group] Connection to node -1 (localhost/127.0.0.1:29092) could not be established. Node may not be available.","process.thread.name":"org.springframework.kafka.KafkaListenerEndpointContainer#0-0-C-1","log.logger":"org.apache.kafka.clients.NetworkClient","service":"skyways","environment":"local","traceId":"${ctx:traceId}"}
{"@timestamp":"2026-05-16T09:17:08.391Z","ecs.version":"1.2.0","log.level":"WARN","message":"[Consumer clientId=consumer-flight-service-group-1, groupId=flight-service-group] Bootstrap broker localhost:29092 (id: -1 rack: null) disconnected","process.thread.name":"org.springframework.kafka.KafkaListenerEndpointContainer#0-0-C-1","log.logger":"org.apache.kafka.clients.NetworkClient","service":"skyways","environment":"local","traceId":"${ctx:traceId}"}
{"@timestamp":"2026-05-16T09:17:08.468Z","ecs.version":"1.2.0","log.level":"WARN","message":"[Consumer clientId=consumer-flight-service-group-2, groupId=flight-service-group] Connection to node -1 (localhost/127.0.0.1:29092) could not be established. Node may not be available.","process.thread.name":"org.springframework.kafka.KafkaListenerEndpointContainer#1-0-C-1","log.logger":"org.apache.kafka.clients.NetworkClient","service":"skyways","environment":"local","traceId":"${ctx:traceId}"}
{"@timestamp":"2026-05-16T09:17:08.468Z","ecs.version":"1.2.0","log.level":"WARN","message":"[Consumer clientId=consumer-flight-service-group-2, groupId=flight-service-group] Bootstrap broker localhost:29092 (id: -1 rack: null) disconnected","process.thread.name":"org.springframework.kafka.KafkaListenerEndpointContainer#1-0-C-1","log.logger":"org.apache.kafka.clients.NetworkClient","service":"skyways","environment":"local","traceId":"${ctx:traceId}"}
{"@timestamp":"2026-05-16T09:17:09.309Z","ecs.version":"1.2.0","log.level":"WARN","message":"[Consumer clientId=consumer-flight-service-group-2, groupId=flight-service-group] Connection to node -1 (localhost/127.0.0.1:29092) could not be established. Node may not be available.","process.thread.name":"org.springframework.kafka.KafkaListenerEndpointContainer#1-0-C-1","log.logger":"org.apache.kafka.clients.NetworkClient","service":"skyways","environment":"local","traceId":"${ctx:traceId}"}
{"@timestamp":"2026-05-16T09:17:09.309Z","ecs.version":"1.2.0","log.level":"WARN","message":"[Consumer clientId=consumer-flight-service-group-2, groupId=flight-service-group] Bootstrap broker localhost:29092 (id: -1 rack: null) disconnected","process.thread.name":"org.springframework.kafka.KafkaListenerEndpointContainer#1-0-C-1","log.logger":"org.apache.kafka.clients.NetworkClient","service":"skyways","environment":"local","traceId":"${ctx:traceId}"}
{"@timestamp":"2026-05-16T09:17:09.449Z","ecs.version":"1.2.0","log.level":"WARN","message":"[Consumer clientId=consumer-flight-service-group-1, groupId=flight-service-group] Connection to node -1 (localhost/127.0.0.1:29092) could not be established. Node may not be available.","process.thread.name":"org.springframework.kafka.KafkaListenerEndpointContainer#0-0-C-1","log.logger":"org.apache.kafka.clients.NetworkClient","service":"skyways","environment":"local","traceId":"${ctx:traceId}"}
{"@timestamp":"2026-05-16T09:17:09.449Z","ecs.version":"1.2.0","log.level":"WARN","message":"[Consumer clientId=consumer-flight-service-group-1, groupId=flight-service-group] Bootstrap broker localhost:29092 (id: -1 rack: null) disconnected","process.thread.name":"org.springframework.kafka.KafkaListenerEndpointContainer#0-0-C-1","log.logger":"org.apache.kafka.clients.NetworkClient","service":"skyways","environment":"local","traceId":"${ctx:traceId}"}
{"@timestamp":"2026-05-16T09:17:10.344Z","ecs.version":"1.2.0","log.level":"WARN","message":"[Consumer clientId=consumer-flight-service-group-2, groupId=flight-service-group] Connection to node -1 (localhost/127.0.0.1:29092) could not be established. Node may not be available.","process.thread.name":"org.springframework.kafka.KafkaListenerEndpointContainer#1-0-C-1","log.logger":"org.apache.kafka.clients.NetworkClient","service":"skyways","environment":"local","traceId":"${ctx:traceId}"}
{"@timestamp":"2026-05-16T09:17:10.346Z","ecs.version":"1.2.0","log.level":"WARN","message":"[Consumer clientId=consumer-flight-service-group-2, groupId=flight-service-group] Bootstrap broker localhost:29092 (id: -1 rack: null) disconnected","process.thread.name":"org.springframework.kafka.KafkaListenerEndpointContainer#1-0-C-1","log.logger":"org.apache.kafka.clients.NetworkClient","service":"skyways","environment":"local","traceId":"${ctx:traceId}"}
{"@timestamp":"2026-05-16T09:17:10.486Z","ecs.version":"1.2.0","log.level":"WARN","message":"[Consumer clientId=consumer-flight-service-group-1, groupId=flight-service-group] Connection to node -1 (localhost/127.0.0.1:29092) could not be established. Node may not be available.","process.thread.name":"org.springframework.kafka.KafkaListenerEndpointContainer#0-0-C-1","log.logger":"org.apache.kafka.clients.NetworkClient","service":"skyways","environment":"local","traceId":"${ctx:traceId}"}
{"@timestamp":"2026-05-16T09:17:10.486Z","ecs.version":"1.2.0","log.level":"WARN","message":"[Consumer clientId=consumer-flight-service-group-1, groupId=flight-service-group] Bootstrap broker localhost:29092 (id: -1 rack: null) disconnected","process.thread.name":"org.springframework.kafka.KafkaListenerEndpointContainer#0-0-C-1","log.logger":"org.apache.kafka.clients.NetworkClient","service":"skyways","environment":"local","traceId":"${ctx:traceId}"}
{"@timestamp":"2026-05-16T09:17:11.351Z","ecs.version":"1.2.0","log.level":"WARN","message":"[Consumer clientId=consumer-flight-service-group-2, groupId=flight-service-group] Connection to node -1 (localhost/127.0.0.1:29092) could not be established. Node may not be available.","process.thread.name":"org.springframework.kafka.KafkaListenerEndpointContainer#1-0-C-1","log.logger":"org.apache.kafka.clients.NetworkClient","service":"skyways","environment":"local","traceId":"${ctx:traceId}"}
{"@timestamp":"2026-05-16T09:17:11.351Z","ecs.version":"1.2.0","log.level":"WARN","message":"[Consumer clientId=consumer-flight-service-group-2, groupId=flight-service-group] Bootstrap broker localhost:29092 (id: -1 rack: null) disconnected","process.thread.name":"org.springframework.kafka.KafkaListenerEndpointContainer#1-0-C-1","log.logger":"org.apache.kafka.clients.NetworkClient","service":"skyways","environment":"local","traceId":"${ctx:traceId}"}
{"@timestamp":"2026-05-16T09:17:11.509Z","ecs.version":"1.2.0","log.level":"WARN","message":"[Consumer clientId=consumer-flight-service-group-1, groupId=flight-service-group] Connection to node -1 (localhost/127.0.0.1:29092) could not be established. Node may not be available.","process.thread.name":"org.springframework.kafka.KafkaListenerEndpointContainer#0-0-C-1","log.logger":"org.apache.kafka.clients.NetworkClient","service":"skyways","environment":"local","traceId":"${ctx:traceId}"}
{"@timestamp":"2026-05-16T09:17:11.509Z","ecs.version":"1.2.0","log.level":"WARN","message":"[Consumer clientId=consumer-flight-service-group-1, groupId=flight-service-group] Bootstrap broker localhost:29092 (id: -1 rack: null) disconnected","process.thread.name":"org.springframework.kafka.KafkaListenerEndpointContainer#0-0-C-1","log.logger":"org.apache.kafka.clients.NetworkClient","service":"skyways","environment":"local","traceId":"${ctx:traceId}"}
{"@timestamp":"2026-05-16T09:17:12.360Z","ecs.version":"1.2.0","log.level":"WARN","message":"[Consumer clientId=consumer-flight-service-group-2, groupId=flight-service-group] Connection to node -1 (localhost/127.0.0.1:29092) could not be established. Node may not be available.","process.thread.name":"org.springframework.kafka.KafkaListenerEndpointContainer#1-0-C-1","log.logger":"org.apache.kafka.clients.NetworkClient","service":"skyways","environment":"local","traceId":"${ctx:traceId}"}
{"@timestamp":"2026-05-16T09:17:12.361Z","ecs.version":"1.2.0","log.level":"WARN","message":"[Consumer clientId=consumer-flight-service-group-2, groupId=flight-service-group] Bootstrap broker localhost:29092 (id: -1 rack: null) disconnected","process.thread.name":"org.springframework.kafka.KafkaListenerEndpointContainer#1-0-C-1","log.logger":"org.apache.kafka.clients.NetworkClient","service":"skyways","environment":"local","traceId":"${ctx:traceId}"}
{"@timestamp":"2026-05-16T09:17:12.393Z","ecs.version":"1.2.0","log.level":"WARN","message":"[Consumer clientId=consumer-flight-service-group-1, groupId=flight-service-group] Connection to node -1 (localhost/127.0.0.1:29092) could not be established. Node may not be available.","process.thread.name":"org.springframework.kafka.KafkaListenerEndpointContainer#0-0-C-1","log.logger":"org.apache.kafka.clients.NetworkClient","service":"skyways","environment":"local","traceId":"${ctx:traceId}"}
{"@timestamp":"2026-05-16T09:17:12.393Z","ecs.version":"1.2.0","log.level":"WARN","message":"[Consumer clientId=consumer-flight-service-group-1, groupId=flight-service-group] Bootstrap broker localhost:29092 (id: -1 rack: null) disconnected","process.thread.name":"org.springframework.kafka.KafkaListenerEndpointContainer#0-0-C-1","log.logger":"org.apache.kafka.clients.NetworkClient","service":"skyways","environment":"local","traceId":"${ctx:traceId}"}
{"@timestamp":"2026-05-16T09:17:13.368Z","ecs.version":"1.2.0","log.level":"WARN","message":"[Consumer clientId=consumer-flight-service-group-2, groupId=flight-service-group] Connection to node -1 (localhost/127.0.0.1:29092) could not be established. Node may not be available.","process.thread.name":"org.springframework.kafka.KafkaListenerEndpointContainer#1-0-C-1","log.logger":"org.apache.kafka.clients.NetworkClient","service":"skyways","environment":"local","traceId":"${ctx:traceId}"}
{"@timestamp":"2026-05-16T09:17:13.369Z","ecs.version":"1.2.0","log.level":"WARN","message":"[Consumer clientId=consumer-flight-service-group-2, groupId=flight-service-group] Bootstrap broker localhost:29092 (id: -1 rack: null) disconnected","process.thread.name":"org.springframework.kafka.KafkaListenerEndpointContainer#1-0-C-1","log.logger":"org.apache.kafka.clients.NetworkClient","service":"skyways","environment":"local","traceId":"${ctx:traceId}"}
{"@timestamp":"2026-05-16T09:17:13.400Z","ecs.version":"1.2.0","log.level":"WARN","message":"[Consumer clientId=consumer-flight-service-group-1, groupId=flight-service-group] Connection to node -1 (localhost/127.0.0.1:29092) could not be established. Node may not be available.","process.thread.name":"org.springframework.kafka.KafkaListenerEndpointContainer#0-0-C-1","log.logger":"org.apache.kafka.clients.NetworkClient","service":"skyways","environment":"local","traceId":"${ctx:traceId}"}
{"@timestamp":"2026-05-16T09:17:13.400Z","ecs.version":"1.2.0","log.level":"WARN","message":"[Consumer clientId=consumer-flight-service-group-1, groupId=flight-service-group] Bootstrap broker localhost:29092 (id: -1 rack: null) disconnected","process.thread.name":"org.springframework.kafka.KafkaListenerEndpointContainer#0-0-C-1","log.logger":"org.apache.kafka.clients.NetworkClient","service":"skyways","environment":"local","traceId":"${ctx:traceId}"}
{"@timestamp":"2026-05-16T09:17:14.213Z","ecs.version":"1.2.0","log.level":"WARN","message":"[Consumer clientId=consumer-flight-service-group-1, groupId=flight-service-group] Connection to node -1 (localhost/127.0.0.1:29092) could not be established. Node may not be available.","process.thread.name":"org.springframework.kafka.KafkaListenerEndpointContainer#0-0-C-1","log.logger":"org.apache.kafka.clients.NetworkClient","service":"skyways","environment":"local","traceId":"${ctx:traceId}"}
{"@timestamp":"2026-05-16T09:17:14.213Z","ecs.version":"1.2.0","log.level":"WARN","message":"[Consumer clientId=consumer-flight-service-group-1, groupId=flight-service-group] Bootstrap broker localhost:29092 (id: -1 rack: null) disconnected","process.thread.name":"org.springframework.kafka.KafkaListenerEndpointContainer#0-0-C-1","log.logger":"org.apache.kafka.clients.NetworkClient","service":"skyways","environment":"local","traceId":"${ctx:traceId}"}
{"@timestamp":"2026-05-16T09:17:14.369Z","ecs.version":"1.2.0","log.level":"WARN","message":"[Consumer clientId=consumer-flight-service-group-2, groupId=flight-service-group] Connection to node -1 (localhost/127.0.0.1:29092) could not be established. Node may not be available.","process.thread.name":"org.springframework.kafka.KafkaListenerEndpointContainer#1-0-C-1","log.logger":"org.apache.kafka.clients.NetworkClient","service":"skyways","environment":"local","traceId":"${ctx:traceId}"}
{"@timestamp":"2026-05-16T09:17:14.370Z","ecs.version":"1.2.0","log.level":"WARN","message":"[Consumer clientId=consumer-flight-service-group-2, groupId=flight-service-group] Bootstrap broker localhost:29092 (id: -1 rack: null) disconnected","process.thread.name":"org.springframework.kafka.KafkaListenerEndpointContainer#1-0-C-1","log.logger":"org.apache.kafka.clients.NetworkClient","service":"skyways","environment":"local","traceId":"${ctx:traceId}"}
{"@timestamp":"2026-05-16T09:17:15.235Z","ecs.version":"1.2.0","log.level":"WARN","message":"[Consumer clientId=consumer-flight-service-group-1, groupId=flight-service-group] Connection to node -1 (localhost/127.0.0.1:29092) could not be established. Node may not be available.","process.thread.name":"org.springframework.kafka.KafkaListenerEndpointContainer#0-0-C-1","log.logger":"org.apache.kafka.clients.NetworkClient","service":"skyways","environment":"local","traceId":"${ctx:traceId}"}
{"@timestamp":"2026-05-16T09:17:15.235Z","ecs.version":"1.2.0","log.level":"WARN","message":"[Consumer clientId=consumer-flight-service-group-1, groupId=flight-service-group] Bootstrap broker localhost:29092 (id: -1 rack: null) disconnected","process.thread.name":"org.springframework.kafka.KafkaListenerEndpointContainer#0-0-C-1","log.logger":"org.apache.kafka.clients.NetworkClient","service":"skyways","environment":"local","traceId":"${ctx:traceId}"}
{"@timestamp":"2026-05-16T09:17:15.410Z","ecs.version":"1.2.0","log.level":"WARN","message":"[Consumer clientId=consumer-flight-service-group-2, groupId=flight-service-group] Connection to node -1 (localhost/127.0.0.1:29092) could not be established. Node may not be available.","process.thread.name":"org.springframework.kafka.KafkaListenerEndpointContainer#1-0-C-1","log.logger":"org.apache.kafka.clients.NetworkClient","service":"skyways","environment":"local","traceId":"${ctx:traceId}"}
{"@timestamp":"2026-05-16T09:17:15.410Z","ecs.version":"1.2.0","log.level":"WARN","message":"[Consumer clientId=consumer-flight-service-group-2, groupId=flight-service-group] Bootstrap broker localhost:29092 (id: -1 rack: null) disconnected","process.thread.name":"org.springframework.kafka.KafkaListenerEndpointContainer#1-0-C-1","log.logger":"org.apache.kafka.clients.NetworkClient","service":"skyways","environment":"local","traceId":"${ctx:traceId}"}
{"@timestamp":"2026-05-16T09:17:16.242Z","ecs.version":"1.2.0","log.level":"WARN","message":"[Consumer clientId=consumer-flight-service-group-1, groupId=flight-service-group] Connection to node -1 (localhost/127.0.0.1:29092) could not be established. Node may not be available.","process.thread.name":"org.springframework.kafka.KafkaListenerEndpointContainer#0-0-C-1","log.logger":"org.apache.kafka.clients.NetworkClient","service":"skyways","environment":"local","traceId":"${ctx:traceId}"}
{"@timestamp":"2026-05-16T09:17:16.242Z","ecs.version":"1.2.0","log.level":"WARN","message":"[Consumer clientId=consumer-flight-service-group-1, groupId=flight-service-group] Bootstrap broker localhost:29092 (id: -1 rack: null) disconnected","process.thread.name":"org.springframework.kafka.KafkaListenerEndpointContainer#0-0-C-1","log.logger":"org.apache.kafka.clients.NetworkClient","service":"skyways","environment":"local","traceId":"${ctx:traceId}"}
{"@timestamp":"2026-05-16T09:17:16.289Z","ecs.version":"1.2.0","log.level":"WARN","message":"[Consumer clientId=consumer-flight-service-group-2, groupId=flight-service-group] Connection to node -1 (localhost/127.0.0.1:29092) could not be established. Node may not be available.","process.thread.name":"org.springframework.kafka.KafkaListenerEndpointContainer#1-0-C-1","log.logger":"org.apache.kafka.clients.NetworkClient","service":"skyways","environment":"local","traceId":"${ctx:traceId}"}
{"@timestamp":"2026-05-16T09:17:16.289Z","ecs.version":"1.2.0","log.level":"WARN","message":"[Consumer clientId=consumer-flight-service-group-2, groupId=flight-service-group] Bootstrap broker localhost:29092 (id: -1 rack: null) disconnected","process.thread.name":"org.springframework.kafka.KafkaListenerEndpointContainer#1-0-C-1","log.logger":"org.apache.kafka.clients.NetworkClient","service":"skyways","environment":"local","traceId":"${ctx:traceId}"}
{"@timestamp":"2026-05-16T09:17:17.186Z","ecs.version":"1.2.0","log.level":"WARN","message":"[Consumer clientId=consumer-flight-service-group-1, groupId=flight-service-group] Connection to node -1 (localhost/127.0.0.1:29092) could not be established. Node may not be available.","process.thread.name":"org.springframework.kafka.KafkaListenerEndpointContainer#0-0-C-1","log.logger":"org.apache.kafka.clients.NetworkClient","service":"skyways","environment":"local","traceId":"${ctx:traceId}"}
{"@timestamp":"2026-05-16T09:17:17.186Z","ecs.version":"1.2.0","log.level":"WARN","message":"[Consumer clientId=consumer-flight-service-group-1, groupId=flight-service-group] Bootstrap broker localhost:29092 (id: -1 rack: null) disconnected","process.thread.name":"org.springframework.kafka.KafkaListenerEndpointContainer#0-0-C-1","log.logger":"org.apache.kafka.clients.NetworkClient","service":"skyways","environment":"local","traceId":"${ctx:traceId}"}
{"@timestamp":"2026-05-16T09:17:17.294Z","ecs.version":"1.2.0","log.level":"WARN","message":"[Consumer clientId=consumer-flight-service-group-2, groupId=flight-service-group] Connection to node -1 (localhost/127.0.0.1:29092) could not be established. Node may not be available.","process.thread.name":"org.springframework.kafka.KafkaListenerEndpointContainer#1-0-C-1","log.logger":"org.apache.kafka.clients.NetworkClient","service":"skyways","environment":"local","traceId":"${ctx:traceId}"}
{"@timestamp":"2026-05-16T09:17:17.294Z","ecs.version":"1.2.0","log.level":"WARN","message":"[Consumer clientId=consumer-flight-service-group-2, groupId=flight-service-group] Bootstrap broker localhost:29092 (id: -1 rack: null) disconnected","process.thread.name":"org.springframework.kafka.KafkaListenerEndpointContainer#1-0-C-1","log.logger":"org.apache.kafka.clients.NetworkClient","service":"skyways","environment":"local","traceId":"${ctx:traceId}"}
{"@timestamp":"2026-05-16T09:17:18.204Z","ecs.version":"1.2.0","log.level":"WARN","message":"[Consumer clientId=consumer-flight-service-group-1, groupId=flight-service-group] Connection to node -1 (localhost/127.0.0.1:29092) could not be established. Node may not be available.","process.thread.name":"org.springframework.kafka.KafkaListenerEndpointContainer#0-0-C-1","log.logger":"org.apache.kafka.clients.NetworkClient","service":"skyways","environment":"local","traceId":"${ctx:traceId}"}
{"@timestamp":"2026-05-16T09:17:18.204Z","ecs.version":"1.2.0","log.level":"WARN","message":"[Consumer clientId=consumer-flight-service-group-1, groupId=flight-service-group] Bootstrap broker localhost:29092 (id: -1 rack: null) disconnected","process.thread.name":"org.springframework.kafka.KafkaListenerEndpointContainer#0-0-C-1","log.logger":"org.apache.kafka.clients.NetworkClient","service":"skyways","environment":"local","traceId":"${ctx:traceId}"}
{"@timestamp":"2026-05-16T09:17:18.301Z","ecs.version":"1.2.0","log.level":"WARN","message":"[Consumer clientId=consumer-flight-service-group-2, groupId=flight-service-group] Connection to node -1 (localhost/127.0.0.1:29092) could not be established. Node may not be available.","process.thread.name":"org.springframework.kafka.KafkaListenerEndpointContainer#1-0-C-1","log.logger":"org.apache.kafka.clients.NetworkClient","service":"skyways","environment":"local","traceId":"${ctx:traceId}"}
{"@timestamp":"2026-05-16T09:17:18.301Z","ecs.version":"1.2.0","log.level":"WARN","message":"[Consumer clientId=consumer-flight-service-group-2, groupId=flight-service-group] Bootstrap broker localhost:29092 (id: -1 rack: null) disconnected","process.thread.name":"org.springframework.kafka.KafkaListenerEndpointContainer#1-0-C-1","log.logger":"org.apache.kafka.clients.NetworkClient","service":"skyways","environment":"local","traceId":"${ctx:traceId}"}
{"@timestamp":"2026-05-16T09:17:19.042Z","ecs.version":"1.2.0","log.level":"WARN","message":"[Consumer clientId=consumer-flight-service-group-1, groupId=flight-service-group] Connection to node -1 (localhost/127.0.0.1:29092) could not be established. Node may not be available.","process.thread.name":"org.springframework.kafka.KafkaListenerEndpointContainer#0-0-C-1","log.logger":"org.apache.kafka.clients.NetworkClient","service":"skyways","environment":"local","traceId":"${ctx:traceId}"}
{"@timestamp":"2026-05-16T09:17:19.043Z","ecs.version":"1.2.0","log.level":"WARN","message":"[Consumer clientId=consumer-flight-service-group-1, groupId=flight-service-group] Bootstrap broker localhost:29092 (id: -1 rack: null) disconnected","process.thread.name":"org.springframework.kafka.KafkaListenerEndpointContainer#0-0-C-1","log.logger":"org.apache.kafka.clients.NetworkClient","service":"skyways","environment":"local","traceId":"${ctx:traceId}"}
{"@timestamp":"2026-05-16T09:17:19.106Z","ecs.version":"1.2.0","log.level":"WARN","message":"Request execution failed with message: I/O error on PUT request for \"http://localhost:8761/eureka/apps/SKYWAYS-FLIGHT-SERVICE/DESKTOP-S0AUF4J:skyways-flight-service:8082\": Connect to http://localhost:8761 [localhost/127.0.0.1, localhost/0:0:0:0:0:0:0:1] failed: Connection refused: no further information","process.thread.name":"DiscoveryClient-HeartbeatExecutor-0","log.logger":"com.netflix.discovery.shared.transport.decorator.RetryableEurekaHttpClient","service":"skyways","environment":"local","traceId":"${ctx:traceId}"}
{"@timestamp":"2026-05-16T09:17:19.106Z","ecs.version":"1.2.0","log.level":"ERROR","message":"DiscoveryClient_SKYWAYS-FLIGHT-SERVICE/DESKTOP-S0AUF4J:skyways-flight-service:8082 - was unable to send heartbeat!","process.thread.name":"DiscoveryClient-HeartbeatExecutor-0","log.logger":"com.netflix.discovery.DiscoveryClient","error.type":"com.netflix.discovery.shared.transport.TransportException","error.message":"Cannot execute request on any known server","error.stack_trace":"com.netflix.discovery.shared.transport.TransportException: Cannot execute request on any known server\r\n\tat com.netflix.discovery.shared.transport.decorator.RetryableEurekaHttpClient.execute(RetryableEurekaHttpClient.java:112)\r\n\tat com.netflix.discovery.shared.transport.decorator.EurekaHttpClientDecorator.sendHeartBeat(EurekaHttpClientDecorator.java:89)\r\n\tat com.netflix.discovery.shared.transport.decorator.EurekaHttpClientDecorator$3.execute(EurekaHttpClientDecorator.java:92)\r\n\tat com.netflix.discovery.shared.transport.decorator.SessionedEurekaHttpClient.execute(SessionedEurekaHttpClient.java:77)\r\n\tat com.netflix.discovery.shared.transport.decorator.EurekaHttpClientDecorator.sendHeartBeat(EurekaHttpClientDecorator.java:89)\r\n\tat com.netflix.discovery.DiscoveryClient.renew(DiscoveryClient.java:837)\r\n\tat com.netflix.discovery.DiscoveryClient$HeartbeatThread.run(DiscoveryClient.java:1401)\r\n\tat java.base/java.util.concurrent.Executors$RunnableAdapter.call(Executors.java:539)\r\n\tat java.base/java.util.concurrent.FutureTask.run(FutureTask.java:264)\r\n\tat java.base/java.util.concurrent.ThreadPoolExecutor.runWorker(ThreadPoolExecutor.java:1136)\r\n\tat java.base/java.util.concurrent.ThreadPoolExecutor$Worker.run(ThreadPoolExecutor.java:635)\r\n\tat java.base/java.lang.Thread.run(Thread.java:842)\r\n","service":"skyways","environment":"local","traceId":"${ctx:traceId}"}
{"@timestamp":"2026-05-16T09:17:19.107Z","ecs.version":"1.2.0","log.level":"WARN","message":"Request execution failed with message: I/O error on GET request for \"http://localhost:8761/eureka/apps/\": Connect to http://localhost:8761 [localhost/127.0.0.1, localhost/0:0:0:0:0:0:0:1] failed: Connection refused: no further information","process.thread.name":"DiscoveryClient-CacheRefreshExecutor-0","log.logger":"com.netflix.discovery.shared.transport.decorator.RetryableEurekaHttpClient","service":"skyways","environment":"local","traceId":"${ctx:traceId}"}
{"@timestamp":"2026-05-16T09:17:19.278Z","ecs.version":"1.2.0","log.level":"WARN","message":"Request execution failed with message: I/O error on POST request for \"http://localhost:8761/eureka/apps/SKYWAYS-FLIGHT-SERVICE\": Connect to http://localhost:8761 [localhost/127.0.0.1, localhost/0:0:0:0:0:0:0:1] failed: Connection refused: no further information","process.thread.name":"DiscoveryClient-InstanceInfoReplicator-0","log.logger":"com.netflix.discovery.shared.transport.decorator.RetryableEurekaHttpClient","service":"skyways","environment":"local","traceId":"${ctx:traceId}"}
{"@timestamp":"2026-05-16T09:17:19.279Z","ecs.version":"1.2.0","log.level":"WARN","message":"DiscoveryClient_SKYWAYS-FLIGHT-SERVICE/DESKTOP-S0AUF4J:skyways-flight-service:8082 - registration failed Cannot execute request on any known server","process.thread.name":"DiscoveryClient-InstanceInfoReplicator-0","log.logger":"com.netflix.discovery.DiscoveryClient","error.type":"com.netflix.discovery.shared.transport.TransportException","error.message":"Cannot execute request on any known server","error.stack_trace":"com.netflix.discovery.shared.transport.TransportException: Cannot execute request on any known server\r\n\tat com.netflix.discovery.shared.transport.decorator.RetryableEurekaHttpClient.execute(RetryableEurekaHttpClient.java:112)\r\n\tat com.netflix.discovery.shared.transport.decorator.EurekaHttpClientDecorator.register(EurekaHttpClientDecorator.java:56)\r\n\tat com.netflix.discovery.shared.transport.decorator.EurekaHttpClientDecorator$1.execute(EurekaHttpClientDecorator.java:59)\r\n\tat com.netflix.discovery.shared.transport.decorator.SessionedEurekaHttpClient.execute(SessionedEurekaHttpClient.java:77)\r\n\tat com.netflix.discovery.shared.transport.decorator.EurekaHttpClientDecorator.register(EurekaHttpClientDecorator.java:56)\r\n\tat com.netflix.discovery.DiscoveryClient.register(DiscoveryClient.java:820)\r\n\tat com.netflix.discovery.InstanceInfoReplicator.run(InstanceInfoReplicator.java:121)\r\n\tat java.base/java.util.concurrent.Executors$RunnableAdapter.call(Executors.java:539)\r\n\tat java.base/java.util.concurrent.FutureTask.run(FutureTask.java:264)\r\n\tat java.base/java.util.concurrent.ScheduledThreadPoolExecutor$ScheduledFutureTask.run(ScheduledThreadPoolExecutor.java:304)\r\n\tat java.base/java.util.concurrent.ThreadPoolExecutor.runWorker(ThreadPoolExecutor.java:1136)\r\n\tat java.base/java.util.concurrent.ThreadPoolExecutor$Worker.run(ThreadPoolExecutor.java:635)\r\n\tat java.base/java.lang.Thread.run(Thread.java:842)\r\n","service":"skyways","environment":"local","traceId":"${ctx:traceId}"}
{"@timestamp":"2026-05-16T09:17:19.279Z","ecs.version":"1.2.0","log.level":"WARN","message":"There was a problem with the instance info replicator","process.thread.name":"DiscoveryClient-InstanceInfoReplicator-0","log.logger":"com.netflix.discovery.InstanceInfoReplicator","error.type":"com.netflix.discovery.shared.transport.TransportException","error.message":"Cannot execute request on any known server","error.stack_trace":"com.netflix.discovery.shared.transport.TransportException: Cannot execute request on any known server\r\n\tat com.netflix.discovery.shared.transport.decorator.RetryableEurekaHttpClient.execute(RetryableEurekaHttpClient.java:112)\r\n\tat com.netflix.discovery.shared.transport.decorator.EurekaHttpClientDecorator.register(EurekaHttpClientDecorator.java:56)\r\n\tat com.netflix.discovery.shared.transport.decorator.EurekaHttpClientDecorator$1.execute(EurekaHttpClientDecorator.java:59)\r\n\tat com.netflix.discovery.shared.transport.decorator.SessionedEurekaHttpClient.execute(SessionedEurekaHttpClient.java:77)\r\n\tat com.netflix.discovery.shared.transport.decorator.EurekaHttpClientDecorator.register(EurekaHttpClientDecorator.java:56)\r\n\tat com.netflix.discovery.DiscoveryClient.register(DiscoveryClient.java:820)\r\n\tat com.netflix.discovery.InstanceInfoReplicator.run(InstanceInfoReplicator.java:121)\r\n\tat java.base/java.util.concurrent.Executors$RunnableAdapter.call(Executors.java:539)\r\n\tat java.base/java.util.concurrent.FutureTask.run(FutureTask.java:264)\r\n\tat java.base/java.util.concurrent.ScheduledThreadPoolExecutor$ScheduledFutureTask.run(ScheduledThreadPoolExecutor.java:304)\r\n\tat java.base/java.util.concurrent.ThreadPoolExecutor.runWorker(ThreadPoolExecutor.java:1136)\r\n\tat java.base/java.util.concurrent.ThreadPoolExecutor$Worker.run(ThreadPoolExecutor.java:635)\r\n\tat java.base/java.lang.Thread.run(Thread.java:842)\r\n","service":"skyways","environment":"local","traceId":"${ctx:traceId}"}
{"@timestamp":"2026-05-16T09:17:19.309Z","ecs.version":"1.2.0","log.level":"WARN","message":"[Consumer clientId=consumer-flight-service-group-2, groupId=flight-service-group] Connection to node -1 (localhost/127.0.0.1:29092) could not be established. Node may not be available.","process.thread.name":"org.springframework.kafka.KafkaListenerEndpointContainer#1-0-C-1","log.logger":"org.apache.kafka.clients.NetworkClient","service":"skyways","environment":"local","traceId":"${ctx:traceId}"}
{"@timestamp":"2026-05-16T09:17:19.309Z","ecs.version":"1.2.0","log.level":"WARN","message":"[Consumer clientId=consumer-flight-service-group-2, groupId=flight-service-group] Bootstrap broker localhost:29092 (id: -1 rack: null) disconnected","process.thread.name":"org.springframework.kafka.KafkaListenerEndpointContainer#1-0-C-1","log.logger":"org.apache.kafka.clients.NetworkClient","service":"skyways","environment":"local","traceId":"${ctx:traceId}"}
{"@timestamp":"2026-05-16T09:17:20.128Z","ecs.version":"1.2.0","log.level":"WARN","message":"[Consumer clientId=consumer-flight-service-group-1, groupId=flight-service-group] Connection to node -1 (localhost/127.0.0.1:29092) could not be established. Node may not be available.","process.thread.name":"org.springframework.kafka.KafkaListenerEndpointContainer#0-0-C-1","log.logger":"org.apache.kafka.clients.NetworkClient","service":"skyways","environment":"local","traceId":"${ctx:traceId}"}
{"@timestamp":"2026-05-16T09:17:20.128Z","ecs.version":"1.2.0","log.level":"WARN","message":"[Consumer clientId=consumer-flight-service-group-1, groupId=flight-service-group] Bootstrap broker localhost:29092 (id: -1 rack: null) disconnected","process.thread.name":"org.springframework.kafka.KafkaListenerEndpointContainer#0-0-C-1","log.logger":"org.apache.kafka.clients.NetworkClient","service":"skyways","environment":"local","traceId":"${ctx:traceId}"}
{"@timestamp":"2026-05-16T09:17:20.317Z","ecs.version":"1.2.0","log.level":"WARN","message":"[Consumer clientId=consumer-flight-service-group-2, groupId=flight-service-group] Connection to node -1 (localhost/127.0.0.1:29092) could not be established. Node may not be available.","process.thread.name":"org.springframework.kafka.KafkaListenerEndpointContainer#1-0-C-1","log.logger":"org.apache.kafka.clients.NetworkClient","service":"skyways","environment":"local","traceId":"${ctx:traceId}"}
{"@timestamp":"2026-05-16T09:17:20.317Z","ecs.version":"1.2.0","log.level":"WARN","message":"[Consumer clientId=consumer-flight-service-group-2, groupId=flight-service-group] Bootstrap broker localhost:29092 (id: -1 rack: null) disconnected","process.thread.name":"org.springframework.kafka.KafkaListenerEndpointContainer#1-0-C-1","log.logger":"org.apache.kafka.clients.NetworkClient","service":"skyways","environment":"local","traceId":"${ctx:traceId}"}
{"@timestamp":"2026-05-16T09:17:21.010Z","ecs.version":"1.2.0","log.level":"WARN","message":"[Consumer clientId=consumer-flight-service-group-1, groupId=flight-service-group] Connection to node -1 (localhost/127.0.0.1:29092) could not be established. Node may not be available.","process.thread.name":"org.springframework.kafka.KafkaListenerEndpointContainer#0-0-C-1","log.logger":"org.apache.kafka.clients.NetworkClient","service":"skyways","environment":"local","traceId":"${ctx:traceId}"}
{"@timestamp":"2026-05-16T09:17:21.010Z","ecs.version":"1.2.0","log.level":"WARN","message":"[Consumer clientId=consumer-flight-service-group-1, groupId=flight-service-group] Bootstrap broker localhost:29092 (id: -1 rack: null) disconnected","process.thread.name":"org.springframework.kafka.KafkaListenerEndpointContainer#0-0-C-1","log.logger":"org.apache.kafka.clients.NetworkClient","service":"skyways","environment":"local","traceId":"${ctx:traceId}"}
{"@timestamp":"2026-05-16T09:17:21.356Z","ecs.version":"1.2.0","log.level":"WARN","message":"[Consumer clientId=consumer-flight-service-group-2, groupId=flight-service-group] Connection to node -1 (localhost/127.0.0.1:29092) could not be established. Node may not be available.","process.thread.name":"org.springframework.kafka.KafkaListenerEndpointContainer#1-0-C-1","log.logger":"org.apache.kafka.clients.NetworkClient","service":"skyways","environment":"local","traceId":"${ctx:traceId}"}
{"@timestamp":"2026-05-16T09:17:21.356Z","ecs.version":"1.2.0","log.level":"WARN","message":"[Consumer clientId=consumer-flight-service-group-2, groupId=flight-service-group] Bootstrap broker localhost:29092 (id: -1 rack: null) disconnected","process.thread.name":"org.springframework.kafka.KafkaListenerEndpointContainer#1-0-C-1","log.logger":"org.apache.kafka.clients.NetworkClient","service":"skyways","environment":"local","traceId":"${ctx:traceId}"}
{"@timestamp":"2026-05-16T09:17:22.019Z","ecs.version":"1.2.0","log.level":"WARN","message":"[Consumer clientId=consumer-flight-service-group-1, groupId=flight-service-group] Connection to node -1 (localhost/127.0.0.1:29092) could not be established. Node may not be available.","process.thread.name":"org.springframework.kafka.KafkaListenerEndpointContainer#0-0-C-1","log.logger":"org.apache.kafka.clients.NetworkClient","service":"skyways","environment":"local","traceId":"${ctx:traceId}"}
{"@timestamp":"2026-05-16T09:17:22.019Z","ecs.version":"1.2.0","log.level":"WARN","message":"[Consumer clientId=consumer-flight-service-group-1, groupId=flight-service-group] Bootstrap broker localhost:29092 (id: -1 rack: null) disconnected","process.thread.name":"org.springframework.kafka.KafkaListenerEndpointContainer#0-0-C-1","log.logger":"org.apache.kafka.clients.NetworkClient","service":"skyways","environment":"local","traceId":"${ctx:traceId}"}
{"@timestamp":"2026-05-16T09:17:22.238Z","ecs.version":"1.2.0","log.level":"WARN","message":"[Consumer clientId=consumer-flight-service-group-2, groupId=flight-service-group] Connection to node -1 (localhost/127.0.0.1:29092) could not be established. Node may not be available.","process.thread.name":"org.springframework.kafka.KafkaListenerEndpointContainer#1-0-C-1","log.logger":"org.apache.kafka.clients.NetworkClient","service":"skyways","environment":"local","traceId":"${ctx:traceId}"}
{"@timestamp":"2026-05-16T09:17:22.238Z","ecs.version":"1.2.0","log.level":"WARN","message":"[Consumer clientId=consumer-flight-service-group-2, groupId=flight-service-group] Bootstrap broker localhost:29092 (id: -1 rack: null) disconnected","process.thread.name":"org.springframework.kafka.KafkaListenerEndpointContainer#1-0-C-1","log.logger":"org.apache.kafka.clients.NetworkClient","service":"skyways","environment":"local","traceId":"${ctx:traceId}"}
{"@timestamp":"2026-05-16T09:17:23.042Z","ecs.version":"1.2.0","log.level":"WARN","message":"[Consumer clientId=consumer-flight-service-group-1, groupId=flight-service-group] Connection to node -1 (localhost/127.0.0.1:29092) could not be established. Node may not be available.","process.thread.name":"org.springframework.kafka.KafkaListenerEndpointContainer#0-0-C-1","log.logger":"org.apache.kafka.clients.NetworkClient","service":"skyways","environment":"local","traceId":"${ctx:traceId}"}
{"@timestamp":"2026-05-16T09:17:23.042Z","ecs.version":"1.2.0","log.level":"WARN","message":"[Consumer clientId=consumer-flight-service-group-1, groupId=flight-service-group] Bootstrap broker localhost:29092 (id: -1 rack: null) disconnected","process.thread.name":"org.springframework.kafka.KafkaListenerEndpointContainer#0-0-C-1","log.logger":"org.apache.kafka.clients.NetworkClient","service":"skyways","environment":"local","traceId":"${ctx:traceId}"}
{"@timestamp":"2026-05-16T09:17:23.184Z","ecs.version":"1.2.0","log.level":"WARN","message":"[Consumer clientId=consumer-flight-service-group-2, groupId=flight-service-group] Connection to node -1 (localhost/127.0.0.1:29092) could not be established. Node may not be available.","process.thread.name":"org.springframework.kafka.KafkaListenerEndpointContainer#1-0-C-1","log.logger":"org.apache.kafka.clients.NetworkClient","service":"skyways","environment":"local","traceId":"${ctx:traceId}"}
{"@timestamp":"2026-05-16T09:17:23.184Z","ecs.version":"1.2.0","log.level":"WARN","message":"[Consumer clientId=consumer-flight-service-group-2, groupId=flight-service-group] Bootstrap broker localhost:29092 (id: -1 rack: null) disconnected","process.thread.name":"org.springframework.kafka.KafkaListenerEndpointContainer#1-0-C-1","log.logger":"org.apache.kafka.clients.NetworkClient","service":"skyways","environment":"local","traceId":"${ctx:traceId}"}
{"@timestamp":"2026-05-16T09:17:23.985Z","ecs.version":"1.2.0","log.level":"WARN","message":"[Consumer clientId=consumer-flight-service-group-1, groupId=flight-service-group] Connection to node -1 (localhost/127.0.0.1:29092) could not be established. Node may not be available.","process.thread.name":"org.springframework.kafka.KafkaListenerEndpointContainer#0-0-C-1","log.logger":"org.apache.kafka.clients.NetworkClient","service":"skyways","environment":"local","traceId":"${ctx:traceId}"}
{"@timestamp":"2026-05-16T09:17:23.985Z","ecs.version":"1.2.0","log.level":"WARN","message":"[Consumer clientId=consumer-flight-service-group-1, groupId=flight-service-group] Bootstrap broker localhost:29092 (id: -1 rack: null) disconnected","process.thread.name":"org.springframework.kafka.KafkaListenerEndpointContainer#0-0-C-1","log.logger":"org.apache.kafka.clients.NetworkClient","service":"skyways","environment":"local","traceId":"${ctx:traceId}"}
{"@timestamp":"2026-05-16T09:17:24.001Z","ecs.version":"1.2.0","log.level":"WARN","message":"[Consumer clientId=consumer-flight-service-group-2, groupId=flight-service-group] Connection to node -1 (localhost/127.0.0.1:29092) could not be established. Node may not be available.","process.thread.name":"org.springframework.kafka.KafkaListenerEndpointContainer#1-0-C-1","log.logger":"org.apache.kafka.clients.NetworkClient","service":"skyways","environment":"local","traceId":"${ctx:traceId}"}
{"@timestamp":"2026-05-16T09:17:24.001Z","ecs.version":"1.2.0","log.level":"WARN","message":"[Consumer clientId=consumer-flight-service-group-2, groupId=flight-service-group] Bootstrap broker localhost:29092 (id: -1 rack: null) disconnected","process.thread.name":"org.springframework.kafka.KafkaListenerEndpointContainer#1-0-C-1","log.logger":"org.apache.kafka.clients.NetworkClient","service":"skyways","environment":"local","traceId":"${ctx:traceId}"}
{"@timestamp":"2026-05-16T09:17:24.995Z","ecs.version":"1.2.0","log.level":"WARN","message":"[Consumer clientId=consumer-flight-service-group-1, groupId=flight-service-group] Connection to node -1 (localhost/127.0.0.1:29092) could not be established. Node may not be available.","process.thread.name":"org.springframework.kafka.KafkaListenerEndpointContainer#0-0-C-1","log.logger":"org.apache.kafka.clients.NetworkClient","service":"skyways","environment":"local","traceId":"${ctx:traceId}"}
{"@timestamp":"2026-05-16T09:17:24.995Z","ecs.version":"1.2.0","log.level":"WARN","message":"[Consumer clientId=consumer-flight-service-group-1, groupId=flight-service-group] Bootstrap broker localhost:29092 (id: -1 rack: null) disconnected","process.thread.name":"org.springframework.kafka.KafkaListenerEndpointContainer#0-0-C-1","log.logger":"org.apache.kafka.clients.NetworkClient","service":"skyways","environment":"local","traceId":"${ctx:traceId}"}
{"@timestamp":"2026-05-16T09:17:25.011Z","ecs.version":"1.2.0","log.level":"WARN","message":"[Consumer clientId=consumer-flight-service-group-2, groupId=flight-service-group] Connection to node -1 (localhost/127.0.0.1:29092) could not be established. Node may not be available.","process.thread.name":"org.springframework.kafka.KafkaListenerEndpointContainer#1-0-C-1","log.logger":"org.apache.kafka.clients.NetworkClient","service":"skyways","environment":"local","traceId":"${ctx:traceId}"}
{"@timestamp":"2026-05-16T09:17:25.011Z","ecs.version":"1.2.0","log.level":"WARN","message":"[Consumer clientId=consumer-flight-service-group-2, groupId=flight-service-group] Bootstrap broker localhost:29092 (id: -1 rack: null) disconnected","process.thread.name":"org.springframework.kafka.KafkaListenerEndpointContainer#1-0-C-1","log.logger":"org.apache.kafka.clients.NetworkClient","service":"skyways","environment":"local","traceId":"${ctx:traceId}"}
{"@timestamp":"2026-05-16T09:17:25.998Z","ecs.version":"1.2.0","log.level":"WARN","message":"[Consumer clientId=consumer-flight-service-group-2, groupId=flight-service-group] Connection to node -1 (localhost/127.0.0.1:29092) could not be established. Node may not be available.","process.thread.name":"org.springframework.kafka.KafkaListenerEndpointContainer#1-0-C-1","log.logger":"org.apache.kafka.clients.NetworkClient","service":"skyways","environment":"local","traceId":"${ctx:traceId}"}
{"@timestamp":"2026-05-16T09:17:25.998Z","ecs.version":"1.2.0","log.level":"WARN","message":"[Consumer clientId=consumer-flight-service-group-1, groupId=flight-service-group] Connection to node -1 (localhost/127.0.0.1:29092) could not be established. Node may not be available.","process.thread.name":"org.springframework.kafka.KafkaListenerEndpointContainer#0-0-C-1","log.logger":"org.apache.kafka.clients.NetworkClient","service":"skyways","environment":"local","traceId":"${ctx:traceId}"}
{"@timestamp":"2026-05-16T09:17:25.998Z","ecs.version":"1.2.0","log.level":"WARN","message":"[Consumer clientId=consumer-flight-service-group-1, groupId=flight-service-group] Bootstrap broker localhost:29092 (id: -1 rack: null) disconnected","process.thread.name":"org.springframework.kafka.KafkaListenerEndpointContainer#0-0-C-1","log.logger":"org.apache.kafka.clients.NetworkClient","service":"skyways","environment":"local","traceId":"${ctx:traceId}"}
{"@timestamp":"2026-05-16T09:17:25.998Z","ecs.version":"1.2.0","log.level":"WARN","message":"[Consumer clientId=consumer-flight-service-group-2, groupId=flight-service-group] Bootstrap broker localhost:29092 (id: -1 rack: null) disconnected","process.thread.name":"org.springframework.kafka.KafkaListenerEndpointContainer#1-0-C-1","log.logger":"org.apache.kafka.clients.NetworkClient","service":"skyways","environment":"local","traceId":"${ctx:traceId}"}
{"@timestamp":"2026-05-16T09:17:26.877Z","ecs.version":"1.2.0","log.level":"WARN","message":"[Consumer clientId=consumer-flight-service-group-1, groupId=flight-service-group] Connection to node -1 (localhost/127.0.0.1:29092) could not be established. Node may not be available.","process.thread.name":"org.springframework.kafka.KafkaListenerEndpointContainer#0-0-C-1","log.logger":"org.apache.kafka.clients.NetworkClient","service":"skyways","environment":"local","traceId":"${ctx:traceId}"}
{"@timestamp":"2026-05-16T09:17:26.877Z","ecs.version":"1.2.0","log.level":"WARN","message":"[Consumer clientId=consumer-flight-service-group-1, groupId=flight-service-group] Bootstrap broker localhost:29092 (id: -1 rack: null) disconnected","process.thread.name":"org.springframework.kafka.KafkaListenerEndpointContainer#0-0-C-1","log.logger":"org.apache.kafka.clients.NetworkClient","service":"skyways","environment":"local","traceId":"${ctx:traceId}"}
{"@timestamp":"2026-05-16T09:17:27.002Z","ecs.version":"1.2.0","log.level":"WARN","message":"[Consumer clientId=consumer-flight-service-group-2, groupId=flight-service-group] Connection to node -1 (localhost/127.0.0.1:29092) could not be established. Node may not be available.","process.thread.name":"org.springframework.kafka.KafkaListenerEndpointContainer#1-0-C-1","log.logger":"org.apache.kafka.clients.NetworkClient","service":"skyways","environment":"local","traceId":"${ctx:traceId}"}
{"@timestamp":"2026-05-16T09:17:27.003Z","ecs.version":"1.2.0","log.level":"WARN","message":"[Consumer clientId=consumer-flight-service-group-2, groupId=flight-service-group] Bootstrap broker localhost:29092 (id: -1 rack: null) disconnected","process.thread.name":"org.springframework.kafka.KafkaListenerEndpointContainer#1-0-C-1","log.logger":"org.apache.kafka.clients.NetworkClient","service":"skyways","environment":"local","traceId":"${ctx:traceId}"}
{"@timestamp":"2026-05-16T09:17:27.882Z","ecs.version":"1.2.0","log.level":"WARN","message":"[Consumer clientId=consumer-flight-service-group-1, groupId=flight-service-group] Connection to node -1 (localhost/127.0.0.1:29092) could not be established. Node may not be available.","process.thread.name":"org.springframework.kafka.KafkaListenerEndpointContainer#0-0-C-1","log.logger":"org.apache.kafka.clients.NetworkClient","service":"skyways","environment":"local","traceId":"${ctx:traceId}"}
{"@timestamp":"2026-05-16T09:17:27.882Z","ecs.version":"1.2.0","log.level":"WARN","message":"[Consumer clientId=consumer-flight-service-group-1, groupId=flight-service-group] Bootstrap broker localhost:29092 (id: -1 rack: null) disconnected","process.thread.name":"org.springframework.kafka.KafkaListenerEndpointContainer#0-0-C-1","log.logger":"org.apache.kafka.clients.NetworkClient","service":"skyways","environment":"local","traceId":"${ctx:traceId}"}
{"@timestamp":"2026-05-16T09:17:27.947Z","ecs.version":"1.2.0","log.level":"WARN","message":"[Consumer clientId=consumer-flight-service-group-2, groupId=flight-service-group] Connection to node -1 (localhost/127.0.0.1:29092) could not be established. Node may not be available.","process.thread.name":"org.springframework.kafka.KafkaListenerEndpointContainer#1-0-C-1","log.logger":"org.apache.kafka.clients.NetworkClient","service":"skyways","environment":"local","traceId":"${ctx:traceId}"}
{"@timestamp":"2026-05-16T09:17:27.947Z","ecs.version":"1.2.0","log.level":"WARN","message":"[Consumer clientId=consumer-flight-service-group-2, groupId=flight-service-group] Bootstrap broker localhost:29092 (id: -1 rack: null) disconnected","process.thread.name":"org.springframework.kafka.KafkaListenerEndpointContainer#1-0-C-1","log.logger":"org.apache.kafka.clients.NetworkClient","service":"skyways","environment":"local","traceId":"${ctx:traceId}"}
{"@timestamp":"2026-05-16T09:17:28.853Z","ecs.version":"1.2.0","log.level":"WARN","message":"[Consumer clientId=consumer-flight-service-group-1, groupId=flight-service-group] Connection to node -1 (localhost/127.0.0.1:29092) could not be established. Node may not be available.","process.thread.name":"org.springframework.kafka.KafkaListenerEndpointContainer#0-0-C-1","log.logger":"org.apache.kafka.clients.NetworkClient","service":"skyways","environment":"local","traceId":"${ctx:traceId}"}
{"@timestamp":"2026-05-16T09:17:28.854Z","ecs.version":"1.2.0","log.level":"WARN","message":"[Consumer clientId=consumer-flight-service-group-1, groupId=flight-service-group] Bootstrap broker localhost:29092 (id: -1 rack: null) disconnected","process.thread.name":"org.springframework.kafka.KafkaListenerEndpointContainer#0-0-C-1","log.logger":"org.apache.kafka.clients.NetworkClient","service":"skyways","environment":"local","traceId":"${ctx:traceId}"}
{"@timestamp":"2026-05-16T09:17:28.884Z","ecs.version":"1.2.0","log.level":"WARN","message":"[Consumer clientId=consumer-flight-service-group-2, groupId=flight-service-group] Connection to node -1 (localhost/127.0.0.1:29092) could not be established. Node may not be available.","process.thread.name":"org.springframework.kafka.KafkaListenerEndpointContainer#1-0-C-1","log.logger":"org.apache.kafka.clients.NetworkClient","service":"skyways","environment":"local","traceId":"${ctx:traceId}"}
{"@timestamp":"2026-05-16T09:17:28.884Z","ecs.version":"1.2.0","log.level":"WARN","message":"[Consumer clientId=consumer-flight-service-group-2, groupId=flight-service-group] Bootstrap broker localhost:29092 (id: -1 rack: null) disconnected","process.thread.name":"org.springframework.kafka.KafkaListenerEndpointContainer#1-0-C-1","log.logger":"org.apache.kafka.clients.NetworkClient","service":"skyways","environment":"local","traceId":"${ctx:traceId}"}
{"@timestamp":"2026-05-16T09:17:29.827Z","ecs.version":"1.2.0","log.level":"WARN","message":"[Consumer clientId=consumer-flight-service-group-2, groupId=flight-service-group] Connection to node -1 (localhost/127.0.0.1:29092) could not be established. Node may not be available.","process.thread.name":"org.springframework.kafka.KafkaListenerEndpointContainer#1-0-C-1","log.logger":"org.apache.kafka.clients.NetworkClient","service":"skyways","environment":"local","traceId":"${ctx:traceId}"}
{"@timestamp":"2026-05-16T09:17:29.827Z","ecs.version":"1.2.0","log.level":"WARN","message":"[Consumer clientId=consumer-flight-service-group-2, groupId=flight-service-group] Bootstrap broker localhost:29092 (id: -1 rack: null) disconnected","process.thread.name":"org.springframework.kafka.KafkaListenerEndpointContainer#1-0-C-1","log.logger":"org.apache.kafka.clients.NetworkClient","service":"skyways","environment":"local","traceId":"${ctx:traceId}"}
{"@timestamp":"2026-05-16T09:17:29.858Z","ecs.version":"1.2.0","log.level":"WARN","message":"[Consumer clientId=consumer-flight-service-group-1, groupId=flight-service-group] Connection to node -1 (localhost/127.0.0.1:29092) could not be established. Node may not be available.","process.thread.name":"org.springframework.kafka.KafkaListenerEndpointContainer#0-0-C-1","log.logger":"org.apache.kafka.clients.NetworkClient","service":"skyways","environment":"local","traceId":"${ctx:traceId}"}
{"@timestamp":"2026-05-16T09:17:29.858Z","ecs.version":"1.2.0","log.level":"WARN","message":"[Consumer clientId=consumer-flight-service-group-1, groupId=flight-service-group] Bootstrap broker localhost:29092 (id: -1 rack: null) disconnected","process.thread.name":"org.springframework.kafka.KafkaListenerEndpointContainer#0-0-C-1","log.logger":"org.apache.kafka.clients.NetworkClient","service":"skyways","environment":"local","traceId":"${ctx:traceId}"}
{"@timestamp":"2026-05-16T09:17:30.846Z","ecs.version":"1.2.0","log.level":"WARN","message":"[Consumer clientId=consumer-flight-service-group-2, groupId=flight-service-group] Connection to node -1 (localhost/127.0.0.1:29092) could not be established. Node may not be available.","process.thread.name":"org.springframework.kafka.KafkaListenerEndpointContainer#1-0-C-1","log.logger":"org.apache.kafka.clients.NetworkClient","service":"skyways","environment":"local","traceId":"${ctx:traceId}"}
{"@timestamp":"2026-05-16T09:17:30.846Z","ecs.version":"1.2.0","log.level":"WARN","message":"[Consumer clientId=consumer-flight-service-group-2, groupId=flight-service-group] Bootstrap broker localhost:29092 (id: -1 rack: null) disconnected","process.thread.name":"org.springframework.kafka.KafkaListenerEndpointContainer#1-0-C-1","log.logger":"org.apache.kafka.clients.NetworkClient","service":"skyways","environment":"local","traceId":"${ctx:traceId}"}
{"@timestamp":"2026-05-16T09:17:30.894Z","ecs.version":"1.2.0","log.level":"WARN","message":"[Consumer clientId=consumer-flight-service-group-1, groupId=flight-service-group] Connection to node -1 (localhost/127.0.0.1:29092) could not be established. Node may not be available.","process.thread.name":"org.springframework.kafka.KafkaListenerEndpointContainer#0-0-C-1","log.logger":"org.apache.kafka.clients.NetworkClient","service":"skyways","environment":"local","traceId":"${ctx:traceId}"}
{"@timestamp":"2026-05-16T09:17:30.894Z","ecs.version":"1.2.0","log.level":"WARN","message":"[Consumer clientId=consumer-flight-service-group-1, groupId=flight-service-group] Bootstrap broker localhost:29092 (id: -1 rack: null) disconnected","process.thread.name":"org.springframework.kafka.KafkaListenerEndpointContainer#0-0-C-1","log.logger":"org.apache.kafka.clients.NetworkClient","service":"skyways","environment":"local","traceId":"${ctx:traceId}"}
{"@timestamp":"2026-05-16T09:17:31.797Z","ecs.version":"1.2.0","log.level":"WARN","message":"[Consumer clientId=consumer-flight-service-group-2, groupId=flight-service-group] Connection to node -1 (localhost/127.0.0.1:29092) could not be established. Node may not be available.","process.thread.name":"org.springframework.kafka.KafkaListenerEndpointContainer#1-0-C-1","log.logger":"org.apache.kafka.clients.NetworkClient","service":"skyways","environment":"local","traceId":"${ctx:traceId}"}
{"@timestamp":"2026-05-16T09:17:31.797Z","ecs.version":"1.2.0","log.level":"WARN","message":"[Consumer clientId=consumer-flight-service-group-2, groupId=flight-service-group] Bootstrap broker localhost:29092 (id: -1 rack: null) disconnected","process.thread.name":"org.springframework.kafka.KafkaListenerEndpointContainer#1-0-C-1","log.logger":"org.apache.kafka.clients.NetworkClient","service":"skyways","environment":"local","traceId":"${ctx:traceId}"}
{"@timestamp":"2026-05-16T09:17:31.954Z","ecs.version":"1.2.0","log.level":"WARN","message":"[Consumer clientId=consumer-flight-service-group-1, groupId=flight-service-group] Connection to node -1 (localhost/127.0.0.1:29092) could not be established. Node may not be available.","process.thread.name":"org.springframework.kafka.KafkaListenerEndpointContainer#0-0-C-1","log.logger":"org.apache.kafka.clients.NetworkClient","service":"skyways","environment":"local","traceId":"${ctx:traceId}"}
{"@timestamp":"2026-05-16T09:17:31.954Z","ecs.version":"1.2.0","log.level":"WARN","message":"[Consumer clientId=consumer-flight-service-group-1, groupId=flight-service-group] Bootstrap broker localhost:29092 (id: -1 rack: null) disconnected","process.thread.name":"org.springframework.kafka.KafkaListenerEndpointContainer#0-0-C-1","log.logger":"org.apache.kafka.clients.NetworkClient","service":"skyways","environment":"local","traceId":"${ctx:traceId}"}
{"@timestamp":"2026-05-16T09:17:32.856Z","ecs.version":"1.2.0","log.level":"WARN","message":"[Consumer clientId=consumer-flight-service-group-2, groupId=flight-service-group] Connection to node -1 (localhost/127.0.0.1:29092) could not be established. Node may not be available.","process.thread.name":"org.springframework.kafka.KafkaListenerEndpointContainer#1-0-C-1","log.logger":"org.apache.kafka.clients.NetworkClient","service":"skyways","environment":"local","traceId":"${ctx:traceId}"}
{"@timestamp":"2026-05-16T09:17:32.856Z","ecs.version":"1.2.0","log.level":"WARN","message":"[Consumer clientId=consumer-flight-service-group-2, groupId=flight-service-group] Bootstrap broker localhost:29092 (id: -1 rack: null) disconnected","process.thread.name":"org.springframework.kafka.KafkaListenerEndpointContainer#1-0-C-1","log.logger":"org.apache.kafka.clients.NetworkClient","service":"skyways","environment":"local","traceId":"${ctx:traceId}"}
{"@timestamp":"2026-05-16T09:17:33.026Z","ecs.version":"1.2.0","log.level":"WARN","message":"[Consumer clientId=consumer-flight-service-group-1, groupId=flight-service-group] Connection to node -1 (localhost/127.0.0.1:29092) could not be established. Node may not be available.","process.thread.name":"org.springframework.kafka.KafkaListenerEndpointContainer#0-0-C-1","log.logger":"org.apache.kafka.clients.NetworkClient","service":"skyways","environment":"local","traceId":"${ctx:traceId}"}
{"@timestamp":"2026-05-16T09:17:33.026Z","ecs.version":"1.2.0","log.level":"WARN","message":"[Consumer clientId=consumer-flight-service-group-1, groupId=flight-service-group] Bootstrap broker localhost:29092 (id: -1 rack: null) disconnected","process.thread.name":"org.springframework.kafka.KafkaListenerEndpointContainer#0-0-C-1","log.logger":"org.apache.kafka.clients.NetworkClient","service":"skyways","environment":"local","traceId":"${ctx:traceId}"}
{"@timestamp":"2026-05-16T09:17:33.669Z","ecs.version":"1.2.0","log.level":"WARN","message":"[Consumer clientId=consumer-flight-service-group-2, groupId=flight-service-group] Connection to node -1 (localhost/127.0.0.1:29092) could not be established. Node may not be available.","process.thread.name":"org.springframework.kafka.KafkaListenerEndpointContainer#1-0-C-1","log.logger":"org.apache.kafka.clients.NetworkClient","service":"skyways","environment":"local","traceId":"${ctx:traceId}"}
{"@timestamp":"2026-05-16T09:17:33.670Z","ecs.version":"1.2.0","log.level":"WARN","message":"[Consumer clientId=consumer-flight-service-group-2, groupId=flight-service-group] Bootstrap broker localhost:29092 (id: -1 rack: null) disconnected","process.thread.name":"org.springframework.kafka.KafkaListenerEndpointContainer#1-0-C-1","log.logger":"org.apache.kafka.clients.NetworkClient","service":"skyways","environment":"local","traceId":"${ctx:traceId}"}
{"@timestamp":"2026-05-16T09:17:34.032Z","ecs.version":"1.2.0","log.level":"WARN","message":"[Consumer clientId=consumer-flight-service-group-1, groupId=flight-service-group] Connection to node -1 (localhost/127.0.0.1:29092) could not be established. Node may not be available.","process.thread.name":"org.springframework.kafka.KafkaListenerEndpointContainer#0-0-C-1","log.logger":"org.apache.kafka.clients.NetworkClient","service":"skyways","environment":"local","traceId":"${ctx:traceId}"}
{"@timestamp":"2026-05-16T09:17:34.032Z","ecs.version":"1.2.0","log.level":"WARN","message":"[Consumer clientId=consumer-flight-service-group-1, groupId=flight-service-group] Bootstrap broker localhost:29092 (id: -1 rack: null) disconnected","process.thread.name":"org.springframework.kafka.KafkaListenerEndpointContainer#0-0-C-1","log.logger":"org.apache.kafka.clients.NetworkClient","service":"skyways","environment":"local","traceId":"${ctx:traceId}"}
{"@timestamp":"2026-05-16T09:17:34.613Z","ecs.version":"1.2.0","log.level":"WARN","message":"[Consumer clientId=consumer-flight-service-group-2, groupId=flight-service-group] Connection to node -1 (localhost/127.0.0.1:29092) could not be established. Node may not be available.","process.thread.name":"org.springframework.kafka.KafkaListenerEndpointContainer#1-0-C-1","log.logger":"org.apache.kafka.clients.NetworkClient","service":"skyways","environment":"local","traceId":"${ctx:traceId}"}
{"@timestamp":"2026-05-16T09:17:34.613Z","ecs.version":"1.2.0","log.level":"WARN","message":"[Consumer clientId=consumer-flight-service-group-2, groupId=flight-service-group] Bootstrap broker localhost:29092 (id: -1 rack: null) disconnected","process.thread.name":"org.springframework.kafka.KafkaListenerEndpointContainer#1-0-C-1","log.logger":"org.apache.kafka.clients.NetworkClient","service":"skyways","environment":"local","traceId":"${ctx:traceId}"}
{"@timestamp":"2026-05-16T09:17:34.924Z","ecs.version":"1.2.0","log.level":"WARN","message":"[Consumer clientId=consumer-flight-service-group-1, groupId=flight-service-group] Connection to node -1 (localhost/127.0.0.1:29092) could not be established. Node may not be available.","process.thread.name":"org.springframework.kafka.KafkaListenerEndpointContainer#0-0-C-1","log.logger":"org.apache.kafka.clients.NetworkClient","service":"skyways","environment":"local","traceId":"${ctx:traceId}"}
{"@timestamp":"2026-05-16T09:17:34.924Z","ecs.version":"1.2.0","log.level":"WARN","message":"[Consumer clientId=consumer-flight-service-group-1, groupId=flight-service-group] Bootstrap broker localhost:29092 (id: -1 rack: null) disconnected","process.thread.name":"org.springframework.kafka.KafkaListenerEndpointContainer#0-0-C-1","log.logger":"org.apache.kafka.clients.NetworkClient","service":"skyways","environment":"local","traceId":"${ctx:traceId}"}
{"@timestamp":"2026-05-16T09:17:35.579Z","ecs.version":"1.2.0","log.level":"WARN","message":"[Consumer clientId=consumer-flight-service-group-2, groupId=flight-service-group] Connection to node -1 (localhost/127.0.0.1:29092) could not be established. Node may not be available.","process.thread.name":"org.springframework.kafka.KafkaListenerEndpointContainer#1-0-C-1","log.logger":"org.apache.kafka.clients.NetworkClient","service":"skyways","environment":"local","traceId":"${ctx:traceId}"}
{"@timestamp":"2026-05-16T09:17:35.579Z","ecs.version":"1.2.0","log.level":"WARN","message":"[Consumer clientId=consumer-flight-service-group-2, groupId=flight-service-group] Bootstrap broker localhost:29092 (id: -1 rack: null) disconnected","process.thread.name":"org.springframework.kafka.KafkaListenerEndpointContainer#1-0-C-1","log.logger":"org.apache.kafka.clients.NetworkClient","service":"skyways","environment":"local","traceId":"${ctx:traceId}"}
{"@timestamp":"2026-05-16T09:17:35.769Z","ecs.version":"1.2.0","log.level":"WARN","message":"[Consumer clientId=consumer-flight-service-group-1, groupId=flight-service-group] Connection to node -1 (localhost/127.0.0.1:29092) could not be established. Node may not be available.","process.thread.name":"org.springframework.kafka.KafkaListenerEndpointContainer#0-0-C-1","log.logger":"org.apache.kafka.clients.NetworkClient","service":"skyways","environment":"local","traceId":"${ctx:traceId}"}
{"@timestamp":"2026-05-16T09:17:35.769Z","ecs.version":"1.2.0","log.level":"WARN","message":"[Consumer clientId=consumer-flight-service-group-1, groupId=flight-service-group] Bootstrap broker localhost:29092 (id: -1 rack: null) disconnected","process.thread.name":"org.springframework.kafka.KafkaListenerEndpointContainer#0-0-C-1","log.logger":"org.apache.kafka.clients.NetworkClient","service":"skyways","environment":"local","traceId":"${ctx:traceId}"}
{"@timestamp":"2026-05-16T09:17:36.584Z","ecs.version":"1.2.0","log.level":"WARN","message":"[Consumer clientId=consumer-flight-service-group-2, groupId=flight-service-group] Connection to node -1 (localhost/127.0.0.1:29092) could not be established. Node may not be available.","process.thread.name":"org.springframework.kafka.KafkaListenerEndpointContainer#1-0-C-1","log.logger":"org.apache.kafka.clients.NetworkClient","service":"skyways","environment":"local","traceId":"${ctx:traceId}"}
{"@timestamp":"2026-05-16T09:17:36.585Z","ecs.version":"1.2.0","log.level":"WARN","message":"[Consumer clientId=consumer-flight-service-group-2, groupId=flight-service-group] Bootstrap broker localhost:29092 (id: -1 rack: null) disconnected","process.thread.name":"org.springframework.kafka.KafkaListenerEndpointContainer#1-0-C-1","log.logger":"org.apache.kafka.clients.NetworkClient","service":"skyways","environment":"local","traceId":"${ctx:traceId}"}
{"@timestamp":"2026-05-16T09:17:36.677Z","ecs.version":"1.2.0","log.level":"WARN","message":"[Consumer clientId=consumer-flight-service-group-1, groupId=flight-service-group] Connection to node -1 (localhost/127.0.0.1:29092) could not be established. Node may not be available.","process.thread.name":"org.springframework.kafka.KafkaListenerEndpointContainer#0-0-C-1","log.logger":"org.apache.kafka.clients.NetworkClient","service":"skyways","environment":"local","traceId":"${ctx:traceId}"}
{"@timestamp":"2026-05-16T09:17:36.677Z","ecs.version":"1.2.0","log.level":"WARN","message":"[Consumer clientId=consumer-flight-service-group-1, groupId=flight-service-group] Bootstrap broker localhost:29092 (id: -1 rack: null) disconnected","process.thread.name":"org.springframework.kafka.KafkaListenerEndpointContainer#0-0-C-1","log.logger":"org.apache.kafka.clients.NetworkClient","service":"skyways","environment":"local","traceId":"${ctx:traceId}"}
{"@timestamp":"2026-05-16T09:17:37.479Z","ecs.version":"1.2.0","log.level":"WARN","message":"[Consumer clientId=consumer-flight-service-group-2, groupId=flight-service-group] Connection to node -1 (localhost/127.0.0.1:29092) could not be established. Node may not be available.","process.thread.name":"org.springframework.kafka.KafkaListenerEndpointContainer#1-0-C-1","log.logger":"org.apache.kafka.clients.NetworkClient","service":"skyways","environment":"local","traceId":"${ctx:traceId}"}
{"@timestamp":"2026-05-16T09:17:37.479Z","ecs.version":"1.2.0","log.level":"WARN","message":"[Consumer clientId=consumer-flight-service-group-2, groupId=flight-service-group] Bootstrap broker localhost:29092 (id: -1 rack: null) disconnected","process.thread.name":"org.springframework.kafka.KafkaListenerEndpointContainer#1-0-C-1","log.logger":"org.apache.kafka.clients.NetworkClient","service":"skyways","environment":"local","traceId":"${ctx:traceId}"}
{"@timestamp":"2026-05-16T09:17:37.681Z","ecs.version":"1.2.0","log.level":"WARN","message":"[Consumer clientId=consumer-flight-service-group-1, groupId=flight-service-group] Connection to node -1 (localhost/127.0.0.1:29092) could not be established. Node may not be available.","process.thread.name":"org.springframework.kafka.KafkaListenerEndpointContainer#0-0-C-1","log.logger":"org.apache.kafka.clients.NetworkClient","service":"skyways","environment":"local","traceId":"${ctx:traceId}"}
{"@timestamp":"2026-05-16T09:17:37.682Z","ecs.version":"1.2.0","log.level":"WARN","message":"[Consumer clientId=consumer-flight-service-group-1, groupId=flight-service-group] Bootstrap broker localhost:29092 (id: -1 rack: null) disconnected","process.thread.name":"org.springframework.kafka.KafkaListenerEndpointContainer#0-0-C-1","log.logger":"org.apache.kafka.clients.NetworkClient","service":"skyways","environment":"local","traceId":"${ctx:traceId}"}
{"@timestamp":"2026-05-16T09:17:38.338Z","ecs.version":"1.2.0","log.level":"WARN","message":"[Consumer clientId=consumer-flight-service-group-2, groupId=flight-service-group] Connection to node -1 (localhost/127.0.0.1:29092) could not be established. Node may not be available.","process.thread.name":"org.springframework.kafka.KafkaListenerEndpointContainer#1-0-C-1","log.logger":"org.apache.kafka.clients.NetworkClient","service":"skyways","environment":"local","traceId":"${ctx:traceId}"}
{"@timestamp":"2026-05-16T09:17:38.338Z","ecs.version":"1.2.0","log.level":"WARN","message":"[Consumer clientId=consumer-flight-service-group-2, groupId=flight-service-group] Bootstrap broker localhost:29092 (id: -1 rack: null) disconnected","process.thread.name":"org.springframework.kafka.KafkaListenerEndpointContainer#1-0-C-1","log.logger":"org.apache.kafka.clients.NetworkClient","service":"skyways","environment":"local","traceId":"${ctx:traceId}"}
{"@timestamp":"2026-05-16T09:17:38.739Z","ecs.version":"1.2.0","log.level":"WARN","message":"[Consumer clientId=consumer-flight-service-group-1, groupId=flight-service-group] Connection to node -1 (localhost/127.0.0.1:29092) could not be established. Node may not be available.","process.thread.name":"org.springframework.kafka.KafkaListenerEndpointContainer#0-0-C-1","log.logger":"org.apache.kafka.clients.NetworkClient","service":"skyways","environment":"local","traceId":"${ctx:traceId}"}
{"@timestamp":"2026-05-16T09:17:38.740Z","ecs.version":"1.2.0","log.level":"WARN","message":"[Consumer clientId=consumer-flight-service-group-1, groupId=flight-service-group] Bootstrap broker localhost:29092 (id: -1 rack: null) disconnected","process.thread.name":"org.springframework.kafka.KafkaListenerEndpointContainer#0-0-C-1","log.logger":"org.apache.kafka.clients.NetworkClient","service":"skyways","environment":"local","traceId":"${ctx:traceId}"}
{"@timestamp":"2026-05-16T09:17:39.146Z","ecs.version":"1.2.0","log.level":"WARN","message":"[Consumer clientId=consumer-flight-service-group-2, groupId=flight-service-group] Connection to node -1 (localhost/127.0.0.1:29092) could not be established. Node may not be available.","process.thread.name":"org.springframework.kafka.KafkaListenerEndpointContainer#1-0-C-1","log.logger":"org.apache.kafka.clients.NetworkClient","service":"skyways","environment":"local","traceId":"${ctx:traceId}"}
{"@timestamp":"2026-05-16T09:17:39.146Z","ecs.version":"1.2.0","log.level":"WARN","message":"[Consumer clientId=consumer-flight-service-group-2, groupId=flight-service-group] Bootstrap broker localhost:29092 (id: -1 rack: null) disconnected","process.thread.name":"org.springframework.kafka.KafkaListenerEndpointContainer#1-0-C-1","log.logger":"org.apache.kafka.clients.NetworkClient","service":"skyways","environment":"local","traceId":"${ctx:traceId}"}
{"@timestamp":"2026-05-16T09:17:39.743Z","ecs.version":"1.2.0","log.level":"WARN","message":"[Consumer clientId=consumer-flight-service-group-1, groupId=flight-service-group] Connection to node -1 (localhost/127.0.0.1:29092) could not be established. Node may not be available.","process.thread.name":"org.springframework.kafka.KafkaListenerEndpointContainer#0-0-C-1","log.logger":"org.apache.kafka.clients.NetworkClient","service":"skyways","environment":"local","traceId":"${ctx:traceId}"}
{"@timestamp":"2026-05-16T09:17:39.743Z","ecs.version":"1.2.0","log.level":"WARN","message":"[Consumer clientId=consumer-flight-service-group-1, groupId=flight-service-group] Bootstrap broker localhost:29092 (id: -1 rack: null) disconnected","process.thread.name":"org.springframework.kafka.KafkaListenerEndpointContainer#0-0-C-1","log.logger":"org.apache.kafka.clients.NetworkClient","service":"skyways","environment":"local","traceId":"${ctx:traceId}"}
{"@timestamp":"2026-05-16T09:17:40.199Z","ecs.version":"1.2.0","log.level":"WARN","message":"[Consumer clientId=consumer-flight-service-group-2, groupId=flight-service-group] Connection to node -1 (localhost/127.0.0.1:29092) could not be established. Node may not be available.","process.thread.name":"org.springframework.kafka.KafkaListenerEndpointContainer#1-0-C-1","log.logger":"org.apache.kafka.clients.NetworkClient","service":"skyways","environment":"local","traceId":"${ctx:traceId}"}
{"@timestamp":"2026-05-16T09:17:40.199Z","ecs.version":"1.2.0","log.level":"WARN","message":"[Consumer clientId=consumer-flight-service-group-2, groupId=flight-service-group] Bootstrap broker localhost:29092 (id: -1 rack: null) disconnected","process.thread.name":"org.springframework.kafka.KafkaListenerEndpointContainer#1-0-C-1","log.logger":"org.apache.kafka.clients.NetworkClient","service":"skyways","environment":"local","traceId":"${ctx:traceId}"}
{"@timestamp":"2026-05-16T09:17:40.770Z","ecs.version":"1.2.0","log.level":"WARN","message":"[Consumer clientId=consumer-flight-service-group-1, groupId=flight-service-group] Connection to node -1 (localhost/127.0.0.1:29092) could not be established. Node may not be available.","process.thread.name":"org.springframework.kafka.KafkaListenerEndpointContainer#0-0-C-1","log.logger":"org.apache.kafka.clients.NetworkClient","service":"skyways","environment":"local","traceId":"${ctx:traceId}"}
{"@timestamp":"2026-05-16T09:17:40.770Z","ecs.version":"1.2.0","log.level":"WARN","message":"[Consumer clientId=consumer-flight-service-group-1, groupId=flight-service-group] Bootstrap broker localhost:29092 (id: -1 rack: null) disconnected","process.thread.name":"org.springframework.kafka.KafkaListenerEndpointContainer#0-0-C-1","log.logger":"org.apache.kafka.clients.NetworkClient","service":"skyways","environment":"local","traceId":"${ctx:traceId}"}
{"@timestamp":"2026-05-16T09:17:41.212Z","ecs.version":"1.2.0","log.level":"WARN","message":"[Consumer clientId=consumer-flight-service-group-2, groupId=flight-service-group] Connection to node -1 (localhost/127.0.0.1:29092) could not be established. Node may not be available.","process.thread.name":"org.springframework.kafka.KafkaListenerEndpointContainer#1-0-C-1","log.logger":"org.apache.kafka.clients.NetworkClient","service":"skyways","environment":"local","traceId":"${ctx:traceId}"}
{"@timestamp":"2026-05-16T09:17:41.212Z","ecs.version":"1.2.0","log.level":"WARN","message":"[Consumer clientId=consumer-flight-service-group-2, groupId=flight-service-group] Bootstrap broker localhost:29092 (id: -1 rack: null) disconnected","process.thread.name":"org.springframework.kafka.KafkaListenerEndpointContainer#1-0-C-1","log.logger":"org.apache.kafka.clients.NetworkClient","service":"skyways","environment":"local","traceId":"${ctx:traceId}"}
{"@timestamp":"2026-05-16T09:17:41.714Z","ecs.version":"1.2.0","log.level":"WARN","message":"[Consumer clientId=consumer-flight-service-group-1, groupId=flight-service-group] Connection to node -1 (localhost/127.0.0.1:29092) could not be established. Node may not be available.","process.thread.name":"org.springframework.kafka.KafkaListenerEndpointContainer#0-0-C-1","log.logger":"org.apache.kafka.clients.NetworkClient","service":"skyways","environment":"local","traceId":"${ctx:traceId}"}
{"@timestamp":"2026-05-16T09:17:41.714Z","ecs.version":"1.2.0","log.level":"WARN","message":"[Consumer clientId=consumer-flight-service-group-1, groupId=flight-service-group] Bootstrap broker localhost:29092 (id: -1 rack: null) disconnected","process.thread.name":"org.springframework.kafka.KafkaListenerEndpointContainer#0-0-C-1","log.logger":"org.apache.kafka.clients.NetworkClient","service":"skyways","environment":"local","traceId":"${ctx:traceId}"}
{"@timestamp":"2026-05-16T09:17:42.234Z","ecs.version":"1.2.0","log.level":"WARN","message":"[Consumer clientId=consumer-flight-service-group-2, groupId=flight-service-group] Connection to node -1 (localhost/127.0.0.1:29092) could not be established. Node may not be available.","process.thread.name":"org.springframework.kafka.KafkaListenerEndpointContainer#1-0-C-1","log.logger":"org.apache.kafka.clients.NetworkClient","service":"skyways","environment":"local","traceId":"${ctx:traceId}"}
{"@timestamp":"2026-05-16T09:17:42.234Z","ecs.version":"1.2.0","log.level":"WARN","message":"[Consumer clientId=consumer-flight-service-group-2, groupId=flight-service-group] Bootstrap broker localhost:29092 (id: -1 rack: null) disconnected","process.thread.name":"org.springframework.kafka.KafkaListenerEndpointContainer#1-0-C-1","log.logger":"org.apache.kafka.clients.NetworkClient","service":"skyways","environment":"local","traceId":"${ctx:traceId}"}
{"@timestamp":"2026-05-16T09:17:42.723Z","ecs.version":"1.2.0","log.level":"WARN","message":"[Consumer clientId=consumer-flight-service-group-1, groupId=flight-service-group] Connection to node -1 (localhost/127.0.0.1:29092) could not be established. Node may not be available.","process.thread.name":"org.springframework.kafka.KafkaListenerEndpointContainer#0-0-C-1","log.logger":"org.apache.kafka.clients.NetworkClient","service":"skyways","environment":"local","traceId":"${ctx:traceId}"}
{"@timestamp":"2026-05-16T09:17:42.723Z","ecs.version":"1.2.0","log.level":"WARN","message":"[Consumer clientId=consumer-flight-service-group-1, groupId=flight-service-group] Bootstrap broker localhost:29092 (id: -1 rack: null) disconnected","process.thread.name":"org.springframework.kafka.KafkaListenerEndpointContainer#0-0-C-1","log.logger":"org.apache.kafka.clients.NetworkClient","service":"skyways","environment":"local","traceId":"${ctx:traceId}"}
{"@timestamp":"2026-05-16T09:17:43.246Z","ecs.version":"1.2.0","log.level":"WARN","message":"[Consumer clientId=consumer-flight-service-group-2, groupId=flight-service-group] Connection to node -1 (localhost/127.0.0.1:29092) could not be established. Node may not be available.","process.thread.name":"org.springframework.kafka.KafkaListenerEndpointContainer#1-0-C-1","log.logger":"org.apache.kafka.clients.NetworkClient","service":"skyways","environment":"local","traceId":"${ctx:traceId}"}
{"@timestamp":"2026-05-16T09:17:43.246Z","ecs.version":"1.2.0","log.level":"WARN","message":"[Consumer clientId=consumer-flight-service-group-2, groupId=flight-service-group] Bootstrap broker localhost:29092 (id: -1 rack: null) disconnected","process.thread.name":"org.springframework.kafka.KafkaListenerEndpointContainer#1-0-C-1","log.logger":"org.apache.kafka.clients.NetworkClient","service":"skyways","environment":"local","traceId":"${ctx:traceId}"}
{"@timestamp":"2026-05-16T09:17:43.668Z","ecs.version":"1.2.0","log.level":"WARN","message":"[Consumer clientId=consumer-flight-service-group-1, groupId=flight-service-group] Connection to node -1 (localhost/127.0.0.1:29092) could not be established. Node may not be available.","process.thread.name":"org.springframework.kafka.KafkaListenerEndpointContainer#0-0-C-1","log.logger":"org.apache.kafka.clients.NetworkClient","service":"skyways","environment":"local","traceId":"${ctx:traceId}"}
{"@timestamp":"2026-05-16T09:17:43.668Z","ecs.version":"1.2.0","log.level":"WARN","message":"[Consumer clientId=consumer-flight-service-group-1, groupId=flight-service-group] Bootstrap broker localhost:29092 (id: -1 rack: null) disconnected","process.thread.name":"org.springframework.kafka.KafkaListenerEndpointContainer#0-0-C-1","log.logger":"org.apache.kafka.clients.NetworkClient","service":"skyways","environment":"local","traceId":"${ctx:traceId}"}
{"@timestamp":"2026-05-16T09:17:44.283Z","ecs.version":"1.2.0","log.level":"WARN","message":"[Consumer clientId=consumer-flight-service-group-2, groupId=flight-service-group] Connection to node -1 (localhost/127.0.0.1:29092) could not be established. Node may not be available.","process.thread.name":"org.springframework.kafka.KafkaListenerEndpointContainer#1-0-C-1","log.logger":"org.apache.kafka.clients.NetworkClient","service":"skyways","environment":"local","traceId":"${ctx:traceId}"}
{"@timestamp":"2026-05-16T09:17:44.283Z","ecs.version":"1.2.0","log.level":"WARN","message":"[Consumer clientId=consumer-flight-service-group-2, groupId=flight-service-group] Bootstrap broker localhost:29092 (id: -1 rack: null) disconnected","process.thread.name":"org.springframework.kafka.KafkaListenerEndpointContainer#1-0-C-1","log.logger":"org.apache.kafka.clients.NetworkClient","service":"skyways","environment":"local","traceId":"${ctx:traceId}"}
{"@timestamp":"2026-05-16T09:17:44.625Z","ecs.version":"1.2.0","log.level":"WARN","message":"[Consumer clientId=consumer-flight-service-group-1, groupId=flight-service-group] Connection to node -1 (localhost/127.0.0.1:29092) could not be established. Node may not be available.","process.thread.name":"org.springframework.kafka.KafkaListenerEndpointContainer#0-0-C-1","log.logger":"org.apache.kafka.clients.NetworkClient","service":"skyways","environment":"local","traceId":"${ctx:traceId}"}
{"@timestamp":"2026-05-16T09:17:44.625Z","ecs.version":"1.2.0","log.level":"WARN","message":"[Consumer clientId=consumer-flight-service-group-1, groupId=flight-service-group] Bootstrap broker localhost:29092 (id: -1 rack: null) disconnected","process.thread.name":"org.springframework.kafka.KafkaListenerEndpointContainer#0-0-C-1","log.logger":"org.apache.kafka.clients.NetworkClient","service":"skyways","environment":"local","traceId":"${ctx:traceId}"}
{"@timestamp":"2026-05-16T09:17:45.325Z","ecs.version":"1.2.0","log.level":"WARN","message":"[Consumer clientId=consumer-flight-service-group-2, groupId=flight-service-group] Connection to node -1 (localhost/127.0.0.1:29092) could not be established. Node may not be available.","process.thread.name":"org.springframework.kafka.KafkaListenerEndpointContainer#1-0-C-1","log.logger":"org.apache.kafka.clients.NetworkClient","service":"skyways","environment":"local","traceId":"${ctx:traceId}"}
{"@timestamp":"2026-05-16T09:17:45.326Z","ecs.version":"1.2.0","log.level":"WARN","message":"[Consumer clientId=consumer-flight-service-group-2, groupId=flight-service-group] Bootstrap broker localhost:29092 (id: -1 rack: null) disconnected","process.thread.name":"org.springframework.kafka.KafkaListenerEndpointContainer#1-0-C-1","log.logger":"org.apache.kafka.clients.NetworkClient","service":"skyways","environment":"local","traceId":"${ctx:traceId}"}
{"@timestamp":"2026-05-16T09:17:45.530Z","ecs.version":"1.2.0","log.level":"WARN","message":"[Consumer clientId=consumer-flight-service-group-1, groupId=flight-service-group] Connection to node -1 (localhost/127.0.0.1:29092) could not be established. Node may not be available.","process.thread.name":"org.springframework.kafka.KafkaListenerEndpointContainer#0-0-C-1","log.logger":"org.apache.kafka.clients.NetworkClient","service":"skyways","environment":"local","traceId":"${ctx:traceId}"}
{"@timestamp":"2026-05-16T09:17:45.530Z","ecs.version":"1.2.0","log.level":"WARN","message":"[Consumer clientId=consumer-flight-service-group-1, groupId=flight-service-group] Bootstrap broker localhost:29092 (id: -1 rack: null) disconnected","process.thread.name":"org.springframework.kafka.KafkaListenerEndpointContainer#0-0-C-1","log.logger":"org.apache.kafka.clients.NetworkClient","service":"skyways","environment":"local","traceId":"${ctx:traceId}"}
{"@timestamp":"2026-05-16T09:17:46.332Z","ecs.version":"1.2.0","log.level":"WARN","message":"[Consumer clientId=consumer-flight-service-group-2, groupId=flight-service-group] Connection to node -1 (localhost/127.0.0.1:29092) could not be established. Node may not be available.","process.thread.name":"org.springframework.kafka.KafkaListenerEndpointContainer#1-0-C-1","log.logger":"org.apache.kafka.clients.NetworkClient","service":"skyways","environment":"local","traceId":"${ctx:traceId}"}
{"@timestamp":"2026-05-16T09:17:46.332Z","ecs.version":"1.2.0","log.level":"WARN","message":"[Consumer clientId=consumer-flight-service-group-2, groupId=flight-service-group] Bootstrap broker localhost:29092 (id: -1 rack: null) disconnected","process.thread.name":"org.springframework.kafka.KafkaListenerEndpointContainer#1-0-C-1","log.logger":"org.apache.kafka.clients.NetworkClient","service":"skyways","environment":"local","traceId":"${ctx:traceId}"}
{"@timestamp":"2026-05-16T09:17:46.471Z","ecs.version":"1.2.0","log.level":"WARN","message":"[Consumer clientId=consumer-flight-service-group-1, groupId=flight-service-group] Connection to node -1 (localhost/127.0.0.1:29092) could not be established. Node may not be available.","process.thread.name":"org.springframework.kafka.KafkaListenerEndpointContainer#0-0-C-1","log.logger":"org.apache.kafka.clients.NetworkClient","service":"skyways","environment":"local","traceId":"${ctx:traceId}"}
{"@timestamp":"2026-05-16T09:17:46.471Z","ecs.version":"1.2.0","log.level":"WARN","message":"[Consumer clientId=consumer-flight-service-group-1, groupId=flight-service-group] Bootstrap broker localhost:29092 (id: -1 rack: null) disconnected","process.thread.name":"org.springframework.kafka.KafkaListenerEndpointContainer#0-0-C-1","log.logger":"org.apache.kafka.clients.NetworkClient","service":"skyways","environment":"local","traceId":"${ctx:traceId}"}
{"@timestamp":"2026-05-16T09:17:47.283Z","ecs.version":"1.2.0","log.level":"WARN","message":"[Consumer clientId=consumer-flight-service-group-2, groupId=flight-service-group] Connection to node -1 (localhost/127.0.0.1:29092) could not be established. Node may not be available.","process.thread.name":"org.springframework.kafka.KafkaListenerEndpointContainer#1-0-C-1","log.logger":"org.apache.kafka.clients.NetworkClient","service":"skyways","environment":"local","traceId":"${ctx:traceId}"}
{"@timestamp":"2026-05-16T09:17:47.283Z","ecs.version":"1.2.0","log.level":"WARN","message":"[Consumer clientId=consumer-flight-service-group-2, groupId=flight-service-group] Bootstrap broker localhost:29092 (id: -1 rack: null) disconnected","process.thread.name":"org.springframework.kafka.KafkaListenerEndpointContainer#1-0-C-1","log.logger":"org.apache.kafka.clients.NetworkClient","service":"skyways","environment":"local","traceId":"${ctx:traceId}"}
{"@timestamp":"2026-05-16T09:17:47.361Z","ecs.version":"1.2.0","log.level":"WARN","message":"[Consumer clientId=consumer-flight-service-group-1, groupId=flight-service-group] Connection to node -1 (localhost/127.0.0.1:29092) could not be established. Node may not be available.","process.thread.name":"org.springframework.kafka.KafkaListenerEndpointContainer#0-0-C-1","log.logger":"org.apache.kafka.clients.NetworkClient","service":"skyways","environment":"local","traceId":"${ctx:traceId}"}
{"@timestamp":"2026-05-16T09:17:47.361Z","ecs.version":"1.2.0","log.level":"WARN","message":"[Consumer clientId=consumer-flight-service-group-1, groupId=flight-service-group] Bootstrap broker localhost:29092 (id: -1 rack: null) disconnected","process.thread.name":"org.springframework.kafka.KafkaListenerEndpointContainer#0-0-C-1","log.logger":"org.apache.kafka.clients.NetworkClient","service":"skyways","environment":"local","traceId":"${ctx:traceId}"}
{"@timestamp":"2026-05-16T09:17:48.147Z","ecs.version":"1.2.0","log.level":"WARN","message":"[Consumer clientId=consumer-flight-service-group-2, groupId=flight-service-group] Connection to node -1 (localhost/127.0.0.1:29092) could not be established. Node may not be available.","process.thread.name":"org.springframework.kafka.KafkaListenerEndpointContainer#1-0-C-1","log.logger":"org.apache.kafka.clients.NetworkClient","service":"skyways","environment":"local","traceId":"${ctx:traceId}"}
{"@timestamp":"2026-05-16T09:17:48.147Z","ecs.version":"1.2.0","log.level":"WARN","message":"[Consumer clientId=consumer-flight-service-group-2, groupId=flight-service-group] Bootstrap broker localhost:29092 (id: -1 rack: null) disconnected","process.thread.name":"org.springframework.kafka.KafkaListenerEndpointContainer#1-0-C-1","log.logger":"org.apache.kafka.clients.NetworkClient","service":"skyways","environment":"local","traceId":"${ctx:traceId}"}
{"@timestamp":"2026-05-16T09:17:48.290Z","ecs.version":"1.2.0","log.level":"WARN","message":"[Consumer clientId=consumer-flight-service-group-1, groupId=flight-service-group] Connection to node -1 (localhost/127.0.0.1:29092) could not be established. Node may not be available.","process.thread.name":"org.springframework.kafka.KafkaListenerEndpointContainer#0-0-C-1","log.logger":"org.apache.kafka.clients.NetworkClient","service":"skyways","environment":"local","traceId":"${ctx:traceId}"}
{"@timestamp":"2026-05-16T09:17:48.290Z","ecs.version":"1.2.0","log.level":"WARN","message":"[Consumer clientId=consumer-flight-service-group-1, groupId=flight-service-group] Bootstrap broker localhost:29092 (id: -1 rack: null) disconnected","process.thread.name":"org.springframework.kafka.KafkaListenerEndpointContainer#0-0-C-1","log.logger":"org.apache.kafka.clients.NetworkClient","service":"skyways","environment":"local","traceId":"${ctx:traceId}"}
{"@timestamp":"2026-05-16T09:17:49.159Z","ecs.version":"1.2.0","log.level":"WARN","message":"[Consumer clientId=consumer-flight-service-group-2, groupId=flight-service-group] Connection to node -1 (localhost/127.0.0.1:29092) could not be established. Node may not be available.","process.thread.name":"org.springframework.kafka.KafkaListenerEndpointContainer#1-0-C-1","log.logger":"org.apache.kafka.clients.NetworkClient","service":"skyways","environment":"local","traceId":"${ctx:traceId}"}
{"@timestamp":"2026-05-16T09:17:49.159Z","ecs.version":"1.2.0","log.level":"WARN","message":"[Consumer clientId=consumer-flight-service-group-2, groupId=flight-service-group] Bootstrap broker localhost:29092 (id: -1 rack: null) disconnected","process.thread.name":"org.springframework.kafka.KafkaListenerEndpointContainer#1-0-C-1","log.logger":"org.apache.kafka.clients.NetworkClient","service":"skyways","environment":"local","traceId":"${ctx:traceId}"}
{"@timestamp":"2026-05-16T09:17:49.159Z","ecs.version":"1.2.0","log.level":"WARN","message":"Request execution failed with message: I/O error on GET request for \"http://localhost:8761/eureka/apps/\": Connect to http://localhost:8761 [localhost/127.0.0.1, localhost/0:0:0:0:0:0:0:1] failed: Connection refused: no further information","process.thread.name":"DiscoveryClient-CacheRefreshExecutor-0","log.logger":"com.netflix.discovery.shared.transport.decorator.RetryableEurekaHttpClient","service":"skyways","environment":"local","traceId":"${ctx:traceId}"}
{"@timestamp":"2026-05-16T09:17:49.159Z","ecs.version":"1.2.0","log.level":"WARN","message":"Request execution failed with message: I/O error on PUT request for \"http://localhost:8761/eureka/apps/SKYWAYS-FLIGHT-SERVICE/DESKTOP-S0AUF4J:skyways-flight-service:8082\": Connect to http://localhost:8761 [localhost/127.0.0.1, localhost/0:0:0:0:0:0:0:1] failed: Connection refused: no further information","process.thread.name":"DiscoveryClient-HeartbeatExecutor-0","log.logger":"com.netflix.discovery.shared.transport.decorator.RetryableEurekaHttpClient","service":"skyways","environment":"local","traceId":"${ctx:traceId}"}
{"@timestamp":"2026-05-16T09:17:49.159Z","ecs.version":"1.2.0","log.level":"ERROR","message":"DiscoveryClient_SKYWAYS-FLIGHT-SERVICE/DESKTOP-S0AUF4J:skyways-flight-service:8082 - was unable to send heartbeat!","process.thread.name":"DiscoveryClient-HeartbeatExecutor-0","log.logger":"com.netflix.discovery.DiscoveryClient","error.type":"com.netflix.discovery.shared.transport.TransportException","error.message":"Cannot execute request on any known server","error.stack_trace":"com.netflix.discovery.shared.transport.TransportException: Cannot execute request on any known server\r\n\tat com.netflix.discovery.shared.transport.decorator.RetryableEurekaHttpClient.execute(RetryableEurekaHttpClient.java:112)\r\n\tat com.netflix.discovery.shared.transport.decorator.EurekaHttpClientDecorator.sendHeartBeat(EurekaHttpClientDecorator.java:89)\r\n\tat com.netflix.discovery.shared.transport.decorator.EurekaHttpClientDecorator$3.execute(EurekaHttpClientDecorator.java:92)\r\n\tat com.netflix.discovery.shared.transport.decorator.SessionedEurekaHttpClient.execute(SessionedEurekaHttpClient.java:77)\r\n\tat com.netflix.discovery.shared.transport.decorator.EurekaHttpClientDecorator.sendHeartBeat(EurekaHttpClientDecorator.java:89)\r\n\tat com.netflix.discovery.DiscoveryClient.renew(DiscoveryClient.java:837)\r\n\tat com.netflix.discovery.DiscoveryClient$HeartbeatThread.run(DiscoveryClient.java:1401)\r\n\tat java.base/java.util.concurrent.Executors$RunnableAdapter.call(Executors.java:539)\r\n\tat java.base/java.util.concurrent.FutureTask.run(FutureTask.java:264)\r\n\tat java.base/java.util.concurrent.ThreadPoolExecutor.runWorker(ThreadPoolExecutor.java:1136)\r\n\tat java.base/java.util.concurrent.ThreadPoolExecutor$Worker.run(ThreadPoolExecutor.java:635)\r\n\tat java.base/java.lang.Thread.run(Thread.java:842)\r\n","service":"skyways","environment":"local","traceId":"${ctx:traceId}"}
{"@timestamp":"2026-05-16T09:17:49.237Z","ecs.version":"1.2.0","log.level":"WARN","message":"[Consumer clientId=consumer-flight-service-group-1, groupId=flight-service-group] Connection to node -1 (localhost/127.0.0.1:29092) could not be established. Node may not be available.","process.thread.name":"org.springframework.kafka.KafkaListenerEndpointContainer#0-0-C-1","log.logger":"org.apache.kafka.clients.NetworkClient","service":"skyways","environment":"local","traceId":"${ctx:traceId}"}
{"@timestamp":"2026-05-16T09:17:49.237Z","ecs.version":"1.2.0","log.level":"WARN","message":"[Consumer clientId=consumer-flight-service-group-1, groupId=flight-service-group] Bootstrap broker localhost:29092 (id: -1 rack: null) disconnected","process.thread.name":"org.springframework.kafka.KafkaListenerEndpointContainer#0-0-C-1","log.logger":"org.apache.kafka.clients.NetworkClient","service":"skyways","environment":"local","traceId":"${ctx:traceId}"}
{"@timestamp":"2026-05-16T09:17:49.294Z","ecs.version":"1.2.0","log.level":"WARN","message":"Request execution failed with message: I/O error on POST request for \"http://localhost:8761/eureka/apps/SKYWAYS-FLIGHT-SERVICE\": Connect to http://localhost:8761 [localhost/127.0.0.1, localhost/0:0:0:0:0:0:0:1] failed: Connection refused: no further information","process.thread.name":"DiscoveryClient-InstanceInfoReplicator-0","log.logger":"com.netflix.discovery.shared.transport.decorator.RetryableEurekaHttpClient","service":"skyways","environment":"local","traceId":"${ctx:traceId}"}
{"@timestamp":"2026-05-16T09:17:49.294Z","ecs.version":"1.2.0","log.level":"WARN","message":"DiscoveryClient_SKYWAYS-FLIGHT-SERVICE/DESKTOP-S0AUF4J:skyways-flight-service:8082 - registration failed Cannot execute request on any known server","process.thread.name":"DiscoveryClient-InstanceInfoReplicator-0","log.logger":"com.netflix.discovery.DiscoveryClient","error.type":"com.netflix.discovery.shared.transport.TransportException","error.message":"Cannot execute request on any known server","error.stack_trace":"com.netflix.discovery.shared.transport.TransportException: Cannot execute request on any known server\r\n\tat com.netflix.discovery.shared.transport.decorator.RetryableEurekaHttpClient.execute(RetryableEurekaHttpClient.java:112)\r\n\tat com.netflix.discovery.shared.transport.decorator.EurekaHttpClientDecorator.register(EurekaHttpClientDecorator.java:56)\r\n\tat com.netflix.discovery.shared.transport.decorator.EurekaHttpClientDecorator$1.execute(EurekaHttpClientDecorator.java:59)\r\n\tat com.netflix.discovery.shared.transport.decorator.SessionedEurekaHttpClient.execute(SessionedEurekaHttpClient.java:77)\r\n\tat com.netflix.discovery.shared.transport.decorator.EurekaHttpClientDecorator.register(EurekaHttpClientDecorator.java:56)\r\n\tat com.netflix.discovery.DiscoveryClient.register(DiscoveryClient.java:820)\r\n\tat com.netflix.discovery.InstanceInfoReplicator.run(InstanceInfoReplicator.java:121)\r\n\tat java.base/java.util.concurrent.Executors$RunnableAdapter.call(Executors.java:539)\r\n\tat java.base/java.util.concurrent.FutureTask.run(FutureTask.java:264)\r\n\tat java.base/java.util.concurrent.ScheduledThreadPoolExecutor$ScheduledFutureTask.run(ScheduledThreadPoolExecutor.java:304)\r\n\tat java.base/java.util.concurrent.ThreadPoolExecutor.runWorker(ThreadPoolExecutor.java:1136)\r\n\tat java.base/java.util.concurrent.ThreadPoolExecutor$Worker.run(ThreadPoolExecutor.java:635)\r\n\tat java.base/java.lang.Thread.run(Thread.java:842)\r\n","service":"skyways","environment":"local","traceId":"${ctx:traceId}"}
{"@timestamp":"2026-05-16T09:17:49.295Z","ecs.version":"1.2.0","log.level":"WARN","message":"There was a problem with the instance info replicator","process.thread.name":"DiscoveryClient-InstanceInfoReplicator-0","log.logger":"com.netflix.discovery.InstanceInfoReplicator","error.type":"com.netflix.discovery.shared.transport.TransportException","error.message":"Cannot execute request on any known server","error.stack_trace":"com.netflix.discovery.shared.transport.TransportException: Cannot execute request on any known server\r\n\tat com.netflix.discovery.shared.transport.decorator.RetryableEurekaHttpClient.execute(RetryableEurekaHttpClient.java:112)\r\n\tat com.netflix.discovery.shared.transport.decorator.EurekaHttpClientDecorator.register(EurekaHttpClientDecorator.java:56)\r\n\tat com.netflix.discovery.shared.transport.decorator.EurekaHttpClientDecorator$1.execute(EurekaHttpClientDecorator.java:59)\r\n\tat com.netflix.discovery.shared.transport.decorator.SessionedEurekaHttpClient.execute(SessionedEurekaHttpClient.java:77)\r\n\tat com.netflix.discovery.shared.transport.decorator.EurekaHttpClientDecorator.register(EurekaHttpClientDecorator.java:56)\r\n\tat com.netflix.discovery.DiscoveryClient.register(DiscoveryClient.java:820)\r\n\tat com.netflix.discovery.InstanceInfoReplicator.run(InstanceInfoReplicator.java:121)\r\n\tat java.base/java.util.concurrent.Executors$RunnableAdapter.call(Executors.java:539)\r\n\tat java.base/java.util.concurrent.FutureTask.run(FutureTask.java:264)\r\n\tat java.base/java.util.concurrent.ScheduledThreadPoolExecutor$ScheduledFutureTask.run(ScheduledThreadPoolExecutor.java:304)\r\n\tat java.base/java.util.concurrent.ThreadPoolExecutor.runWorker(ThreadPoolExecutor.java:1136)\r\n\tat java.base/java.util.concurrent.ThreadPoolExecutor$Worker.run(ThreadPoolExecutor.java:635)\r\n\tat java.base/java.lang.Thread.run(Thread.java:842)\r\n","service":"skyways","environment":"local","traceId":"${ctx:traceId}"}
{"@timestamp":"2026-05-16T09:17:50.052Z","ecs.version":"1.2.0","log.level":"WARN","message":"[Consumer clientId=consumer-flight-service-group-2, groupId=flight-service-group] Connection to node -1 (localhost/127.0.0.1:29092) could not be established. Node may not be available.","process.thread.name":"org.springframework.kafka.KafkaListenerEndpointContainer#1-0-C-1","log.logger":"org.apache.kafka.clients.NetworkClient","service":"skyways","environment":"local","traceId":"${ctx:traceId}"}
{"@timestamp":"2026-05-16T09:17:50.052Z","ecs.version":"1.2.0","log.level":"WARN","message":"[Consumer clientId=consumer-flight-service-group-2, groupId=flight-service-group] Bootstrap broker localhost:29092 (id: -1 rack: null) disconnected","process.thread.name":"org.springframework.kafka.KafkaListenerEndpointContainer#1-0-C-1","log.logger":"org.apache.kafka.clients.NetworkClient","service":"skyways","environment":"local","traceId":"${ctx:traceId}"}
{"@timestamp":"2026-05-16T09:17:50.254Z","ecs.version":"1.2.0","log.level":"WARN","message":"[Consumer clientId=consumer-flight-service-group-1, groupId=flight-service-group] Connection to node -1 (localhost/127.0.0.1:29092) could not be established. Node may not be available.","process.thread.name":"org.springframework.kafka.KafkaListenerEndpointContainer#0-0-C-1","log.logger":"org.apache.kafka.clients.NetworkClient","service":"skyways","environment":"local","traceId":"${ctx:traceId}"}
{"@timestamp":"2026-05-16T09:17:50.254Z","ecs.version":"1.2.0","log.level":"WARN","message":"[Consumer clientId=consumer-flight-service-group-1, groupId=flight-service-group] Bootstrap broker localhost:29092 (id: -1 rack: null) disconnected","process.thread.name":"org.springframework.kafka.KafkaListenerEndpointContainer#0-0-C-1","log.logger":"org.apache.kafka.clients.NetworkClient","service":"skyways","environment":"local","traceId":"${ctx:traceId}"}
{"@timestamp":"2026-05-16T09:17:50.912Z","ecs.version":"1.2.0","log.level":"WARN","message":"[Consumer clientId=consumer-flight-service-group-2, groupId=flight-service-group] Connection to node -1 (localhost/127.0.0.1:29092) could not be established. Node may not be available.","process.thread.name":"org.springframework.kafka.KafkaListenerEndpointContainer#1-0-C-1","log.logger":"org.apache.kafka.clients.NetworkClient","service":"skyways","environment":"local","traceId":"${ctx:traceId}"}
{"@timestamp":"2026-05-16T09:17:50.912Z","ecs.version":"1.2.0","log.level":"WARN","message":"[Consumer clientId=consumer-flight-service-group-2, groupId=flight-service-group] Bootstrap broker localhost:29092 (id: -1 rack: null) disconnected","process.thread.name":"org.springframework.kafka.KafkaListenerEndpointContainer#1-0-C-1","log.logger":"org.apache.kafka.clients.NetworkClient","service":"skyways","environment":"local","traceId":"${ctx:traceId}"}
{"@timestamp":"2026-05-16T09:17:51.131Z","ecs.version":"1.2.0","log.level":"WARN","message":"[Consumer clientId=consumer-flight-service-group-1, groupId=flight-service-group] Connection to node -1 (localhost/127.0.0.1:29092) could not be established. Node may not be available.","process.thread.name":"org.springframework.kafka.KafkaListenerEndpointContainer#0-0-C-1","log.logger":"org.apache.kafka.clients.NetworkClient","service":"skyways","environment":"local","traceId":"${ctx:traceId}"}
{"@timestamp":"2026-05-16T09:17:51.131Z","ecs.version":"1.2.0","log.level":"WARN","message":"[Consumer clientId=consumer-flight-service-group-1, groupId=flight-service-group] Bootstrap broker localhost:29092 (id: -1 rack: null) disconnected","process.thread.name":"org.springframework.kafka.KafkaListenerEndpointContainer#0-0-C-1","log.logger":"org.apache.kafka.clients.NetworkClient","service":"skyways","environment":"local","traceId":"${ctx:traceId}"}
{"@timestamp":"2026-05-16T09:17:51.858Z","ecs.version":"1.2.0","log.level":"WARN","message":"[Consumer clientId=consumer-flight-service-group-2, groupId=flight-service-group] Connection to node -1 (localhost/127.0.0.1:29092) could not be established. Node may not be available.","process.thread.name":"org.springframework.kafka.KafkaListenerEndpointContainer#1-0-C-1","log.logger":"org.apache.kafka.clients.NetworkClient","service":"skyways","environment":"local","traceId":"${ctx:traceId}"}
{"@timestamp":"2026-05-16T09:17:51.858Z","ecs.version":"1.2.0","log.level":"WARN","message":"[Consumer clientId=consumer-flight-service-group-2, groupId=flight-service-group] Bootstrap broker localhost:29092 (id: -1 rack: null) disconnected","process.thread.name":"org.springframework.kafka.KafkaListenerEndpointContainer#1-0-C-1","log.logger":"org.apache.kafka.clients.NetworkClient","service":"skyways","environment":"local","traceId":"${ctx:traceId}"}
{"@timestamp":"2026-05-16T09:17:52.140Z","ecs.version":"1.2.0","log.level":"WARN","message":"[Consumer clientId=consumer-flight-service-group-1, groupId=flight-service-group] Connection to node -1 (localhost/127.0.0.1:29092) could not be established. Node may not be available.","process.thread.name":"org.springframework.kafka.KafkaListenerEndpointContainer#0-0-C-1","log.logger":"org.apache.kafka.clients.NetworkClient","service":"skyways","environment":"local","traceId":"${ctx:traceId}"}
{"@timestamp":"2026-05-16T09:17:52.140Z","ecs.version":"1.2.0","log.level":"WARN","message":"[Consumer clientId=consumer-flight-service-group-1, groupId=flight-service-group] Bootstrap broker localhost:29092 (id: -1 rack: null) disconnected","process.thread.name":"org.springframework.kafka.KafkaListenerEndpointContainer#0-0-C-1","log.logger":"org.apache.kafka.clients.NetworkClient","service":"skyways","environment":"local","traceId":"${ctx:traceId}"}
{"@timestamp":"2026-05-16T09:17:52.793Z","ecs.version":"1.2.0","log.level":"WARN","message":"[Consumer clientId=consumer-flight-service-group-2, groupId=flight-service-group] Connection to node -1 (localhost/127.0.0.1:29092) could not be established. Node may not be available.","process.thread.name":"org.springframework.kafka.KafkaListenerEndpointContainer#1-0-C-1","log.logger":"org.apache.kafka.clients.NetworkClient","service":"skyways","environment":"local","traceId":"${ctx:traceId}"}
{"@timestamp":"2026-05-16T09:17:52.793Z","ecs.version":"1.2.0","log.level":"WARN","message":"[Consumer clientId=consumer-flight-service-group-2, groupId=flight-service-group] Bootstrap broker localhost:29092 (id: -1 rack: null) disconnected","process.thread.name":"org.springframework.kafka.KafkaListenerEndpointContainer#1-0-C-1","log.logger":"org.apache.kafka.clients.NetworkClient","service":"skyways","environment":"local","traceId":"${ctx:traceId}"}
{"@timestamp":"2026-05-16T09:17:53.012Z","ecs.version":"1.2.0","log.level":"WARN","message":"[Consumer clientId=consumer-flight-service-group-1, groupId=flight-service-group] Connection to node -1 (localhost/127.0.0.1:29092) could not be established. Node may not be available.","process.thread.name":"org.springframework.kafka.KafkaListenerEndpointContainer#0-0-C-1","log.logger":"org.apache.kafka.clients.NetworkClient","service":"skyways","environment":"local","traceId":"${ctx:traceId}"}
{"@timestamp":"2026-05-16T09:17:53.012Z","ecs.version":"1.2.0","log.level":"WARN","message":"[Consumer clientId=consumer-flight-service-group-1, groupId=flight-service-group] Bootstrap broker localhost:29092 (id: -1 rack: null) disconnected","process.thread.name":"org.springframework.kafka.KafkaListenerEndpointContainer#0-0-C-1","log.logger":"org.apache.kafka.clients.NetworkClient","service":"skyways","environment":"local","traceId":"${ctx:traceId}"}
{"@timestamp":"2026-05-16T09:17:53.846Z","ecs.version":"1.2.0","log.level":"WARN","message":"[Consumer clientId=consumer-flight-service-group-2, groupId=flight-service-group] Connection to node -1 (localhost/127.0.0.1:29092) could not be established. Node may not be available.","process.thread.name":"org.springframework.kafka.KafkaListenerEndpointContainer#1-0-C-1","log.logger":"org.apache.kafka.clients.NetworkClient","service":"skyways","environment":"local","traceId":"${ctx:traceId}"}
{"@timestamp":"2026-05-16T09:17:53.846Z","ecs.version":"1.2.0","log.level":"WARN","message":"[Consumer clientId=consumer-flight-service-group-2, groupId=flight-service-group] Bootstrap broker localhost:29092 (id: -1 rack: null) disconnected","process.thread.name":"org.springframework.kafka.KafkaListenerEndpointContainer#1-0-C-1","log.logger":"org.apache.kafka.clients.NetworkClient","service":"skyways","environment":"local","traceId":"${ctx:traceId}"}
{"@timestamp":"2026-05-16T09:17:53.910Z","ecs.version":"1.2.0","log.level":"WARN","message":"[Consumer clientId=consumer-flight-service-group-1, groupId=flight-service-group] Connection to node -1 (localhost/127.0.0.1:29092) could not be established. Node may not be available.","process.thread.name":"org.springframework.kafka.KafkaListenerEndpointContainer#0-0-C-1","log.logger":"org.apache.kafka.clients.NetworkClient","service":"skyways","environment":"local","traceId":"${ctx:traceId}"}
{"@timestamp":"2026-05-16T09:17:53.910Z","ecs.version":"1.2.0","log.level":"WARN","message":"[Consumer clientId=consumer-flight-service-group-1, groupId=flight-service-group] Bootstrap broker localhost:29092 (id: -1 rack: null) disconnected","process.thread.name":"org.springframework.kafka.KafkaListenerEndpointContainer#0-0-C-1","log.logger":"org.apache.kafka.clients.NetworkClient","service":"skyways","environment":"local","traceId":"${ctx:traceId}"}
{"@timestamp":"2026-05-16T09:17:54.847Z","ecs.version":"1.2.0","log.level":"WARN","message":"[Consumer clientId=consumer-flight-service-group-2, groupId=flight-service-group] Connection to node -1 (localhost/127.0.0.1:29092) could not be established. Node may not be available.","process.thread.name":"org.springframework.kafka.KafkaListenerEndpointContainer#1-0-C-1","log.logger":"org.apache.kafka.clients.NetworkClient","service":"skyways","environment":"local","traceId":"${ctx:traceId}"}
{"@timestamp":"2026-05-16T09:17:54.847Z","ecs.version":"1.2.0","log.level":"WARN","message":"[Consumer clientId=consumer-flight-service-group-2, groupId=flight-service-group] Bootstrap broker localhost:29092 (id: -1 rack: null) disconnected","process.thread.name":"org.springframework.kafka.KafkaListenerEndpointContainer#1-0-C-1","log.logger":"org.apache.kafka.clients.NetworkClient","service":"skyways","environment":"local","traceId":"${ctx:traceId}"}
{"@timestamp":"2026-05-16T09:17:54.924Z","ecs.version":"1.2.0","log.level":"WARN","message":"[Consumer clientId=consumer-flight-service-group-1, groupId=flight-service-group] Connection to node -1 (localhost/127.0.0.1:29092) could not be established. Node may not be available.","process.thread.name":"org.springframework.kafka.KafkaListenerEndpointContainer#0-0-C-1","log.logger":"org.apache.kafka.clients.NetworkClient","service":"skyways","environment":"local","traceId":"${ctx:traceId}"}
{"@timestamp":"2026-05-16T09:17:54.924Z","ecs.version":"1.2.0","log.level":"WARN","message":"[Consumer clientId=consumer-flight-service-group-1, groupId=flight-service-group] Bootstrap broker localhost:29092 (id: -1 rack: null) disconnected","process.thread.name":"org.springframework.kafka.KafkaListenerEndpointContainer#0-0-C-1","log.logger":"org.apache.kafka.clients.NetworkClient","service":"skyways","environment":"local","traceId":"${ctx:traceId}"}
{"@timestamp":"2026-05-16T09:17:55.682Z","ecs.version":"1.2.0","log.level":"WARN","message":"[Consumer clientId=consumer-flight-service-group-2, groupId=flight-service-group] Connection to node -1 (localhost/127.0.0.1:29092) could not be established. Node may not be available.","process.thread.name":"org.springframework.kafka.KafkaListenerEndpointContainer#1-0-C-1","log.logger":"org.apache.kafka.clients.NetworkClient","service":"skyways","environment":"local","traceId":"${ctx:traceId}"}
{"@timestamp":"2026-05-16T09:17:55.682Z","ecs.version":"1.2.0","log.level":"WARN","message":"[Consumer clientId=consumer-flight-service-group-2, groupId=flight-service-group] Bootstrap broker localhost:29092 (id: -1 rack: null) disconnected","process.thread.name":"org.springframework.kafka.KafkaListenerEndpointContainer#1-0-C-1","log.logger":"org.apache.kafka.clients.NetworkClient","service":"skyways","environment":"local","traceId":"${ctx:traceId}"}
{"@timestamp":"2026-05-16T09:17:55.947Z","ecs.version":"1.2.0","log.level":"WARN","message":"[Consumer clientId=consumer-flight-service-group-1, groupId=flight-service-group] Connection to node -1 (localhost/127.0.0.1:29092) could not be established. Node may not be available.","process.thread.name":"org.springframework.kafka.KafkaListenerEndpointContainer#0-0-C-1","log.logger":"org.apache.kafka.clients.NetworkClient","service":"skyways","environment":"local","traceId":"${ctx:traceId}"}
{"@timestamp":"2026-05-16T09:17:55.947Z","ecs.version":"1.2.0","log.level":"WARN","message":"[Consumer clientId=consumer-flight-service-group-1, groupId=flight-service-group] Bootstrap broker localhost:29092 (id: -1 rack: null) disconnected","process.thread.name":"org.springframework.kafka.KafkaListenerEndpointContainer#0-0-C-1","log.logger":"org.apache.kafka.clients.NetworkClient","service":"skyways","environment":"local","traceId":"${ctx:traceId}"}
{"@timestamp":"2026-05-16T09:17:56.731Z","ecs.version":"1.2.0","log.level":"WARN","message":"[Consumer clientId=consumer-flight-service-group-2, groupId=flight-service-group] Connection to node -1 (localhost/127.0.0.1:29092) could not be established. Node may not be available.","process.thread.name":"org.springframework.kafka.KafkaListenerEndpointContainer#1-0-C-1","log.logger":"org.apache.kafka.clients.NetworkClient","service":"skyways","environment":"local","traceId":"${ctx:traceId}"}
{"@timestamp":"2026-05-16T09:17:56.731Z","ecs.version":"1.2.0","log.level":"WARN","message":"[Consumer clientId=consumer-flight-service-group-2, groupId=flight-service-group] Bootstrap broker localhost:29092 (id: -1 rack: null) disconnected","process.thread.name":"org.springframework.kafka.KafkaListenerEndpointContainer#1-0-C-1","log.logger":"org.apache.kafka.clients.NetworkClient","service":"skyways","environment":"local","traceId":"${ctx:traceId}"}
{"@timestamp":"2026-05-16T09:17:56.840Z","ecs.version":"1.2.0","log.level":"WARN","message":"[Consumer clientId=consumer-flight-service-group-1, groupId=flight-service-group] Connection to node -1 (localhost/127.0.0.1:29092) could not be established. Node may not be available.","process.thread.name":"org.springframework.kafka.KafkaListenerEndpointContainer#0-0-C-1","log.logger":"org.apache.kafka.clients.NetworkClient","service":"skyways","environment":"local","traceId":"${ctx:traceId}"}
{"@timestamp":"2026-05-16T09:17:56.840Z","ecs.version":"1.2.0","log.level":"WARN","message":"[Consumer clientId=consumer-flight-service-group-1, groupId=flight-service-group] Bootstrap broker localhost:29092 (id: -1 rack: null) disconnected","process.thread.name":"org.springframework.kafka.KafkaListenerEndpointContainer#0-0-C-1","log.logger":"org.apache.kafka.clients.NetworkClient","service":"skyways","environment":"local","traceId":"${ctx:traceId}"}
{"@timestamp":"2026-05-16T09:17:57.727Z","ecs.version":"1.2.0","log.level":"WARN","message":"[Consumer clientId=consumer-flight-service-group-2, groupId=flight-service-group] Connection to node -1 (localhost/127.0.0.1:29092) could not be established. Node may not be available.","process.thread.name":"org.springframework.kafka.KafkaListenerEndpointContainer#1-0-C-1","log.logger":"org.apache.kafka.clients.NetworkClient","service":"skyways","environment":"local","traceId":"${ctx:traceId}"}
{"@timestamp":"2026-05-16T09:17:57.727Z","ecs.version":"1.2.0","log.level":"WARN","message":"[Consumer clientId=consumer-flight-service-group-2, groupId=flight-service-group] Bootstrap broker localhost:29092 (id: -1 rack: null) disconnected","process.thread.name":"org.springframework.kafka.KafkaListenerEndpointContainer#1-0-C-1","log.logger":"org.apache.kafka.clients.NetworkClient","service":"skyways","environment":"local","traceId":"${ctx:traceId}"}
{"@timestamp":"2026-05-16T09:17:57.774Z","ecs.version":"1.2.0","log.level":"WARN","message":"[Consumer clientId=consumer-flight-service-group-1, groupId=flight-service-group] Connection to node -1 (localhost/127.0.0.1:29092) could not be established. Node may not be available.","process.thread.name":"org.springframework.kafka.KafkaListenerEndpointContainer#0-0-C-1","log.logger":"org.apache.kafka.clients.NetworkClient","service":"skyways","environment":"local","traceId":"${ctx:traceId}"}
{"@timestamp":"2026-05-16T09:17:57.775Z","ecs.version":"1.2.0","log.level":"WARN","message":"[Consumer clientId=consumer-flight-service-group-1, groupId=flight-service-group] Bootstrap broker localhost:29092 (id: -1 rack: null) disconnected","process.thread.name":"org.springframework.kafka.KafkaListenerEndpointContainer#0-0-C-1","log.logger":"org.apache.kafka.clients.NetworkClient","service":"skyways","environment":"local","traceId":"${ctx:traceId}"}
{"@timestamp":"2026-05-16T09:17:58.683Z","ecs.version":"1.2.0","log.level":"WARN","message":"[Consumer clientId=consumer-flight-service-group-2, groupId=flight-service-group] Connection to node -1 (localhost/127.0.0.1:29092) could not be established. Node may not be available.","process.thread.name":"org.springframework.kafka.KafkaListenerEndpointContainer#1-0-C-1","log.logger":"org.apache.kafka.clients.NetworkClient","service":"skyways","environment":"local","traceId":"${ctx:traceId}"}
{"@timestamp":"2026-05-16T09:17:58.683Z","ecs.version":"1.2.0","log.level":"WARN","message":"[Consumer clientId=consumer-flight-service-group-2, groupId=flight-service-group] Bootstrap broker localhost:29092 (id: -1 rack: null) disconnected","process.thread.name":"org.springframework.kafka.KafkaListenerEndpointContainer#1-0-C-1","log.logger":"org.apache.kafka.clients.NetworkClient","service":"skyways","environment":"local","traceId":"${ctx:traceId}"}
{"@timestamp":"2026-05-16T09:17:58.822Z","ecs.version":"1.2.0","log.level":"WARN","message":"[Consumer clientId=consumer-flight-service-group-1, groupId=flight-service-group] Connection to node -1 (localhost/127.0.0.1:29092) could not be established. Node may not be available.","process.thread.name":"org.springframework.kafka.KafkaListenerEndpointContainer#0-0-C-1","log.logger":"org.apache.kafka.clients.NetworkClient","service":"skyways","environment":"local","traceId":"${ctx:traceId}"}
{"@timestamp":"2026-05-16T09:17:58.823Z","ecs.version":"1.2.0","log.level":"WARN","message":"[Consumer clientId=consumer-flight-service-group-1, groupId=flight-service-group] Bootstrap broker localhost:29092 (id: -1 rack: null) disconnected","process.thread.name":"org.springframework.kafka.KafkaListenerEndpointContainer#0-0-C-1","log.logger":"org.apache.kafka.clients.NetworkClient","service":"skyways","environment":"local","traceId":"${ctx:traceId}"}
{"@timestamp":"2026-05-16T09:17:59.641Z","ecs.version":"1.2.0","log.level":"WARN","message":"[Consumer clientId=consumer-flight-service-group-1, groupId=flight-service-group] Connection to node -1 (localhost/127.0.0.1:29092) could not be established. Node may not be available.","process.thread.name":"org.springframework.kafka.KafkaListenerEndpointContainer#0-0-C-1","log.logger":"org.apache.kafka.clients.NetworkClient","service":"skyways","environment":"local","traceId":"${ctx:traceId}"}
{"@timestamp":"2026-05-16T09:17:59.641Z","ecs.version":"1.2.0","log.level":"WARN","message":"[Consumer clientId=consumer-flight-service-group-1, groupId=flight-service-group] Bootstrap broker localhost:29092 (id: -1 rack: null) disconnected","process.thread.name":"org.springframework.kafka.KafkaListenerEndpointContainer#0-0-C-1","log.logger":"org.apache.kafka.clients.NetworkClient","service":"skyways","environment":"local","traceId":"${ctx:traceId}"}
{"@timestamp":"2026-05-16T09:17:59.719Z","ecs.version":"1.2.0","log.level":"WARN","message":"[Consumer clientId=consumer-flight-service-group-2, groupId=flight-service-group] Connection to node -1 (localhost/127.0.0.1:29092) could not be established. Node may not be available.","process.thread.name":"org.springframework.kafka.KafkaListenerEndpointContainer#1-0-C-1","log.logger":"org.apache.kafka.clients.NetworkClient","service":"skyways","environment":"local","traceId":"${ctx:traceId}"}
{"@timestamp":"2026-05-16T09:17:59.719Z","ecs.version":"1.2.0","log.level":"WARN","message":"[Consumer clientId=consumer-flight-service-group-2, groupId=flight-service-group] Bootstrap broker localhost:29092 (id: -1 rack: null) disconnected","process.thread.name":"org.springframework.kafka.KafkaListenerEndpointContainer#1-0-C-1","log.logger":"org.apache.kafka.clients.NetworkClient","service":"skyways","environment":"local","traceId":"${ctx:traceId}"}
{"@timestamp":"2026-05-16T09:18:00.662Z","ecs.version":"1.2.0","log.level":"WARN","message":"[Consumer clientId=consumer-flight-service-group-1, groupId=flight-service-group] Connection to node -1 (localhost/127.0.0.1:29092) could not be established. Node may not be available.","process.thread.name":"org.springframework.kafka.KafkaListenerEndpointContainer#0-0-C-1","log.logger":"org.apache.kafka.clients.NetworkClient","service":"skyways","environment":"local","traceId":"${ctx:traceId}"}
2026-05-16T09:18:00.663547Z Log4j2-AsyncAppenderEventDispatcher-2-AsyncAppender ERROR Unable to write to stream TCP:localhost:5000 for appender Logstash org.apache.logging.log4j.core.appender.AppenderLoggingException: Error writing to TCP:localhost:5000: socket not available
	at org.apache.logging.log4j.core.net.TcpSocketManager.write(TcpSocketManager.java:264)
	at org.apache.logging.log4j.core.appender.OutputStreamManager.write(OutputStreamManager.java:202)
	at org.apache.logging.log4j.core.appender.AbstractOutputStreamAppender.writeByteArrayToManager(AbstractOutputStreamAppender.java:236)
	at org.apache.logging.log4j.core.appender.SocketAppender.directEncodeEvent(SocketAppender.java:598)
	at org.apache.logging.log4j.core.appender.AbstractOutputStreamAppender.tryAppend(AbstractOutputStreamAppender.java:220)
	at org.apache.logging.log4j.core.appender.AbstractOutputStreamAppender.append(AbstractOutputStreamAppender.java:211)
	at org.apache.logging.log4j.core.config.AppenderControl.tryCallAppender(AppenderControl.java:160)
	at org.apache.logging.log4j.core.config.AppenderControl.callAppender0(AppenderControl.java:133)
	at org.apache.logging.log4j.core.config.AppenderControl.callAppenderPreventRecursion(AppenderControl.java:124)
	at org.apache.logging.log4j.core.config.AppenderControl.callAppender(AppenderControl.java:88)
	at org.apache.logging.log4j.core.appender.AsyncAppenderEventDispatcher.dispatch(AsyncAppenderEventDispatcher.java:127)
	at org.apache.logging.log4j.core.appender.AsyncAppenderEventDispatcher.dispatchAll(AsyncAppenderEventDispatcher.java:91)
	at org.apache.logging.log4j.core.appender.AsyncAppenderEventDispatcher.run(AsyncAppenderEventDispatcher.java:73)

{"@timestamp":"2026-05-16T09:18:00.662Z","ecs.version":"1.2.0","log.level":"WARN","message":"[Consumer clientId=consumer-flight-service-group-1, groupId=flight-service-group] Bootstrap broker localhost:29092 (id: -1 rack: null) disconnected","process.thread.name":"org.springframework.kafka.KafkaListenerEndpointContainer#0-0-C-1","log.logger":"org.apache.kafka.clients.NetworkClient","service":"skyways","environment":"local","traceId":"${ctx:traceId}"}
{"@timestamp":"2026-05-16T09:18:00.725Z","ecs.version":"1.2.0","log.level":"WARN","message":"[Consumer clientId=consumer-flight-service-group-2, groupId=flight-service-group] Connection to node -1 (localhost/127.0.0.1:29092) could not be established. Node may not be available.","process.thread.name":"org.springframework.kafka.KafkaListenerEndpointContainer#1-0-C-1","log.logger":"org.apache.kafka.clients.NetworkClient","service":"skyways","environment":"local","traceId":"${ctx:traceId}"}
{"@timestamp":"2026-05-16T09:18:00.725Z","ecs.version":"1.2.0","log.level":"WARN","message":"[Consumer clientId=consumer-flight-service-group-2, groupId=flight-service-group] Bootstrap broker localhost:29092 (id: -1 rack: null) disconnected","process.thread.name":"org.springframework.kafka.KafkaListenerEndpointContainer#1-0-C-1","log.logger":"org.apache.kafka.clients.NetworkClient","service":"skyways","environment":"local","traceId":"${ctx:traceId}"}
{"@timestamp":"2026-05-16T09:18:01.668Z","ecs.version":"1.2.0","log.level":"WARN","message":"[Consumer clientId=consumer-flight-service-group-1, groupId=flight-service-group] Connection to node -1 (localhost/127.0.0.1:29092) could not be established. Node may not be available.","process.thread.name":"org.springframework.kafka.KafkaListenerEndpointContainer#0-0-C-1","log.logger":"org.apache.kafka.clients.NetworkClient","service":"skyways","environment":"local","traceId":"${ctx:traceId}"}
{"@timestamp":"2026-05-16T09:18:01.668Z","ecs.version":"1.2.0","log.level":"WARN","message":"[Consumer clientId=consumer-flight-service-group-1, groupId=flight-service-group] Bootstrap broker localhost:29092 (id: -1 rack: null) disconnected","process.thread.name":"org.springframework.kafka.KafkaListenerEndpointContainer#0-0-C-1","log.logger":"org.apache.kafka.clients.NetworkClient","service":"skyways","environment":"local","traceId":"${ctx:traceId}"}
{"@timestamp":"2026-05-16T09:18:01.732Z","ecs.version":"1.2.0","log.level":"WARN","message":"[Consumer clientId=consumer-flight-service-group-2, groupId=flight-service-group] Connection to node -1 (localhost/127.0.0.1:29092) could not be established. Node may not be available.","process.thread.name":"org.springframework.kafka.KafkaListenerEndpointContainer#1-0-C-1","log.logger":"org.apache.kafka.clients.NetworkClient","service":"skyways","environment":"local","traceId":"${ctx:traceId}"}
{"@timestamp":"2026-05-16T09:18:01.733Z","ecs.version":"1.2.0","log.level":"WARN","message":"[Consumer clientId=consumer-flight-service-group-2, groupId=flight-service-group] Bootstrap broker localhost:29092 (id: -1 rack: null) disconnected","process.thread.name":"org.springframework.kafka.KafkaListenerEndpointContainer#1-0-C-1","log.logger":"org.apache.kafka.clients.NetworkClient","service":"skyways","environment":"local","traceId":"${ctx:traceId}"}
{"@timestamp":"2026-05-16T09:18:02.550Z","ecs.version":"1.2.0","log.level":"WARN","message":"[Consumer clientId=consumer-flight-service-group-1, groupId=flight-service-group] Connection to node -1 (localhost/127.0.0.1:29092) could not be established. Node may not be available.","process.thread.name":"org.springframework.kafka.KafkaListenerEndpointContainer#0-0-C-1","log.logger":"org.apache.kafka.clients.NetworkClient","service":"skyways","environment":"local","traceId":"${ctx:traceId}"}
{"@timestamp":"2026-05-16T09:18:02.550Z","ecs.version":"1.2.0","log.level":"WARN","message":"[Consumer clientId=consumer-flight-service-group-1, groupId=flight-service-group] Bootstrap broker localhost:29092 (id: -1 rack: null) disconnected","process.thread.name":"org.springframework.kafka.KafkaListenerEndpointContainer#0-0-C-1","log.logger":"org.apache.kafka.clients.NetworkClient","service":"skyways","environment":"local","traceId":"${ctx:traceId}"}
{"@timestamp":"2026-05-16T09:18:02.756Z","ecs.version":"1.2.0","log.level":"WARN","message":"[Consumer clientId=consumer-flight-service-group-2, groupId=flight-service-group] Connection to node -1 (localhost/127.0.0.1:29092) could not be established. Node may not be available.","process.thread.name":"org.springframework.kafka.KafkaListenerEndpointContainer#1-0-C-1","log.logger":"org.apache.kafka.clients.NetworkClient","service":"skyways","environment":"local","traceId":"${ctx:traceId}"}
{"@timestamp":"2026-05-16T09:18:02.756Z","ecs.version":"1.2.0","log.level":"WARN","message":"[Consumer clientId=consumer-flight-service-group-2, groupId=flight-service-group] Bootstrap broker localhost:29092 (id: -1 rack: null) disconnected","process.thread.name":"org.springframework.kafka.KafkaListenerEndpointContainer#1-0-C-1","log.logger":"org.apache.kafka.clients.NetworkClient","service":"skyways","environment":"local","traceId":"${ctx:traceId}"}
{"@timestamp":"2026-05-16T09:18:03.551Z","ecs.version":"1.2.0","log.level":"WARN","message":"[Consumer clientId=consumer-flight-service-group-1, groupId=flight-service-group] Connection to node -1 (localhost/127.0.0.1:29092) could not be established. Node may not be available.","process.thread.name":"org.springframework.kafka.KafkaListenerEndpointContainer#0-0-C-1","log.logger":"org.apache.kafka.clients.NetworkClient","service":"skyways","environment":"local","traceId":"${ctx:traceId}"}
{"@timestamp":"2026-05-16T09:18:03.551Z","ecs.version":"1.2.0","log.level":"WARN","message":"[Consumer clientId=consumer-flight-service-group-1, groupId=flight-service-group] Bootstrap broker localhost:29092 (id: -1 rack: null) disconnected","process.thread.name":"org.springframework.kafka.KafkaListenerEndpointContainer#0-0-C-1","log.logger":"org.apache.kafka.clients.NetworkClient","service":"skyways","environment":"local","traceId":"${ctx:traceId}"}
{"@timestamp":"2026-05-16T09:18:03.817Z","ecs.version":"1.2.0","log.level":"WARN","message":"[Consumer clientId=consumer-flight-service-group-2, groupId=flight-service-group] Connection to node -1 (localhost/127.0.0.1:29092) could not be established. Node may not be available.","process.thread.name":"org.springframework.kafka.KafkaListenerEndpointContainer#1-0-C-1","log.logger":"org.apache.kafka.clients.NetworkClient","service":"skyways","environment":"local","traceId":"${ctx:traceId}"}
{"@timestamp":"2026-05-16T09:18:03.818Z","ecs.version":"1.2.0","log.level":"WARN","message":"[Consumer clientId=consumer-flight-service-group-2, groupId=flight-service-group] Bootstrap broker localhost:29092 (id: -1 rack: null) disconnected","process.thread.name":"org.springframework.kafka.KafkaListenerEndpointContainer#1-0-C-1","log.logger":"org.apache.kafka.clients.NetworkClient","service":"skyways","environment":"local","traceId":"${ctx:traceId}"}
{"@timestamp":"2026-05-16T09:18:04.559Z","ecs.version":"1.2.0","log.level":"WARN","message":"[Consumer clientId=consumer-flight-service-group-1, groupId=flight-service-group] Connection to node -1 (localhost/127.0.0.1:29092) could not be established. Node may not be available.","process.thread.name":"org.springframework.kafka.KafkaListenerEndpointContainer#0-0-C-1","log.logger":"org.apache.kafka.clients.NetworkClient","service":"skyways","environment":"local","traceId":"${ctx:traceId}"}
{"@timestamp":"2026-05-16T09:18:04.559Z","ecs.version":"1.2.0","log.level":"WARN","message":"[Consumer clientId=consumer-flight-service-group-1, groupId=flight-service-group] Bootstrap broker localhost:29092 (id: -1 rack: null) disconnected","process.thread.name":"org.springframework.kafka.KafkaListenerEndpointContainer#0-0-C-1","log.logger":"org.apache.kafka.clients.NetworkClient","service":"skyways","environment":"local","traceId":"${ctx:traceId}"}
{"@timestamp":"2026-05-16T09:18:04.826Z","ecs.version":"1.2.0","log.level":"WARN","message":"[Consumer clientId=consumer-flight-service-group-2, groupId=flight-service-group] Connection to node -1 (localhost/127.0.0.1:29092) could not be established. Node may not be available.","process.thread.name":"org.springframework.kafka.KafkaListenerEndpointContainer#1-0-C-1","log.logger":"org.apache.kafka.clients.NetworkClient","service":"skyways","environment":"local","traceId":"${ctx:traceId}"}
{"@timestamp":"2026-05-16T09:18:04.826Z","ecs.version":"1.2.0","log.level":"WARN","message":"[Consumer clientId=consumer-flight-service-group-2, groupId=flight-service-group] Bootstrap broker localhost:29092 (id: -1 rack: null) disconnected","process.thread.name":"org.springframework.kafka.KafkaListenerEndpointContainer#1-0-C-1","log.logger":"org.apache.kafka.clients.NetworkClient","service":"skyways","environment":"local","traceId":"${ctx:traceId}"}
{"@timestamp":"2026-05-16T09:18:05.507Z","ecs.version":"1.2.0","log.level":"WARN","message":"[Consumer clientId=consumer-flight-service-group-1, groupId=flight-service-group] Connection to node -1 (localhost/127.0.0.1:29092) could not be established. Node may not be available.","process.thread.name":"org.springframework.kafka.KafkaListenerEndpointContainer#0-0-C-1","log.logger":"org.apache.kafka.clients.NetworkClient","service":"skyways","environment":"local","traceId":"${ctx:traceId}"}
{"@timestamp":"2026-05-16T09:18:05.507Z","ecs.version":"1.2.0","log.level":"WARN","message":"[Consumer clientId=consumer-flight-service-group-1, groupId=flight-service-group] Bootstrap broker localhost:29092 (id: -1 rack: null) disconnected","process.thread.name":"org.springframework.kafka.KafkaListenerEndpointContainer#0-0-C-1","log.logger":"org.apache.kafka.clients.NetworkClient","service":"skyways","environment":"local","traceId":"${ctx:traceId}"}
{"@timestamp":"2026-05-16T09:18:05.697Z","ecs.version":"1.2.0","log.level":"WARN","message":"[Consumer clientId=consumer-flight-service-group-2, groupId=flight-service-group] Connection to node -1 (localhost/127.0.0.1:29092) could not be established. Node may not be available.","process.thread.name":"org.springframework.kafka.KafkaListenerEndpointContainer#1-0-C-1","log.logger":"org.apache.kafka.clients.NetworkClient","service":"skyways","environment":"local","traceId":"${ctx:traceId}"}
{"@timestamp":"2026-05-16T09:18:05.697Z","ecs.version":"1.2.0","log.level":"WARN","message":"[Consumer clientId=consumer-flight-service-group-2, groupId=flight-service-group] Bootstrap broker localhost:29092 (id: -1 rack: null) disconnected","process.thread.name":"org.springframework.kafka.KafkaListenerEndpointContainer#1-0-C-1","log.logger":"org.apache.kafka.clients.NetworkClient","service":"skyways","environment":"local","traceId":"${ctx:traceId}"}
{"@timestamp":"2026-05-16T09:18:06.453Z","ecs.version":"1.2.0","log.level":"WARN","message":"[Consumer clientId=consumer-flight-service-group-1, groupId=flight-service-group] Connection to node -1 (localhost/127.0.0.1:29092) could not be established. Node may not be available.","process.thread.name":"org.springframework.kafka.KafkaListenerEndpointContainer#0-0-C-1","log.logger":"org.apache.kafka.clients.NetworkClient","service":"skyways","environment":"local","traceId":"${ctx:traceId}"}
{"@timestamp":"2026-05-16T09:18:06.453Z","ecs.version":"1.2.0","log.level":"WARN","message":"[Consumer clientId=consumer-flight-service-group-1, groupId=flight-service-group] Bootstrap broker localhost:29092 (id: -1 rack: null) disconnected","process.thread.name":"org.springframework.kafka.KafkaListenerEndpointContainer#0-0-C-1","log.logger":"org.apache.kafka.clients.NetworkClient","service":"skyways","environment":"local","traceId":"${ctx:traceId}"}
{"@timestamp":"2026-05-16T09:18:06.690Z","ecs.version":"1.2.0","log.level":"WARN","message":"[Consumer clientId=consumer-flight-service-group-2, groupId=flight-service-group] Connection to node -1 (localhost/127.0.0.1:29092) could not be established. Node may not be available.","process.thread.name":"org.springframework.kafka.KafkaListenerEndpointContainer#1-0-C-1","log.logger":"org.apache.kafka.clients.NetworkClient","service":"skyways","environment":"local","traceId":"${ctx:traceId}"}
{"@timestamp":"2026-05-16T09:18:06.690Z","ecs.version":"1.2.0","log.level":"WARN","message":"[Consumer clientId=consumer-flight-service-group-2, groupId=flight-service-group] Bootstrap broker localhost:29092 (id: -1 rack: null) disconnected","process.thread.name":"org.springframework.kafka.KafkaListenerEndpointContainer#1-0-C-1","log.logger":"org.apache.kafka.clients.NetworkClient","service":"skyways","environment":"local","traceId":"${ctx:traceId}"}
{"@timestamp":"2026-05-16T09:18:07.465Z","ecs.version":"1.2.0","log.level":"WARN","message":"[Consumer clientId=consumer-flight-service-group-1, groupId=flight-service-group] Connection to node -1 (localhost/127.0.0.1:29092) could not be established. Node may not be available.","process.thread.name":"org.springframework.kafka.KafkaListenerEndpointContainer#0-0-C-1","log.logger":"org.apache.kafka.clients.NetworkClient","service":"skyways","environment":"local","traceId":"${ctx:traceId}"}
{"@timestamp":"2026-05-16T09:18:07.465Z","ecs.version":"1.2.0","log.level":"WARN","message":"[Consumer clientId=consumer-flight-service-group-1, groupId=flight-service-group] Bootstrap broker localhost:29092 (id: -1 rack: null) disconnected","process.thread.name":"org.springframework.kafka.KafkaListenerEndpointContainer#0-0-C-1","log.logger":"org.apache.kafka.clients.NetworkClient","service":"skyways","environment":"local","traceId":"${ctx:traceId}"}
{"@timestamp":"2026-05-16T09:18:07.527Z","ecs.version":"1.2.0","log.level":"WARN","message":"[Consumer clientId=consumer-flight-service-group-2, groupId=flight-service-group] Connection to node -1 (localhost/127.0.0.1:29092) could not be established. Node may not be available.","process.thread.name":"org.springframework.kafka.KafkaListenerEndpointContainer#1-0-C-1","log.logger":"org.apache.kafka.clients.NetworkClient","service":"skyways","environment":"local","traceId":"${ctx:traceId}"}
{"@timestamp":"2026-05-16T09:18:07.527Z","ecs.version":"1.2.0","log.level":"WARN","message":"[Consumer clientId=consumer-flight-service-group-2, groupId=flight-service-group] Bootstrap broker localhost:29092 (id: -1 rack: null) disconnected","process.thread.name":"org.springframework.kafka.KafkaListenerEndpointContainer#1-0-C-1","log.logger":"org.apache.kafka.clients.NetworkClient","service":"skyways","environment":"local","traceId":"${ctx:traceId}"}
{"@timestamp":"2026-05-16T09:18:08.478Z","ecs.version":"1.2.0","log.level":"WARN","message":"[Consumer clientId=consumer-flight-service-group-2, groupId=flight-service-group] Connection to node -1 (localhost/127.0.0.1:29092) could not be established. Node may not be available.","process.thread.name":"org.springframework.kafka.KafkaListenerEndpointContainer#1-0-C-1","log.logger":"org.apache.kafka.clients.NetworkClient","service":"skyways","environment":"local","traceId":"${ctx:traceId}"}
{"@timestamp":"2026-05-16T09:18:08.478Z","ecs.version":"1.2.0","log.level":"WARN","message":"[Consumer clientId=consumer-flight-service-group-1, groupId=flight-service-group] Connection to node -1 (localhost/127.0.0.1:29092) could not be established. Node may not be available.","process.thread.name":"org.springframework.kafka.KafkaListenerEndpointContainer#0-0-C-1","log.logger":"org.apache.kafka.clients.NetworkClient","service":"skyways","environment":"local","traceId":"${ctx:traceId}"}
{"@timestamp":"2026-05-16T09:18:08.478Z","ecs.version":"1.2.0","log.level":"WARN","message":"[Consumer clientId=consumer-flight-service-group-2, groupId=flight-service-group] Bootstrap broker localhost:29092 (id: -1 rack: null) disconnected","process.thread.name":"org.springframework.kafka.KafkaListenerEndpointContainer#1-0-C-1","log.logger":"org.apache.kafka.clients.NetworkClient","service":"skyways","environment":"local","traceId":"${ctx:traceId}"}
{"@timestamp":"2026-05-16T09:18:08.478Z","ecs.version":"1.2.0","log.level":"WARN","message":"[Consumer clientId=consumer-flight-service-group-1, groupId=flight-service-group] Bootstrap broker localhost:29092 (id: -1 rack: null) disconnected","process.thread.name":"org.springframework.kafka.KafkaListenerEndpointContainer#0-0-C-1","log.logger":"org.apache.kafka.clients.NetworkClient","service":"skyways","environment":"local","traceId":"${ctx:traceId}"}
{"@timestamp":"2026-05-16T09:18:09.486Z","ecs.version":"1.2.0","log.level":"WARN","message":"[Consumer clientId=consumer-flight-service-group-2, groupId=flight-service-group] Connection to node -1 (localhost/127.0.0.1:29092) could not be established. Node may not be available.","process.thread.name":"org.springframework.kafka.KafkaListenerEndpointContainer#1-0-C-1","log.logger":"org.apache.kafka.clients.NetworkClient","service":"skyways","environment":"local","traceId":"${ctx:traceId}"}
{"@timestamp":"2026-05-16T09:18:09.486Z","ecs.version":"1.2.0","log.level":"WARN","message":"[Consumer clientId=consumer-flight-service-group-1, groupId=flight-service-group] Connection to node -1 (localhost/127.0.0.1:29092) could not be established. Node may not be available.","process.thread.name":"org.springframework.kafka.KafkaListenerEndpointContainer#0-0-C-1","log.logger":"org.apache.kafka.clients.NetworkClient","service":"skyways","environment":"local","traceId":"${ctx:traceId}"}
{"@timestamp":"2026-05-16T09:18:09.486Z","ecs.version":"1.2.0","log.level":"WARN","message":"[Consumer clientId=consumer-flight-service-group-1, groupId=flight-service-group] Bootstrap broker localhost:29092 (id: -1 rack: null) disconnected","process.thread.name":"org.springframework.kafka.KafkaListenerEndpointContainer#0-0-C-1","log.logger":"org.apache.kafka.clients.NetworkClient","service":"skyways","environment":"local","traceId":"${ctx:traceId}"}
{"@timestamp":"2026-05-16T09:18:09.486Z","ecs.version":"1.2.0","log.level":"WARN","message":"[Consumer clientId=consumer-flight-service-group-2, groupId=flight-service-group] Bootstrap broker localhost:29092 (id: -1 rack: null) disconnected","process.thread.name":"org.springframework.kafka.KafkaListenerEndpointContainer#1-0-C-1","log.logger":"org.apache.kafka.clients.NetworkClient","service":"skyways","environment":"local","traceId":"${ctx:traceId}"}
{"@timestamp":"2026-05-16T09:18:10.340Z","ecs.version":"1.2.0","log.level":"WARN","message":"[Consumer clientId=consumer-flight-service-group-2, groupId=flight-service-group] Connection to node -1 (localhost/127.0.0.1:29092) could not be established. Node may not be available.","process.thread.name":"org.springframework.kafka.KafkaListenerEndpointContainer#1-0-C-1","log.logger":"org.apache.kafka.clients.NetworkClient","service":"skyways","environment":"local","traceId":"${ctx:traceId}"}
{"@timestamp":"2026-05-16T09:18:10.340Z","ecs.version":"1.2.0","log.level":"WARN","message":"[Consumer clientId=consumer-flight-service-group-2, groupId=flight-service-group] Bootstrap broker localhost:29092 (id: -1 rack: null) disconnected","process.thread.name":"org.springframework.kafka.KafkaListenerEndpointContainer#1-0-C-1","log.logger":"org.apache.kafka.clients.NetworkClient","service":"skyways","environment":"local","traceId":"${ctx:traceId}"}
{"@timestamp":"2026-05-16T09:18:10.498Z","ecs.version":"1.2.0","log.level":"WARN","message":"[Consumer clientId=consumer-flight-service-group-1, groupId=flight-service-group] Connection to node -1 (localhost/127.0.0.1:29092) could not be established. Node may not be available.","process.thread.name":"org.springframework.kafka.KafkaListenerEndpointContainer#0-0-C-1","log.logger":"org.apache.kafka.clients.NetworkClient","service":"skyways","environment":"local","traceId":"${ctx:traceId}"}
{"@timestamp":"2026-05-16T09:18:10.498Z","ecs.version":"1.2.0","log.level":"WARN","message":"[Consumer clientId=consumer-flight-service-group-1, groupId=flight-service-group] Bootstrap broker localhost:29092 (id: -1 rack: null) disconnected","process.thread.name":"org.springframework.kafka.KafkaListenerEndpointContainer#0-0-C-1","log.logger":"org.apache.kafka.clients.NetworkClient","service":"skyways","environment":"local","traceId":"${ctx:traceId}"}
{"@timestamp":"2026-05-16T09:18:11.176Z","ecs.version":"1.2.0","log.level":"WARN","message":"[Consumer clientId=consumer-flight-service-group-2, groupId=flight-service-group] Connection to node -1 (localhost/127.0.0.1:29092) could not be established. Node may not be available.","process.thread.name":"org.springframework.kafka.KafkaListenerEndpointContainer#1-0-C-1","log.logger":"org.apache.kafka.clients.NetworkClient","service":"skyways","environment":"local","traceId":"${ctx:traceId}"}
{"@timestamp":"2026-05-16T09:18:11.177Z","ecs.version":"1.2.0","log.level":"WARN","message":"[Consumer clientId=consumer-flight-service-group-2, groupId=flight-service-group] Bootstrap broker localhost:29092 (id: -1 rack: null) disconnected","process.thread.name":"org.springframework.kafka.KafkaListenerEndpointContainer#1-0-C-1","log.logger":"org.apache.kafka.clients.NetworkClient","service":"skyways","environment":"local","traceId":"${ctx:traceId}"}
{"@timestamp":"2026-05-16T09:18:11.511Z","ecs.version":"1.2.0","log.level":"WARN","message":"[Consumer clientId=consumer-flight-service-group-1, groupId=flight-service-group] Connection to node -1 (localhost/127.0.0.1:29092) could not be established. Node may not be available.","process.thread.name":"org.springframework.kafka.KafkaListenerEndpointContainer#0-0-C-1","log.logger":"org.apache.kafka.clients.NetworkClient","service":"skyways","environment":"local","traceId":"${ctx:traceId}"}
{"@timestamp":"2026-05-16T09:18:11.511Z","ecs.version":"1.2.0","log.level":"WARN","message":"[Consumer clientId=consumer-flight-service-group-1, groupId=flight-service-group] Bootstrap broker localhost:29092 (id: -1 rack: null) disconnected","process.thread.name":"org.springframework.kafka.KafkaListenerEndpointContainer#0-0-C-1","log.logger":"org.apache.kafka.clients.NetworkClient","service":"skyways","environment":"local","traceId":"${ctx:traceId}"}
{"@timestamp":"2026-05-16T09:18:12.190Z","ecs.version":"1.2.0","log.level":"WARN","message":"[Consumer clientId=consumer-flight-service-group-2, groupId=flight-service-group] Connection to node -1 (localhost/127.0.0.1:29092) could not be established. Node may not be available.","process.thread.name":"org.springframework.kafka.KafkaListenerEndpointContainer#1-0-C-1","log.logger":"org.apache.kafka.clients.NetworkClient","service":"skyways","environment":"local","traceId":"${ctx:traceId}"}
{"@timestamp":"2026-05-16T09:18:12.190Z","ecs.version":"1.2.0","log.level":"WARN","message":"[Consumer clientId=consumer-flight-service-group-2, groupId=flight-service-group] Bootstrap broker localhost:29092 (id: -1 rack: null) disconnected","process.thread.name":"org.springframework.kafka.KafkaListenerEndpointContainer#1-0-C-1","log.logger":"org.apache.kafka.clients.NetworkClient","service":"skyways","environment":"local","traceId":"${ctx:traceId}"}
{"@timestamp":"2026-05-16T09:18:12.476Z","ecs.version":"1.2.0","log.level":"WARN","message":"[Consumer clientId=consumer-flight-service-group-1, groupId=flight-service-group] Connection to node -1 (localhost/127.0.0.1:29092) could not be established. Node may not be available.","process.thread.name":"org.springframework.kafka.KafkaListenerEndpointContainer#0-0-C-1","log.logger":"org.apache.kafka.clients.NetworkClient","service":"skyways","environment":"local","traceId":"${ctx:traceId}"}
{"@timestamp":"2026-05-16T09:18:12.476Z","ecs.version":"1.2.0","log.level":"WARN","message":"[Consumer clientId=consumer-flight-service-group-1, groupId=flight-service-group] Bootstrap broker localhost:29092 (id: -1 rack: null) disconnected","process.thread.name":"org.springframework.kafka.KafkaListenerEndpointContainer#0-0-C-1","log.logger":"org.apache.kafka.clients.NetworkClient","service":"skyways","environment":"local","traceId":"${ctx:traceId}"}
{"@timestamp":"2026-05-16T09:18:13.151Z","ecs.version":"1.2.0","log.level":"WARN","message":"[Consumer clientId=consumer-flight-service-group-2, groupId=flight-service-group] Connection to node -1 (localhost/127.0.0.1:29092) could not be established. Node may not be available.","process.thread.name":"org.springframework.kafka.KafkaListenerEndpointContainer#1-0-C-1","log.logger":"org.apache.kafka.clients.NetworkClient","service":"skyways","environment":"local","traceId":"${ctx:traceId}"}
{"@timestamp":"2026-05-16T09:18:13.151Z","ecs.version":"1.2.0","log.level":"WARN","message":"[Consumer clientId=consumer-flight-service-group-2, groupId=flight-service-group] Bootstrap broker localhost:29092 (id: -1 rack: null) disconnected","process.thread.name":"org.springframework.kafka.KafkaListenerEndpointContainer#1-0-C-1","log.logger":"org.apache.kafka.clients.NetworkClient","service":"skyways","environment":"local","traceId":"${ctx:traceId}"}
{"@timestamp":"2026-05-16T09:18:13.373Z","ecs.version":"1.2.0","log.level":"WARN","message":"[Consumer clientId=consumer-flight-service-group-1, groupId=flight-service-group] Connection to node -1 (localhost/127.0.0.1:29092) could not be established. Node may not be available.","process.thread.name":"org.springframework.kafka.KafkaListenerEndpointContainer#0-0-C-1","log.logger":"org.apache.kafka.clients.NetworkClient","service":"skyways","environment":"local","traceId":"${ctx:traceId}"}
{"@timestamp":"2026-05-16T09:18:13.373Z","ecs.version":"1.2.0","log.level":"WARN","message":"[Consumer clientId=consumer-flight-service-group-1, groupId=flight-service-group] Bootstrap broker localhost:29092 (id: -1 rack: null) disconnected","process.thread.name":"org.springframework.kafka.KafkaListenerEndpointContainer#0-0-C-1","log.logger":"org.apache.kafka.clients.NetworkClient","service":"skyways","environment":"local","traceId":"${ctx:traceId}"}
{"@timestamp":"2026-05-16T09:18:14.035Z","ecs.version":"1.2.0","log.level":"WARN","message":"[Consumer clientId=consumer-flight-service-group-2, groupId=flight-service-group] Connection to node -1 (localhost/127.0.0.1:29092) could not be established. Node may not be available.","process.thread.name":"org.springframework.kafka.KafkaListenerEndpointContainer#1-0-C-1","log.logger":"org.apache.kafka.clients.NetworkClient","service":"skyways","environment":"local","traceId":"${ctx:traceId}"}
{"@timestamp":"2026-05-16T09:18:14.035Z","ecs.version":"1.2.0","log.level":"WARN","message":"[Consumer clientId=consumer-flight-service-group-2, groupId=flight-service-group] Bootstrap broker localhost:29092 (id: -1 rack: null) disconnected","process.thread.name":"org.springframework.kafka.KafkaListenerEndpointContainer#1-0-C-1","log.logger":"org.apache.kafka.clients.NetworkClient","service":"skyways","environment":"local","traceId":"${ctx:traceId}"}
{"@timestamp":"2026-05-16T09:18:14.321Z","ecs.version":"1.2.0","log.level":"WARN","message":"[Consumer clientId=consumer-flight-service-group-1, groupId=flight-service-group] Connection to node -1 (localhost/127.0.0.1:29092) could not be established. Node may not be available.","process.thread.name":"org.springframework.kafka.KafkaListenerEndpointContainer#0-0-C-1","log.logger":"org.apache.kafka.clients.NetworkClient","service":"skyways","environment":"local","traceId":"${ctx:traceId}"}
{"@timestamp":"2026-05-16T09:18:14.322Z","ecs.version":"1.2.0","log.level":"WARN","message":"[Consumer clientId=consumer-flight-service-group-1, groupId=flight-service-group] Bootstrap broker localhost:29092 (id: -1 rack: null) disconnected","process.thread.name":"org.springframework.kafka.KafkaListenerEndpointContainer#0-0-C-1","log.logger":"org.apache.kafka.clients.NetworkClient","service":"skyways","environment":"local","traceId":"${ctx:traceId}"}
{"@timestamp":"2026-05-16T09:18:15.047Z","ecs.version":"1.2.0","log.level":"WARN","message":"[Consumer clientId=consumer-flight-service-group-2, groupId=flight-service-group] Connection to node -1 (localhost/127.0.0.1:29092) could not be established. Node may not be available.","process.thread.name":"org.springframework.kafka.KafkaListenerEndpointContainer#1-0-C-1","log.logger":"org.apache.kafka.clients.NetworkClient","service":"skyways","environment":"local","traceId":"${ctx:traceId}"}
{"@timestamp":"2026-05-16T09:18:15.047Z","ecs.version":"1.2.0","log.level":"WARN","message":"[Consumer clientId=consumer-flight-service-group-2, groupId=flight-service-group] Bootstrap broker localhost:29092 (id: -1 rack: null) disconnected","process.thread.name":"org.springframework.kafka.KafkaListenerEndpointContainer#1-0-C-1","log.logger":"org.apache.kafka.clients.NetworkClient","service":"skyways","environment":"local","traceId":"${ctx:traceId}"}
{"@timestamp":"2026-05-16T09:18:15.267Z","ecs.version":"1.2.0","log.level":"WARN","message":"[Consumer clientId=consumer-flight-service-group-1, groupId=flight-service-group] Connection to node -1 (localhost/127.0.0.1:29092) could not be established. Node may not be available.","process.thread.name":"org.springframework.kafka.KafkaListenerEndpointContainer#0-0-C-1","log.logger":"org.apache.kafka.clients.NetworkClient","service":"skyways","environment":"local","traceId":"${ctx:traceId}"}
{"@timestamp":"2026-05-16T09:18:15.267Z","ecs.version":"1.2.0","log.level":"WARN","message":"[Consumer clientId=consumer-flight-service-group-1, groupId=flight-service-group] Bootstrap broker localhost:29092 (id: -1 rack: null) disconnected","process.thread.name":"org.springframework.kafka.KafkaListenerEndpointContainer#0-0-C-1","log.logger":"org.apache.kafka.clients.NetworkClient","service":"skyways","environment":"local","traceId":"${ctx:traceId}"}
{"@timestamp":"2026-05-16T09:18:16.085Z","ecs.version":"1.2.0","log.level":"WARN","message":"[Consumer clientId=consumer-flight-service-group-2, groupId=flight-service-group] Connection to node -1 (localhost/127.0.0.1:29092) could not be established. Node may not be available.","process.thread.name":"org.springframework.kafka.KafkaListenerEndpointContainer#1-0-C-1","log.logger":"org.apache.kafka.clients.NetworkClient","service":"skyways","environment":"local","traceId":"${ctx:traceId}"}
{"@timestamp":"2026-05-16T09:18:16.085Z","ecs.version":"1.2.0","log.level":"WARN","message":"[Consumer clientId=consumer-flight-service-group-2, groupId=flight-service-group] Bootstrap broker localhost:29092 (id: -1 rack: null) disconnected","process.thread.name":"org.springframework.kafka.KafkaListenerEndpointContainer#1-0-C-1","log.logger":"org.apache.kafka.clients.NetworkClient","service":"skyways","environment":"local","traceId":"${ctx:traceId}"}
{"@timestamp":"2026-05-16T09:18:16.291Z","ecs.version":"1.2.0","log.level":"WARN","message":"[Consumer clientId=consumer-flight-service-group-1, groupId=flight-service-group] Connection to node -1 (localhost/127.0.0.1:29092) could not be established. Node may not be available.","process.thread.name":"org.springframework.kafka.KafkaListenerEndpointContainer#0-0-C-1","log.logger":"org.apache.kafka.clients.NetworkClient","service":"skyways","environment":"local","traceId":"${ctx:traceId}"}
{"@timestamp":"2026-05-16T09:18:16.291Z","ecs.version":"1.2.0","log.level":"WARN","message":"[Consumer clientId=consumer-flight-service-group-1, groupId=flight-service-group] Bootstrap broker localhost:29092 (id: -1 rack: null) disconnected","process.thread.name":"org.springframework.kafka.KafkaListenerEndpointContainer#0-0-C-1","log.logger":"org.apache.kafka.clients.NetworkClient","service":"skyways","environment":"local","traceId":"${ctx:traceId}"}
{"@timestamp":"2026-05-16T09:18:17.090Z","ecs.version":"1.2.0","log.level":"WARN","message":"[Consumer clientId=consumer-flight-service-group-2, groupId=flight-service-group] Connection to node -1 (localhost/127.0.0.1:29092) could not be established. Node may not be available.","process.thread.name":"org.springframework.kafka.KafkaListenerEndpointContainer#1-0-C-1","log.logger":"org.apache.kafka.clients.NetworkClient","service":"skyways","environment":"local","traceId":"${ctx:traceId}"}
{"@timestamp":"2026-05-16T09:18:17.090Z","ecs.version":"1.2.0","log.level":"WARN","message":"[Consumer clientId=consumer-flight-service-group-2, groupId=flight-service-group] Bootstrap broker localhost:29092 (id: -1 rack: null) disconnected","process.thread.name":"org.springframework.kafka.KafkaListenerEndpointContainer#1-0-C-1","log.logger":"org.apache.kafka.clients.NetworkClient","service":"skyways","environment":"local","traceId":"${ctx:traceId}"}
{"@timestamp":"2026-05-16T09:18:17.231Z","ecs.version":"1.2.0","log.level":"WARN","message":"[Consumer clientId=consumer-flight-service-group-1, groupId=flight-service-group] Connection to node -1 (localhost/127.0.0.1:29092) could not be established. Node may not be available.","process.thread.name":"org.springframework.kafka.KafkaListenerEndpointContainer#0-0-C-1","log.logger":"org.apache.kafka.clients.NetworkClient","service":"skyways","environment":"local","traceId":"${ctx:traceId}"}
{"@timestamp":"2026-05-16T09:18:17.231Z","ecs.version":"1.2.0","log.level":"WARN","message":"[Consumer clientId=consumer-flight-service-group-1, groupId=flight-service-group] Bootstrap broker localhost:29092 (id: -1 rack: null) disconnected","process.thread.name":"org.springframework.kafka.KafkaListenerEndpointContainer#0-0-C-1","log.logger":"org.apache.kafka.clients.NetworkClient","service":"skyways","environment":"local","traceId":"${ctx:traceId}"}
{"@timestamp":"2026-05-16T09:18:18.052Z","ecs.version":"1.2.0","log.level":"WARN","message":"[Consumer clientId=consumer-flight-service-group-2, groupId=flight-service-group] Connection to node -1 (localhost/127.0.0.1:29092) could not be established. Node may not be available.","process.thread.name":"org.springframework.kafka.KafkaListenerEndpointContainer#1-0-C-1","log.logger":"org.apache.kafka.clients.NetworkClient","service":"skyways","environment":"local","traceId":"${ctx:traceId}"}
{"@timestamp":"2026-05-16T09:18:18.053Z","ecs.version":"1.2.0","log.level":"WARN","message":"[Consumer clientId=consumer-flight-service-group-2, groupId=flight-service-group] Bootstrap broker localhost:29092 (id: -1 rack: null) disconnected","process.thread.name":"org.springframework.kafka.KafkaListenerEndpointContainer#1-0-C-1","log.logger":"org.apache.kafka.clients.NetworkClient","service":"skyways","environment":"local","traceId":"${ctx:traceId}"}
{"@timestamp":"2026-05-16T09:18:18.179Z","ecs.version":"1.2.0","log.level":"WARN","message":"[Consumer clientId=consumer-flight-service-group-1, groupId=flight-service-group] Connection to node -1 (localhost/127.0.0.1:29092) could not be established. Node may not be available.","process.thread.name":"org.springframework.kafka.KafkaListenerEndpointContainer#0-0-C-1","log.logger":"org.apache.kafka.clients.NetworkClient","service":"skyways","environment":"local","traceId":"${ctx:traceId}"}
{"@timestamp":"2026-05-16T09:18:18.179Z","ecs.version":"1.2.0","log.level":"WARN","message":"[Consumer clientId=consumer-flight-service-group-1, groupId=flight-service-group] Bootstrap broker localhost:29092 (id: -1 rack: null) disconnected","process.thread.name":"org.springframework.kafka.KafkaListenerEndpointContainer#0-0-C-1","log.logger":"org.apache.kafka.clients.NetworkClient","service":"skyways","environment":"local","traceId":"${ctx:traceId}"}
{"@timestamp":"2026-05-16T09:18:19.051Z","ecs.version":"1.2.0","log.level":"WARN","message":"[Consumer clientId=consumer-flight-service-group-1, groupId=flight-service-group] Connection to node -1 (localhost/127.0.0.1:29092) could not be established. Node may not be available.","process.thread.name":"org.springframework.kafka.KafkaListenerEndpointContainer#0-0-C-1","log.logger":"org.apache.kafka.clients.NetworkClient","service":"skyways","environment":"local","traceId":"${ctx:traceId}"}
{"@timestamp":"2026-05-16T09:18:19.052Z","ecs.version":"1.2.0","log.level":"WARN","message":"[Consumer clientId=consumer-flight-service-group-1, groupId=flight-service-group] Bootstrap broker localhost:29092 (id: -1 rack: null) disconnected","process.thread.name":"org.springframework.kafka.KafkaListenerEndpointContainer#0-0-C-1","log.logger":"org.apache.kafka.clients.NetworkClient","service":"skyways","environment":"local","traceId":"${ctx:traceId}"}
{"@timestamp":"2026-05-16T09:18:19.115Z","ecs.version":"1.2.0","log.level":"WARN","message":"[Consumer clientId=consumer-flight-service-group-2, groupId=flight-service-group] Connection to node -1 (localhost/127.0.0.1:29092) could not be established. Node may not be available.","process.thread.name":"org.springframework.kafka.KafkaListenerEndpointContainer#1-0-C-1","log.logger":"org.apache.kafka.clients.NetworkClient","service":"skyways","environment":"local","traceId":"${ctx:traceId}"}
{"@timestamp":"2026-05-16T09:18:19.115Z","ecs.version":"1.2.0","log.level":"WARN","message":"[Consumer clientId=consumer-flight-service-group-2, groupId=flight-service-group] Bootstrap broker localhost:29092 (id: -1 rack: null) disconnected","process.thread.name":"org.springframework.kafka.KafkaListenerEndpointContainer#1-0-C-1","log.logger":"org.apache.kafka.clients.NetworkClient","service":"skyways","environment":"local","traceId":"${ctx:traceId}"}
{"@timestamp":"2026-05-16T09:18:19.194Z","ecs.version":"1.2.0","log.level":"WARN","message":"Request execution failed with message: I/O error on GET request for \"http://localhost:8761/eureka/apps/\": Connect to http://localhost:8761 [localhost/127.0.0.1, localhost/0:0:0:0:0:0:0:1] failed: Connection refused: no further information","process.thread.name":"DiscoveryClient-CacheRefreshExecutor-0","log.logger":"com.netflix.discovery.shared.transport.decorator.RetryableEurekaHttpClient","service":"skyways","environment":"local","traceId":"${ctx:traceId}"}
{"@timestamp":"2026-05-16T09:18:19.194Z","ecs.version":"1.2.0","log.level":"WARN","message":"Request execution failed with message: I/O error on PUT request for \"http://localhost:8761/eureka/apps/SKYWAYS-FLIGHT-SERVICE/DESKTOP-S0AUF4J:skyways-flight-service:8082\": Connect to http://localhost:8761 [localhost/127.0.0.1, localhost/0:0:0:0:0:0:0:1] failed: Connection refused: no further information","process.thread.name":"DiscoveryClient-HeartbeatExecutor-0","log.logger":"com.netflix.discovery.shared.transport.decorator.RetryableEurekaHttpClient","service":"skyways","environment":"local","traceId":"${ctx:traceId}"}
{"@timestamp":"2026-05-16T09:18:19.194Z","ecs.version":"1.2.0","log.level":"ERROR","message":"DiscoveryClient_SKYWAYS-FLIGHT-SERVICE/DESKTOP-S0AUF4J:skyways-flight-service:8082 - was unable to send heartbeat!","process.thread.name":"DiscoveryClient-HeartbeatExecutor-0","log.logger":"com.netflix.discovery.DiscoveryClient","error.type":"com.netflix.discovery.shared.transport.TransportException","error.message":"Cannot execute request on any known server","error.stack_trace":"com.netflix.discovery.shared.transport.TransportException: Cannot execute request on any known server\r\n\tat com.netflix.discovery.shared.transport.decorator.RetryableEurekaHttpClient.execute(RetryableEurekaHttpClient.java:112)\r\n\tat com.netflix.discovery.shared.transport.decorator.EurekaHttpClientDecorator.sendHeartBeat(EurekaHttpClientDecorator.java:89)\r\n\tat com.netflix.discovery.shared.transport.decorator.EurekaHttpClientDecorator$3.execute(EurekaHttpClientDecorator.java:92)\r\n\tat com.netflix.discovery.shared.transport.decorator.SessionedEurekaHttpClient.execute(SessionedEurekaHttpClient.java:77)\r\n\tat com.netflix.discovery.shared.transport.decorator.EurekaHttpClientDecorator.sendHeartBeat(EurekaHttpClientDecorator.java:89)\r\n\tat com.netflix.discovery.DiscoveryClient.renew(DiscoveryClient.java:837)\r\n\tat com.netflix.discovery.DiscoveryClient$HeartbeatThread.run(DiscoveryClient.java:1401)\r\n\tat java.base/java.util.concurrent.Executors$RunnableAdapter.call(Executors.java:539)\r\n\tat java.base/java.util.concurrent.FutureTask.run(FutureTask.java:264)\r\n\tat java.base/java.util.concurrent.ThreadPoolExecutor.runWorker(ThreadPoolExecutor.java:1136)\r\n\tat java.base/java.util.concurrent.ThreadPoolExecutor$Worker.run(ThreadPoolExecutor.java:635)\r\n\tat java.base/java.lang.Thread.run(Thread.java:842)\r\n","service":"skyways","environment":"local","traceId":"${ctx:traceId}"}
{"@timestamp":"2026-05-16T09:18:19.351Z","ecs.version":"1.2.0","log.level":"WARN","message":"Request execution failed with message: I/O error on POST request for \"http://localhost:8761/eureka/apps/SKYWAYS-FLIGHT-SERVICE\": Connect to http://localhost:8761 [localhost/127.0.0.1, localhost/0:0:0:0:0:0:0:1] failed: Connection refused: no further information","process.thread.name":"DiscoveryClient-InstanceInfoReplicator-0","log.logger":"com.netflix.discovery.shared.transport.decorator.RetryableEurekaHttpClient","service":"skyways","environment":"local","traceId":"${ctx:traceId}"}
{"@timestamp":"2026-05-16T09:18:19.351Z","ecs.version":"1.2.0","log.level":"WARN","message":"DiscoveryClient_SKYWAYS-FLIGHT-SERVICE/DESKTOP-S0AUF4J:skyways-flight-service:8082 - registration failed Cannot execute request on any known server","process.thread.name":"DiscoveryClient-InstanceInfoReplicator-0","log.logger":"com.netflix.discovery.DiscoveryClient","error.type":"com.netflix.discovery.shared.transport.TransportException","error.message":"Cannot execute request on any known server","error.stack_trace":"com.netflix.discovery.shared.transport.TransportException: Cannot execute request on any known server\r\n\tat com.netflix.discovery.shared.transport.decorator.RetryableEurekaHttpClient.execute(RetryableEurekaHttpClient.java:112)\r\n\tat com.netflix.discovery.shared.transport.decorator.EurekaHttpClientDecorator.register(EurekaHttpClientDecorator.java:56)\r\n\tat com.netflix.discovery.shared.transport.decorator.EurekaHttpClientDecorator$1.execute(EurekaHttpClientDecorator.java:59)\r\n\tat com.netflix.discovery.shared.transport.decorator.SessionedEurekaHttpClient.execute(SessionedEurekaHttpClient.java:77)\r\n\tat com.netflix.discovery.shared.transport.decorator.EurekaHttpClientDecorator.register(EurekaHttpClientDecorator.java:56)\r\n\tat com.netflix.discovery.DiscoveryClient.register(DiscoveryClient.java:820)\r\n\tat com.netflix.discovery.InstanceInfoReplicator.run(InstanceInfoReplicator.java:121)\r\n\tat java.base/java.util.concurrent.Executors$RunnableAdapter.call(Executors.java:539)\r\n\tat java.base/java.util.concurrent.FutureTask.run(FutureTask.java:264)\r\n\tat java.base/java.util.concurrent.ScheduledThreadPoolExecutor$ScheduledFutureTask.run(ScheduledThreadPoolExecutor.java:304)\r\n\tat java.base/java.util.concurrent.ThreadPoolExecutor.runWorker(ThreadPoolExecutor.java:1136)\r\n\tat java.base/java.util.concurrent.ThreadPoolExecutor$Worker.run(ThreadPoolExecutor.java:635)\r\n\tat java.base/java.lang.Thread.run(Thread.java:842)\r\n","service":"skyways","environment":"local","traceId":"${ctx:traceId}"}
{"@timestamp":"2026-05-16T09:18:19.351Z","ecs.version":"1.2.0","log.level":"WARN","message":"There was a problem with the instance info replicator","process.thread.name":"DiscoveryClient-InstanceInfoReplicator-0","log.logger":"com.netflix.discovery.InstanceInfoReplicator","error.type":"com.netflix.discovery.shared.transport.TransportException","error.message":"Cannot execute request on any known server","error.stack_trace":"com.netflix.discovery.shared.transport.TransportException: Cannot execute request on any known server\r\n\tat com.netflix.discovery.shared.transport.decorator.RetryableEurekaHttpClient.execute(RetryableEurekaHttpClient.java:112)\r\n\tat com.netflix.discovery.shared.transport.decorator.EurekaHttpClientDecorator.register(EurekaHttpClientDecorator.java:56)\r\n\tat com.netflix.discovery.shared.transport.decorator.EurekaHttpClientDecorator$1.execute(EurekaHttpClientDecorator.java:59)\r\n\tat com.netflix.discovery.shared.transport.decorator.SessionedEurekaHttpClient.execute(SessionedEurekaHttpClient.java:77)\r\n\tat com.netflix.discovery.shared.transport.decorator.EurekaHttpClientDecorator.register(EurekaHttpClientDecorator.java:56)\r\n\tat com.netflix.discovery.DiscoveryClient.register(DiscoveryClient.java:820)\r\n\tat com.netflix.discovery.InstanceInfoReplicator.run(InstanceInfoReplicator.java:121)\r\n\tat java.base/java.util.concurrent.Executors$RunnableAdapter.call(Executors.java:539)\r\n\tat java.base/java.util.concurrent.FutureTask.run(FutureTask.java:264)\r\n\tat java.base/java.util.concurrent.ScheduledThreadPoolExecutor$ScheduledFutureTask.run(ScheduledThreadPoolExecutor.java:304)\r\n\tat java.base/java.util.concurrent.ThreadPoolExecutor.runWorker(ThreadPoolExecutor.java:1136)\r\n\tat java.base/java.util.concurrent.ThreadPoolExecutor$Worker.run(ThreadPoolExecutor.java:635)\r\n\tat java.base/java.lang.Thread.run(Thread.java:842)\r\n","service":"skyways","environment":"local","traceId":"${ctx:traceId}"}
{"@timestamp":"2026-05-16T09:18:19.934Z","ecs.version":"1.2.0","log.level":"WARN","message":"[Consumer clientId=consumer-flight-service-group-1, groupId=flight-service-group] Connection to node -1 (localhost/127.0.0.1:29092) could not be established. Node may not be available.","process.thread.name":"org.springframework.kafka.KafkaListenerEndpointContainer#0-0-C-1","log.logger":"org.apache.kafka.clients.NetworkClient","service":"skyways","environment":"local","traceId":"${ctx:traceId}"}
{"@timestamp":"2026-05-16T09:18:19.934Z","ecs.version":"1.2.0","log.level":"WARN","message":"[Consumer clientId=consumer-flight-service-group-1, groupId=flight-service-group] Bootstrap broker localhost:29092 (id: -1 rack: null) disconnected","process.thread.name":"org.springframework.kafka.KafkaListenerEndpointContainer#0-0-C-1","log.logger":"org.apache.kafka.clients.NetworkClient","service":"skyways","environment":"local","traceId":"${ctx:traceId}"}
{"@timestamp":"2026-05-16T09:18:19.949Z","ecs.version":"1.2.0","log.level":"WARN","message":"[Consumer clientId=consumer-flight-service-group-2, groupId=flight-service-group] Connection to node -1 (localhost/127.0.0.1:29092) could not be established. Node may not be available.","process.thread.name":"org.springframework.kafka.KafkaListenerEndpointContainer#1-0-C-1","log.logger":"org.apache.kafka.clients.NetworkClient","service":"skyways","environment":"local","traceId":"${ctx:traceId}"}
{"@timestamp":"2026-05-16T09:18:19.949Z","ecs.version":"1.2.0","log.level":"WARN","message":"[Consumer clientId=consumer-flight-service-group-2, groupId=flight-service-group] Bootstrap broker localhost:29092 (id: -1 rack: null) disconnected","process.thread.name":"org.springframework.kafka.KafkaListenerEndpointContainer#1-0-C-1","log.logger":"org.apache.kafka.clients.NetworkClient","service":"skyways","environment":"local","traceId":"${ctx:traceId}"}
{"@timestamp":"2026-05-16T09:18:20.848Z","ecs.version":"1.2.0","log.level":"WARN","message":"[Consumer clientId=consumer-flight-service-group-2, groupId=flight-service-group] Connection to node -1 (localhost/127.0.0.1:29092) could not be established. Node may not be available.","process.thread.name":"org.springframework.kafka.KafkaListenerEndpointContainer#1-0-C-1","log.logger":"org.apache.kafka.clients.NetworkClient","service":"skyways","environment":"local","traceId":"${ctx:traceId}"}
{"@timestamp":"2026-05-16T09:18:20.848Z","ecs.version":"1.2.0","log.level":"WARN","message":"[Consumer clientId=consumer-flight-service-group-2, groupId=flight-service-group] Bootstrap broker localhost:29092 (id: -1 rack: null) disconnected","process.thread.name":"org.springframework.kafka.KafkaListenerEndpointContainer#1-0-C-1","log.logger":"org.apache.kafka.clients.NetworkClient","service":"skyways","environment":"local","traceId":"${ctx:traceId}"}
{"@timestamp":"2026-05-16T09:18:20.925Z","ecs.version":"1.2.0","log.level":"WARN","message":"[Consumer clientId=consumer-flight-service-group-1, groupId=flight-service-group] Connection to node -1 (localhost/127.0.0.1:29092) could not be established. Node may not be available.","process.thread.name":"org.springframework.kafka.KafkaListenerEndpointContainer#0-0-C-1","log.logger":"org.apache.kafka.clients.NetworkClient","service":"skyways","environment":"local","traceId":"${ctx:traceId}"}
{"@timestamp":"2026-05-16T09:18:20.925Z","ecs.version":"1.2.0","log.level":"WARN","message":"[Consumer clientId=consumer-flight-service-group-1, groupId=flight-service-group] Bootstrap broker localhost:29092 (id: -1 rack: null) disconnected","process.thread.name":"org.springframework.kafka.KafkaListenerEndpointContainer#0-0-C-1","log.logger":"org.apache.kafka.clients.NetworkClient","service":"skyways","environment":"local","traceId":"${ctx:traceId}"}
{"@timestamp":"2026-05-16T09:18:21.743Z","ecs.version":"1.2.0","log.level":"WARN","message":"[Consumer clientId=consumer-flight-service-group-2, groupId=flight-service-group] Connection to node -1 (localhost/127.0.0.1:29092) could not be established. Node may not be available.","process.thread.name":"org.springframework.kafka.KafkaListenerEndpointContainer#1-0-C-1","log.logger":"org.apache.kafka.clients.NetworkClient","service":"skyways","environment":"local","traceId":"${ctx:traceId}"}
{"@timestamp":"2026-05-16T09:18:21.743Z","ecs.version":"1.2.0","log.level":"WARN","message":"[Consumer clientId=consumer-flight-service-group-2, groupId=flight-service-group] Bootstrap broker localhost:29092 (id: -1 rack: null) disconnected","process.thread.name":"org.springframework.kafka.KafkaListenerEndpointContainer#1-0-C-1","log.logger":"org.apache.kafka.clients.NetworkClient","service":"skyways","environment":"local","traceId":"${ctx:traceId}"}
{"@timestamp":"2026-05-16T09:18:21.933Z","ecs.version":"1.2.0","log.level":"WARN","message":"[Consumer clientId=consumer-flight-service-group-1, groupId=flight-service-group] Connection to node -1 (localhost/127.0.0.1:29092) could not be established. Node may not be available.","process.thread.name":"org.springframework.kafka.KafkaListenerEndpointContainer#0-0-C-1","log.logger":"org.apache.kafka.clients.NetworkClient","service":"skyways","environment":"local","traceId":"${ctx:traceId}"}
{"@timestamp":"2026-05-16T09:18:21.933Z","ecs.version":"1.2.0","log.level":"WARN","message":"[Consumer clientId=consumer-flight-service-group-1, groupId=flight-service-group] Bootstrap broker localhost:29092 (id: -1 rack: null) disconnected","process.thread.name":"org.springframework.kafka.KafkaListenerEndpointContainer#0-0-C-1","log.logger":"org.apache.kafka.clients.NetworkClient","service":"skyways","environment":"local","traceId":"${ctx:traceId}"}
{"@timestamp":"2026-05-16T09:18:22.753Z","ecs.version":"1.2.0","log.level":"WARN","message":"[Consumer clientId=consumer-flight-service-group-2, groupId=flight-service-group] Connection to node -1 (localhost/127.0.0.1:29092) could not be established. Node may not be available.","process.thread.name":"org.springframework.kafka.KafkaListenerEndpointContainer#1-0-C-1","log.logger":"org.apache.kafka.clients.NetworkClient","service":"skyways","environment":"local","traceId":"${ctx:traceId}"}
{"@timestamp":"2026-05-16T09:18:22.753Z","ecs.version":"1.2.0","log.level":"WARN","message":"[Consumer clientId=consumer-flight-service-group-2, groupId=flight-service-group] Bootstrap broker localhost:29092 (id: -1 rack: null) disconnected","process.thread.name":"org.springframework.kafka.KafkaListenerEndpointContainer#1-0-C-1","log.logger":"org.apache.kafka.clients.NetworkClient","service":"skyways","environment":"local","traceId":"${ctx:traceId}"}
{"@timestamp":"2026-05-16T09:18:22.942Z","ecs.version":"1.2.0","log.level":"WARN","message":"[Consumer clientId=consumer-flight-service-group-1, groupId=flight-service-group] Connection to node -1 (localhost/127.0.0.1:29092) could not be established. Node may not be available.","process.thread.name":"org.springframework.kafka.KafkaListenerEndpointContainer#0-0-C-1","log.logger":"org.apache.kafka.clients.NetworkClient","service":"skyways","environment":"local","traceId":"${ctx:traceId}"}
{"@timestamp":"2026-05-16T09:18:22.942Z","ecs.version":"1.2.0","log.level":"WARN","message":"[Consumer clientId=consumer-flight-service-group-1, groupId=flight-service-group] Bootstrap broker localhost:29092 (id: -1 rack: null) disconnected","process.thread.name":"org.springframework.kafka.KafkaListenerEndpointContainer#0-0-C-1","log.logger":"org.apache.kafka.clients.NetworkClient","service":"skyways","environment":"local","traceId":"${ctx:traceId}"}
{"@timestamp":"2026-05-16T09:18:23.760Z","ecs.version":"1.2.0","log.level":"WARN","message":"[Consumer clientId=consumer-flight-service-group-2, groupId=flight-service-group] Connection to node -1 (localhost/127.0.0.1:29092) could not be established. Node may not be available.","process.thread.name":"org.springframework.kafka.KafkaListenerEndpointContainer#1-0-C-1","log.logger":"org.apache.kafka.clients.NetworkClient","service":"skyways","environment":"local","traceId":"${ctx:traceId}"}
{"@timestamp":"2026-05-16T09:18:23.760Z","ecs.version":"1.2.0","log.level":"WARN","message":"[Consumer clientId=consumer-flight-service-group-2, groupId=flight-service-group] Bootstrap broker localhost:29092 (id: -1 rack: null) disconnected","process.thread.name":"org.springframework.kafka.KafkaListenerEndpointContainer#1-0-C-1","log.logger":"org.apache.kafka.clients.NetworkClient","service":"skyways","environment":"local","traceId":"${ctx:traceId}"}
{"@timestamp":"2026-05-16T09:18:23.950Z","ecs.version":"1.2.0","log.level":"WARN","message":"[Consumer clientId=consumer-flight-service-group-1, groupId=flight-service-group] Connection to node -1 (localhost/127.0.0.1:29092) could not be established. Node may not be available.","process.thread.name":"org.springframework.kafka.KafkaListenerEndpointContainer#0-0-C-1","log.logger":"org.apache.kafka.clients.NetworkClient","service":"skyways","environment":"local","traceId":"${ctx:traceId}"}
{"@timestamp":"2026-05-16T09:18:23.950Z","ecs.version":"1.2.0","log.level":"WARN","message":"[Consumer clientId=consumer-flight-service-group-1, groupId=flight-service-group] Bootstrap broker localhost:29092 (id: -1 rack: null) disconnected","process.thread.name":"org.springframework.kafka.KafkaListenerEndpointContainer#0-0-C-1","log.logger":"org.apache.kafka.clients.NetworkClient","service":"skyways","environment":"local","traceId":"${ctx:traceId}"}
{"@timestamp":"2026-05-16T09:18:24.772Z","ecs.version":"1.2.0","log.level":"WARN","message":"[Consumer clientId=consumer-flight-service-group-2, groupId=flight-service-group] Connection to node -1 (localhost/127.0.0.1:29092) could not be established. Node may not be available.","process.thread.name":"org.springframework.kafka.KafkaListenerEndpointContainer#1-0-C-1","log.logger":"org.apache.kafka.clients.NetworkClient","service":"skyways","environment":"local","traceId":"${ctx:traceId}"}
{"@timestamp":"2026-05-16T09:18:24.772Z","ecs.version":"1.2.0","log.level":"WARN","message":"[Consumer clientId=consumer-flight-service-group-2, groupId=flight-service-group] Bootstrap broker localhost:29092 (id: -1 rack: null) disconnected","process.thread.name":"org.springframework.kafka.KafkaListenerEndpointContainer#1-0-C-1","log.logger":"org.apache.kafka.clients.NetworkClient","service":"skyways","environment":"local","traceId":"${ctx:traceId}"}
{"@timestamp":"2026-05-16T09:18:24.978Z","ecs.version":"1.2.0","log.level":"WARN","message":"[Consumer clientId=consumer-flight-service-group-1, groupId=flight-service-group] Connection to node -1 (localhost/127.0.0.1:29092) could not be established. Node may not be available.","process.thread.name":"org.springframework.kafka.KafkaListenerEndpointContainer#0-0-C-1","log.logger":"org.apache.kafka.clients.NetworkClient","service":"skyways","environment":"local","traceId":"${ctx:traceId}"}
{"@timestamp":"2026-05-16T09:18:24.978Z","ecs.version":"1.2.0","log.level":"WARN","message":"[Consumer clientId=consumer-flight-service-group-1, groupId=flight-service-group] Bootstrap broker localhost:29092 (id: -1 rack: null) disconnected","process.thread.name":"org.springframework.kafka.KafkaListenerEndpointContainer#0-0-C-1","log.logger":"org.apache.kafka.clients.NetworkClient","service":"skyways","environment":"local","traceId":"${ctx:traceId}"}
{"@timestamp":"2026-05-16T09:18:25.732Z","ecs.version":"1.2.0","log.level":"WARN","message":"[Consumer clientId=consumer-flight-service-group-2, groupId=flight-service-group] Connection to node -1 (localhost/127.0.0.1:29092) could not be established. Node may not be available.","process.thread.name":"org.springframework.kafka.KafkaListenerEndpointContainer#1-0-C-1","log.logger":"org.apache.kafka.clients.NetworkClient","service":"skyways","environment":"local","traceId":"${ctx:traceId}"}
{"@timestamp":"2026-05-16T09:18:25.732Z","ecs.version":"1.2.0","log.level":"WARN","message":"[Consumer clientId=consumer-flight-service-group-2, groupId=flight-service-group] Bootstrap broker localhost:29092 (id: -1 rack: null) disconnected","process.thread.name":"org.springframework.kafka.KafkaListenerEndpointContainer#1-0-C-1","log.logger":"org.apache.kafka.clients.NetworkClient","service":"skyways","environment":"local","traceId":"${ctx:traceId}"}
{"@timestamp":"2026-05-16T09:18:26.018Z","ecs.version":"1.2.0","log.level":"WARN","message":"[Consumer clientId=consumer-flight-service-group-1, groupId=flight-service-group] Connection to node -1 (localhost/127.0.0.1:29092) could not be established. Node may not be available.","process.thread.name":"org.springframework.kafka.KafkaListenerEndpointContainer#0-0-C-1","log.logger":"org.apache.kafka.clients.NetworkClient","service":"skyways","environment":"local","traceId":"${ctx:traceId}"}
{"@timestamp":"2026-05-16T09:18:26.018Z","ecs.version":"1.2.0","log.level":"WARN","message":"[Consumer clientId=consumer-flight-service-group-1, groupId=flight-service-group] Bootstrap broker localhost:29092 (id: -1 rack: null) disconnected","process.thread.name":"org.springframework.kafka.KafkaListenerEndpointContainer#0-0-C-1","log.logger":"org.apache.kafka.clients.NetworkClient","service":"skyways","environment":"local","traceId":"${ctx:traceId}"}
{"@timestamp":"2026-05-16T09:18:26.728Z","ecs.version":"1.2.0","log.level":"WARN","message":"[Consumer clientId=consumer-flight-service-group-2, groupId=flight-service-group] Connection to node -1 (localhost/127.0.0.1:29092) could not be established. Node may not be available.","process.thread.name":"org.springframework.kafka.KafkaListenerEndpointContainer#1-0-C-1","log.logger":"org.apache.kafka.clients.NetworkClient","service":"skyways","environment":"local","traceId":"${ctx:traceId}"}
{"@timestamp":"2026-05-16T09:18:26.728Z","ecs.version":"1.2.0","log.level":"WARN","message":"[Consumer clientId=consumer-flight-service-group-2, groupId=flight-service-group] Bootstrap broker localhost:29092 (id: -1 rack: null) disconnected","process.thread.name":"org.springframework.kafka.KafkaListenerEndpointContainer#1-0-C-1","log.logger":"org.apache.kafka.clients.NetworkClient","service":"skyways","environment":"local","traceId":"${ctx:traceId}"}
{"@timestamp":"2026-05-16T09:18:26.963Z","ecs.version":"1.2.0","log.level":"WARN","message":"[Consumer clientId=consumer-flight-service-group-1, groupId=flight-service-group] Connection to node -1 (localhost/127.0.0.1:29092) could not be established. Node may not be available.","process.thread.name":"org.springframework.kafka.KafkaListenerEndpointContainer#0-0-C-1","log.logger":"org.apache.kafka.clients.NetworkClient","service":"skyways","environment":"local","traceId":"${ctx:traceId}"}
{"@timestamp":"2026-05-16T09:18:26.963Z","ecs.version":"1.2.0","log.level":"WARN","message":"[Consumer clientId=consumer-flight-service-group-1, groupId=flight-service-group] Bootstrap broker localhost:29092 (id: -1 rack: null) disconnected","process.thread.name":"org.springframework.kafka.KafkaListenerEndpointContainer#0-0-C-1","log.logger":"org.apache.kafka.clients.NetworkClient","service":"skyways","environment":"local","traceId":"${ctx:traceId}"}
{"@timestamp":"2026-05-16T09:18:27.730Z","ecs.version":"1.2.0","log.level":"WARN","message":"[Consumer clientId=consumer-flight-service-group-2, groupId=flight-service-group] Connection to node -1 (localhost/127.0.0.1:29092) could not be established. Node may not be available.","process.thread.name":"org.springframework.kafka.KafkaListenerEndpointContainer#1-0-C-1","log.logger":"org.apache.kafka.clients.NetworkClient","service":"skyways","environment":"local","traceId":"${ctx:traceId}"}
{"@timestamp":"2026-05-16T09:18:27.730Z","ecs.version":"1.2.0","log.level":"WARN","message":"[Consumer clientId=consumer-flight-service-group-2, groupId=flight-service-group] Bootstrap broker localhost:29092 (id: -1 rack: null) disconnected","process.thread.name":"org.springframework.kafka.KafkaListenerEndpointContainer#1-0-C-1","log.logger":"org.apache.kafka.clients.NetworkClient","service":"skyways","environment":"local","traceId":"${ctx:traceId}"}
{"@timestamp":"2026-05-16T09:18:27.968Z","ecs.version":"1.2.0","log.level":"WARN","message":"[Consumer clientId=consumer-flight-service-group-1, groupId=flight-service-group] Connection to node -1 (localhost/127.0.0.1:29092) could not be established. Node may not be available.","process.thread.name":"org.springframework.kafka.KafkaListenerEndpointContainer#0-0-C-1","log.logger":"org.apache.kafka.clients.NetworkClient","service":"skyways","environment":"local","traceId":"${ctx:traceId}"}
{"@timestamp":"2026-05-16T09:18:27.968Z","ecs.version":"1.2.0","log.level":"WARN","message":"[Consumer clientId=consumer-flight-service-group-1, groupId=flight-service-group] Bootstrap broker localhost:29092 (id: -1 rack: null) disconnected","process.thread.name":"org.springframework.kafka.KafkaListenerEndpointContainer#0-0-C-1","log.logger":"org.apache.kafka.clients.NetworkClient","service":"skyways","environment":"local","traceId":"${ctx:traceId}"}
{"@timestamp":"2026-05-16T09:18:28.735Z","ecs.version":"1.2.0","log.level":"WARN","message":"[Consumer clientId=consumer-flight-service-group-2, groupId=flight-service-group] Connection to node -1 (localhost/127.0.0.1:29092) could not be established. Node may not be available.","process.thread.name":"org.springframework.kafka.KafkaListenerEndpointContainer#1-0-C-1","log.logger":"org.apache.kafka.clients.NetworkClient","service":"skyways","environment":"local","traceId":"${ctx:traceId}"}
{"@timestamp":"2026-05-16T09:18:28.735Z","ecs.version":"1.2.0","log.level":"WARN","message":"[Consumer clientId=consumer-flight-service-group-2, groupId=flight-service-group] Bootstrap broker localhost:29092 (id: -1 rack: null) disconnected","process.thread.name":"org.springframework.kafka.KafkaListenerEndpointContainer#1-0-C-1","log.logger":"org.apache.kafka.clients.NetworkClient","service":"skyways","environment":"local","traceId":"${ctx:traceId}"}
{"@timestamp":"2026-05-16T09:18:28.973Z","ecs.version":"1.2.0","log.level":"WARN","message":"[Consumer clientId=consumer-flight-service-group-1, groupId=flight-service-group] Connection to node -1 (localhost/127.0.0.1:29092) could not be established. Node may not be available.","process.thread.name":"org.springframework.kafka.KafkaListenerEndpointContainer#0-0-C-1","log.logger":"org.apache.kafka.clients.NetworkClient","service":"skyways","environment":"local","traceId":"${ctx:traceId}"}
{"@timestamp":"2026-05-16T09:18:28.973Z","ecs.version":"1.2.0","log.level":"WARN","message":"[Consumer clientId=consumer-flight-service-group-1, groupId=flight-service-group] Bootstrap broker localhost:29092 (id: -1 rack: null) disconnected","process.thread.name":"org.springframework.kafka.KafkaListenerEndpointContainer#0-0-C-1","log.logger":"org.apache.kafka.clients.NetworkClient","service":"skyways","environment":"local","traceId":"${ctx:traceId}"}
{"@timestamp":"2026-05-16T09:18:29.743Z","ecs.version":"1.2.0","log.level":"WARN","message":"[Consumer clientId=consumer-flight-service-group-2, groupId=flight-service-group] Connection to node -1 (localhost/127.0.0.1:29092) could not be established. Node may not be available.","process.thread.name":"org.springframework.kafka.KafkaListenerEndpointContainer#1-0-C-1","log.logger":"org.apache.kafka.clients.NetworkClient","service":"skyways","environment":"local","traceId":"${ctx:traceId}"}
{"@timestamp":"2026-05-16T09:18:29.744Z","ecs.version":"1.2.0","log.level":"WARN","message":"[Consumer clientId=consumer-flight-service-group-2, groupId=flight-service-group] Bootstrap broker localhost:29092 (id: -1 rack: null) disconnected","process.thread.name":"org.springframework.kafka.KafkaListenerEndpointContainer#1-0-C-1","log.logger":"org.apache.kafka.clients.NetworkClient","service":"skyways","environment":"local","traceId":"${ctx:traceId}"}
{"@timestamp":"2026-05-16T09:18:29.853Z","ecs.version":"1.2.0","log.level":"WARN","message":"[Consumer clientId=consumer-flight-service-group-1, groupId=flight-service-group] Connection to node -1 (localhost/127.0.0.1:29092) could not be established. Node may not be available.","process.thread.name":"org.springframework.kafka.KafkaListenerEndpointContainer#0-0-C-1","log.logger":"org.apache.kafka.clients.NetworkClient","service":"skyways","environment":"local","traceId":"${ctx:traceId}"}
{"@timestamp":"2026-05-16T09:18:29.853Z","ecs.version":"1.2.0","log.level":"WARN","message":"[Consumer clientId=consumer-flight-service-group-1, groupId=flight-service-group] Bootstrap broker localhost:29092 (id: -1 rack: null) disconnected","process.thread.name":"org.springframework.kafka.KafkaListenerEndpointContainer#0-0-C-1","log.logger":"org.apache.kafka.clients.NetworkClient","service":"skyways","environment":"local","traceId":"${ctx:traceId}"}
{"@timestamp":"2026-05-16T09:18:30.699Z","ecs.version":"1.2.0","log.level":"WARN","message":"[Consumer clientId=consumer-flight-service-group-1, groupId=flight-service-group] Connection to node -1 (localhost/127.0.0.1:29092) could not be established. Node may not be available.","process.thread.name":"org.springframework.kafka.KafkaListenerEndpointContainer#0-0-C-1","log.logger":"org.apache.kafka.clients.NetworkClient","service":"skyways","environment":"local","traceId":"${ctx:traceId}"}
{"@timestamp":"2026-05-16T09:18:30.699Z","ecs.version":"1.2.0","log.level":"WARN","message":"[Consumer clientId=consumer-flight-service-group-1, groupId=flight-service-group] Bootstrap broker localhost:29092 (id: -1 rack: null) disconnected","process.thread.name":"org.springframework.kafka.KafkaListenerEndpointContainer#0-0-C-1","log.logger":"org.apache.kafka.clients.NetworkClient","service":"skyways","environment":"local","traceId":"${ctx:traceId}"}
{"@timestamp":"2026-05-16T09:18:30.748Z","ecs.version":"1.2.0","log.level":"WARN","message":"[Consumer clientId=consumer-flight-service-group-2, groupId=flight-service-group] Connection to node -1 (localhost/127.0.0.1:29092) could not be established. Node may not be available.","process.thread.name":"org.springframework.kafka.KafkaListenerEndpointContainer#1-0-C-1","log.logger":"org.apache.kafka.clients.NetworkClient","service":"skyways","environment":"local","traceId":"${ctx:traceId}"}
{"@timestamp":"2026-05-16T09:18:30.748Z","ecs.version":"1.2.0","log.level":"WARN","message":"[Consumer clientId=consumer-flight-service-group-2, groupId=flight-service-group] Bootstrap broker localhost:29092 (id: -1 rack: null) disconnected","process.thread.name":"org.springframework.kafka.KafkaListenerEndpointContainer#1-0-C-1","log.logger":"org.apache.kafka.clients.NetworkClient","service":"skyways","environment":"local","traceId":"${ctx:traceId}"}
{"@timestamp":"2026-05-16T09:18:31.649Z","ecs.version":"1.2.0","log.level":"WARN","message":"[Consumer clientId=consumer-flight-service-group-2, groupId=flight-service-group] Connection to node -1 (localhost/127.0.0.1:29092) could not be established. Node may not be available.","process.thread.name":"org.springframework.kafka.KafkaListenerEndpointContainer#1-0-C-1","log.logger":"org.apache.kafka.clients.NetworkClient","service":"skyways","environment":"local","traceId":"${ctx:traceId}"}
{"@timestamp":"2026-05-16T09:18:31.649Z","ecs.version":"1.2.0","log.level":"WARN","message":"[Consumer clientId=consumer-flight-service-group-2, groupId=flight-service-group] Bootstrap broker localhost:29092 (id: -1 rack: null) disconnected","process.thread.name":"org.springframework.kafka.KafkaListenerEndpointContainer#1-0-C-1","log.logger":"org.apache.kafka.clients.NetworkClient","service":"skyways","environment":"local","traceId":"${ctx:traceId}"}
{"@timestamp":"2026-05-16T09:18:31.649Z","ecs.version":"1.2.0","log.level":"WARN","message":"[Consumer clientId=consumer-flight-service-group-1, groupId=flight-service-group] Connection to node -1 (localhost/127.0.0.1:29092) could not be established. Node may not be available.","process.thread.name":"org.springframework.kafka.KafkaListenerEndpointContainer#0-0-C-1","log.logger":"org.apache.kafka.clients.NetworkClient","service":"skyways","environment":"local","traceId":"${ctx:traceId}"}
{"@timestamp":"2026-05-16T09:18:31.649Z","ecs.version":"1.2.0","log.level":"WARN","message":"[Consumer clientId=consumer-flight-service-group-1, groupId=flight-service-group] Bootstrap broker localhost:29092 (id: -1 rack: null) disconnected","process.thread.name":"org.springframework.kafka.KafkaListenerEndpointContainer#0-0-C-1","log.logger":"org.apache.kafka.clients.NetworkClient","service":"skyways","environment":"local","traceId":"${ctx:traceId}"}
{"@timestamp":"2026-05-16T09:18:32.658Z","ecs.version":"1.2.0","log.level":"WARN","message":"[Consumer clientId=consumer-flight-service-group-1, groupId=flight-service-group] Connection to node -1 (localhost/127.0.0.1:29092) could not be established. Node may not be available.","process.thread.name":"org.springframework.kafka.KafkaListenerEndpointContainer#0-0-C-1","log.logger":"org.apache.kafka.clients.NetworkClient","service":"skyways","environment":"local","traceId":"${ctx:traceId}"}
{"@timestamp":"2026-05-16T09:18:32.658Z","ecs.version":"1.2.0","log.level":"WARN","message":"[Consumer clientId=consumer-flight-service-group-1, groupId=flight-service-group] Bootstrap broker localhost:29092 (id: -1 rack: null) disconnected","process.thread.name":"org.springframework.kafka.KafkaListenerEndpointContainer#0-0-C-1","log.logger":"org.apache.kafka.clients.NetworkClient","service":"skyways","environment":"local","traceId":"${ctx:traceId}"}
{"@timestamp":"2026-05-16T09:18:32.704Z","ecs.version":"1.2.0","log.level":"WARN","message":"[Consumer clientId=consumer-flight-service-group-2, groupId=flight-service-group] Connection to node -1 (localhost/127.0.0.1:29092) could not be established. Node may not be available.","process.thread.name":"org.springframework.kafka.KafkaListenerEndpointContainer#1-0-C-1","log.logger":"org.apache.kafka.clients.NetworkClient","service":"skyways","environment":"local","traceId":"${ctx:traceId}"}
{"@timestamp":"2026-05-16T09:18:32.704Z","ecs.version":"1.2.0","log.level":"WARN","message":"[Consumer clientId=consumer-flight-service-group-2, groupId=flight-service-group] Bootstrap broker localhost:29092 (id: -1 rack: null) disconnected","process.thread.name":"org.springframework.kafka.KafkaListenerEndpointContainer#1-0-C-1","log.logger":"org.apache.kafka.clients.NetworkClient","service":"skyways","environment":"local","traceId":"${ctx:traceId}"}
{"@timestamp":"2026-05-16T09:18:33.669Z","ecs.version":"1.2.0","log.level":"WARN","message":"[Consumer clientId=consumer-flight-service-group-1, groupId=flight-service-group] Connection to node -1 (localhost/127.0.0.1:29092) could not be established. Node may not be available.","process.thread.name":"org.springframework.kafka.KafkaListenerEndpointContainer#0-0-C-1","log.logger":"org.apache.kafka.clients.NetworkClient","service":"skyways","environment":"local","traceId":"${ctx:traceId}"}
{"@timestamp":"2026-05-16T09:18:33.669Z","ecs.version":"1.2.0","log.level":"WARN","message":"[Consumer clientId=consumer-flight-service-group-1, groupId=flight-service-group] Bootstrap broker localhost:29092 (id: -1 rack: null) disconnected","process.thread.name":"org.springframework.kafka.KafkaListenerEndpointContainer#0-0-C-1","log.logger":"org.apache.kafka.clients.NetworkClient","service":"skyways","environment":"local","traceId":"${ctx:traceId}"}
{"@timestamp":"2026-05-16T09:18:33.764Z","ecs.version":"1.2.0","log.level":"WARN","message":"[Consumer clientId=consumer-flight-service-group-2, groupId=flight-service-group] Connection to node -1 (localhost/127.0.0.1:29092) could not be established. Node may not be available.","process.thread.name":"org.springframework.kafka.KafkaListenerEndpointContainer#1-0-C-1","log.logger":"org.apache.kafka.clients.NetworkClient","service":"skyways","environment":"local","traceId":"${ctx:traceId}"}
{"@timestamp":"2026-05-16T09:18:33.764Z","ecs.version":"1.2.0","log.level":"WARN","message":"[Consumer clientId=consumer-flight-service-group-2, groupId=flight-service-group] Bootstrap broker localhost:29092 (id: -1 rack: null) disconnected","process.thread.name":"org.springframework.kafka.KafkaListenerEndpointContainer#1-0-C-1","log.logger":"org.apache.kafka.clients.NetworkClient","service":"skyways","environment":"local","traceId":"${ctx:traceId}"}
{"@timestamp":"2026-05-16T09:18:34.554Z","ecs.version":"1.2.0","log.level":"WARN","message":"[Consumer clientId=consumer-flight-service-group-1, groupId=flight-service-group] Connection to node -1 (localhost/127.0.0.1:29092) could not be established. Node may not be available.","process.thread.name":"org.springframework.kafka.KafkaListenerEndpointContainer#0-0-C-1","log.logger":"org.apache.kafka.clients.NetworkClient","service":"skyways","environment":"local","traceId":"${ctx:traceId}"}
{"@timestamp":"2026-05-16T09:18:34.554Z","ecs.version":"1.2.0","log.level":"WARN","message":"[Consumer clientId=consumer-flight-service-group-1, groupId=flight-service-group] Bootstrap broker localhost:29092 (id: -1 rack: null) disconnected","process.thread.name":"org.springframework.kafka.KafkaListenerEndpointContainer#0-0-C-1","log.logger":"org.apache.kafka.clients.NetworkClient","service":"skyways","environment":"local","traceId":"${ctx:traceId}"}
{"@timestamp":"2026-05-16T09:18:34.713Z","ecs.version":"1.2.0","log.level":"WARN","message":"[Consumer clientId=consumer-flight-service-group-2, groupId=flight-service-group] Connection to node -1 (localhost/127.0.0.1:29092) could not be established. Node may not be available.","process.thread.name":"org.springframework.kafka.KafkaListenerEndpointContainer#1-0-C-1","log.logger":"org.apache.kafka.clients.NetworkClient","service":"skyways","environment":"local","traceId":"${ctx:traceId}"}
{"@timestamp":"2026-05-16T09:18:34.713Z","ecs.version":"1.2.0","log.level":"WARN","message":"[Consumer clientId=consumer-flight-service-group-2, groupId=flight-service-group] Bootstrap broker localhost:29092 (id: -1 rack: null) disconnected","process.thread.name":"org.springframework.kafka.KafkaListenerEndpointContainer#1-0-C-1","log.logger":"org.apache.kafka.clients.NetworkClient","service":"skyways","environment":"local","traceId":"${ctx:traceId}"}
{"@timestamp":"2026-05-16T09:18:35.610Z","ecs.version":"1.2.0","log.level":"WARN","message":"[Consumer clientId=consumer-flight-service-group-1, groupId=flight-service-group] Connection to node -1 (localhost/127.0.0.1:29092) could not be established. Node may not be available.","process.thread.name":"org.springframework.kafka.KafkaListenerEndpointContainer#0-0-C-1","log.logger":"org.apache.kafka.clients.NetworkClient","service":"skyways","environment":"local","traceId":"${ctx:traceId}"}
{"@timestamp":"2026-05-16T09:18:35.610Z","ecs.version":"1.2.0","log.level":"WARN","message":"[Consumer clientId=consumer-flight-service-group-1, groupId=flight-service-group] Bootstrap broker localhost:29092 (id: -1 rack: null) disconnected","process.thread.name":"org.springframework.kafka.KafkaListenerEndpointContainer#0-0-C-1","log.logger":"org.apache.kafka.clients.NetworkClient","service":"skyways","environment":"local","traceId":"${ctx:traceId}"}
{"@timestamp":"2026-05-16T09:18:35.720Z","ecs.version":"1.2.0","log.level":"WARN","message":"[Consumer clientId=consumer-flight-service-group-2, groupId=flight-service-group] Connection to node -1 (localhost/127.0.0.1:29092) could not be established. Node may not be available.","process.thread.name":"org.springframework.kafka.KafkaListenerEndpointContainer#1-0-C-1","log.logger":"org.apache.kafka.clients.NetworkClient","service":"skyways","environment":"local","traceId":"${ctx:traceId}"}
{"@timestamp":"2026-05-16T09:18:35.720Z","ecs.version":"1.2.0","log.level":"WARN","message":"[Consumer clientId=consumer-flight-service-group-2, groupId=flight-service-group] Bootstrap broker localhost:29092 (id: -1 rack: null) disconnected","process.thread.name":"org.springframework.kafka.KafkaListenerEndpointContainer#1-0-C-1","log.logger":"org.apache.kafka.clients.NetworkClient","service":"skyways","environment":"local","traceId":"${ctx:traceId}"}
{"@timestamp":"2026-05-16T09:18:36.616Z","ecs.version":"1.2.0","log.level":"WARN","message":"[Consumer clientId=consumer-flight-service-group-1, groupId=flight-service-group] Connection to node -1 (localhost/127.0.0.1:29092) could not be established. Node may not be available.","process.thread.name":"org.springframework.kafka.KafkaListenerEndpointContainer#0-0-C-1","log.logger":"org.apache.kafka.clients.NetworkClient","service":"skyways","environment":"local","traceId":"${ctx:traceId}"}
{"@timestamp":"2026-05-16T09:18:36.616Z","ecs.version":"1.2.0","log.level":"WARN","message":"[Consumer clientId=consumer-flight-service-group-1, groupId=flight-service-group] Bootstrap broker localhost:29092 (id: -1 rack: null) disconnected","process.thread.name":"org.springframework.kafka.KafkaListenerEndpointContainer#0-0-C-1","log.logger":"org.apache.kafka.clients.NetworkClient","service":"skyways","environment":"local","traceId":"${ctx:traceId}"}
{"@timestamp":"2026-05-16T09:18:36.725Z","ecs.version":"1.2.0","log.level":"WARN","message":"[Consumer clientId=consumer-flight-service-group-2, groupId=flight-service-group] Connection to node -1 (localhost/127.0.0.1:29092) could not be established. Node may not be available.","process.thread.name":"org.springframework.kafka.KafkaListenerEndpointContainer#1-0-C-1","log.logger":"org.apache.kafka.clients.NetworkClient","service":"skyways","environment":"local","traceId":"${ctx:traceId}"}
{"@timestamp":"2026-05-16T09:18:36.725Z","ecs.version":"1.2.0","log.level":"WARN","message":"[Consumer clientId=consumer-flight-service-group-2, groupId=flight-service-group] Bootstrap broker localhost:29092 (id: -1 rack: null) disconnected","process.thread.name":"org.springframework.kafka.KafkaListenerEndpointContainer#1-0-C-1","log.logger":"org.apache.kafka.clients.NetworkClient","service":"skyways","environment":"local","traceId":"${ctx:traceId}"}
{"@timestamp":"2026-05-16T09:18:37.626Z","ecs.version":"1.2.0","log.level":"WARN","message":"[Consumer clientId=consumer-flight-service-group-1, groupId=flight-service-group] Connection to node -1 (localhost/127.0.0.1:29092) could not be established. Node may not be available.","process.thread.name":"org.springframework.kafka.KafkaListenerEndpointContainer#0-0-C-1","log.logger":"org.apache.kafka.clients.NetworkClient","service":"skyways","environment":"local","traceId":"${ctx:traceId}"}
{"@timestamp":"2026-05-16T09:18:37.626Z","ecs.version":"1.2.0","log.level":"WARN","message":"[Consumer clientId=consumer-flight-service-group-1, groupId=flight-service-group] Bootstrap broker localhost:29092 (id: -1 rack: null) disconnected","process.thread.name":"org.springframework.kafka.KafkaListenerEndpointContainer#0-0-C-1","log.logger":"org.apache.kafka.clients.NetworkClient","service":"skyways","environment":"local","traceId":"${ctx:traceId}"}
{"@timestamp":"2026-05-16T09:18:37.785Z","ecs.version":"1.2.0","log.level":"WARN","message":"[Consumer clientId=consumer-flight-service-group-2, groupId=flight-service-group] Connection to node -1 (localhost/127.0.0.1:29092) could not be established. Node may not be available.","process.thread.name":"org.springframework.kafka.KafkaListenerEndpointContainer#1-0-C-1","log.logger":"org.apache.kafka.clients.NetworkClient","service":"skyways","environment":"local","traceId":"${ctx:traceId}"}
{"@timestamp":"2026-05-16T09:18:37.785Z","ecs.version":"1.2.0","log.level":"WARN","message":"[Consumer clientId=consumer-flight-service-group-2, groupId=flight-service-group] Bootstrap broker localhost:29092 (id: -1 rack: null) disconnected","process.thread.name":"org.springframework.kafka.KafkaListenerEndpointContainer#1-0-C-1","log.logger":"org.apache.kafka.clients.NetworkClient","service":"skyways","environment":"local","traceId":"${ctx:traceId}"}
{"@timestamp":"2026-05-16T09:18:38.640Z","ecs.version":"1.2.0","log.level":"WARN","message":"[Consumer clientId=consumer-flight-service-group-1, groupId=flight-service-group] Connection to node -1 (localhost/127.0.0.1:29092) could not be established. Node may not be available.","process.thread.name":"org.springframework.kafka.KafkaListenerEndpointContainer#0-0-C-1","log.logger":"org.apache.kafka.clients.NetworkClient","service":"skyways","environment":"local","traceId":"${ctx:traceId}"}
{"@timestamp":"2026-05-16T09:18:38.640Z","ecs.version":"1.2.0","log.level":"WARN","message":"[Consumer clientId=consumer-flight-service-group-1, groupId=flight-service-group] Bootstrap broker localhost:29092 (id: -1 rack: null) disconnected","process.thread.name":"org.springframework.kafka.KafkaListenerEndpointContainer#0-0-C-1","log.logger":"org.apache.kafka.clients.NetworkClient","service":"skyways","environment":"local","traceId":"${ctx:traceId}"}
{"@timestamp":"2026-05-16T09:18:38.797Z","ecs.version":"1.2.0","log.level":"WARN","message":"[Consumer clientId=consumer-flight-service-group-2, groupId=flight-service-group] Connection to node -1 (localhost/127.0.0.1:29092) could not be established. Node may not be available.","process.thread.name":"org.springframework.kafka.KafkaListenerEndpointContainer#1-0-C-1","log.logger":"org.apache.kafka.clients.NetworkClient","service":"skyways","environment":"local","traceId":"${ctx:traceId}"}
{"@timestamp":"2026-05-16T09:18:38.797Z","ecs.version":"1.2.0","log.level":"WARN","message":"[Consumer clientId=consumer-flight-service-group-2, groupId=flight-service-group] Bootstrap broker localhost:29092 (id: -1 rack: null) disconnected","process.thread.name":"org.springframework.kafka.KafkaListenerEndpointContainer#1-0-C-1","log.logger":"org.apache.kafka.clients.NetworkClient","service":"skyways","environment":"local","traceId":"${ctx:traceId}"}
{"@timestamp":"2026-05-16T09:18:39.650Z","ecs.version":"1.2.0","log.level":"WARN","message":"[Consumer clientId=consumer-flight-service-group-1, groupId=flight-service-group] Connection to node -1 (localhost/127.0.0.1:29092) could not be established. Node may not be available.","process.thread.name":"org.springframework.kafka.KafkaListenerEndpointContainer#0-0-C-1","log.logger":"org.apache.kafka.clients.NetworkClient","service":"skyways","environment":"local","traceId":"${ctx:traceId}"}
{"@timestamp":"2026-05-16T09:18:39.650Z","ecs.version":"1.2.0","log.level":"WARN","message":"[Consumer clientId=consumer-flight-service-group-1, groupId=flight-service-group] Bootstrap broker localhost:29092 (id: -1 rack: null) disconnected","process.thread.name":"org.springframework.kafka.KafkaListenerEndpointContainer#0-0-C-1","log.logger":"org.apache.kafka.clients.NetworkClient","service":"skyways","environment":"local","traceId":"${ctx:traceId}"}
{"@timestamp":"2026-05-16T09:18:39.821Z","ecs.version":"1.2.0","log.level":"WARN","message":"[Consumer clientId=consumer-flight-service-group-2, groupId=flight-service-group] Connection to node -1 (localhost/127.0.0.1:29092) could not be established. Node may not be available.","process.thread.name":"org.springframework.kafka.KafkaListenerEndpointContainer#1-0-C-1","log.logger":"org.apache.kafka.clients.NetworkClient","service":"skyways","environment":"local","traceId":"${ctx:traceId}"}
{"@timestamp":"2026-05-16T09:18:39.821Z","ecs.version":"1.2.0","log.level":"WARN","message":"[Consumer clientId=consumer-flight-service-group-2, groupId=flight-service-group] Bootstrap broker localhost:29092 (id: -1 rack: null) disconnected","process.thread.name":"org.springframework.kafka.KafkaListenerEndpointContainer#1-0-C-1","log.logger":"org.apache.kafka.clients.NetworkClient","service":"skyways","environment":"local","traceId":"${ctx:traceId}"}
{"@timestamp":"2026-05-16T09:18:40.718Z","ecs.version":"1.2.0","log.level":"WARN","message":"[Consumer clientId=consumer-flight-service-group-1, groupId=flight-service-group] Connection to node -1 (localhost/127.0.0.1:29092) could not be established. Node may not be available.","process.thread.name":"org.springframework.kafka.KafkaListenerEndpointContainer#0-0-C-1","log.logger":"org.apache.kafka.clients.NetworkClient","service":"skyways","environment":"local","traceId":"${ctx:traceId}"}
{"@timestamp":"2026-05-16T09:18:40.718Z","ecs.version":"1.2.0","log.level":"WARN","message":"[Consumer clientId=consumer-flight-service-group-1, groupId=flight-service-group] Bootstrap broker localhost:29092 (id: -1 rack: null) disconnected","process.thread.name":"org.springframework.kafka.KafkaListenerEndpointContainer#0-0-C-1","log.logger":"org.apache.kafka.clients.NetworkClient","service":"skyways","environment":"local","traceId":"${ctx:traceId}"}
{"@timestamp":"2026-05-16T09:18:40.782Z","ecs.version":"1.2.0","log.level":"WARN","message":"[Consumer clientId=consumer-flight-service-group-2, groupId=flight-service-group] Connection to node -1 (localhost/127.0.0.1:29092) could not be established. Node may not be available.","process.thread.name":"org.springframework.kafka.KafkaListenerEndpointContainer#1-0-C-1","log.logger":"org.apache.kafka.clients.NetworkClient","service":"skyways","environment":"local","traceId":"${ctx:traceId}"}
{"@timestamp":"2026-05-16T09:18:40.782Z","ecs.version":"1.2.0","log.level":"WARN","message":"[Consumer clientId=consumer-flight-service-group-2, groupId=flight-service-group] Bootstrap broker localhost:29092 (id: -1 rack: null) disconnected","process.thread.name":"org.springframework.kafka.KafkaListenerEndpointContainer#1-0-C-1","log.logger":"org.apache.kafka.clients.NetworkClient","service":"skyways","environment":"local","traceId":"${ctx:traceId}"}
{"@timestamp":"2026-05-16T09:18:41.728Z","ecs.version":"1.2.0","log.level":"WARN","message":"[Consumer clientId=consumer-flight-service-group-1, groupId=flight-service-group] Connection to node -1 (localhost/127.0.0.1:29092) could not be established. Node may not be available.","process.thread.name":"org.springframework.kafka.KafkaListenerEndpointContainer#0-0-C-1","log.logger":"org.apache.kafka.clients.NetworkClient","service":"skyways","environment":"local","traceId":"${ctx:traceId}"}
{"@timestamp":"2026-05-16T09:18:41.728Z","ecs.version":"1.2.0","log.level":"WARN","message":"[Consumer clientId=consumer-flight-service-group-1, groupId=flight-service-group] Bootstrap broker localhost:29092 (id: -1 rack: null) disconnected","process.thread.name":"org.springframework.kafka.KafkaListenerEndpointContainer#0-0-C-1","log.logger":"org.apache.kafka.clients.NetworkClient","service":"skyways","environment":"local","traceId":"${ctx:traceId}"}
{"@timestamp":"2026-05-16T09:18:41.776Z","ecs.version":"1.2.0","log.level":"WARN","message":"[Consumer clientId=consumer-flight-service-group-2, groupId=flight-service-group] Connection to node -1 (localhost/127.0.0.1:29092) could not be established. Node may not be available.","process.thread.name":"org.springframework.kafka.KafkaListenerEndpointContainer#1-0-C-1","log.logger":"org.apache.kafka.clients.NetworkClient","service":"skyways","environment":"local","traceId":"${ctx:traceId}"}
{"@timestamp":"2026-05-16T09:18:41.776Z","ecs.version":"1.2.0","log.level":"WARN","message":"[Consumer clientId=consumer-flight-service-group-2, groupId=flight-service-group] Bootstrap broker localhost:29092 (id: -1 rack: null) disconnected","process.thread.name":"org.springframework.kafka.KafkaListenerEndpointContainer#1-0-C-1","log.logger":"org.apache.kafka.clients.NetworkClient","service":"skyways","environment":"local","traceId":"${ctx:traceId}"}
{"@timestamp":"2026-05-16T09:18:42.724Z","ecs.version":"1.2.0","log.level":"WARN","message":"[Consumer clientId=consumer-flight-service-group-2, groupId=flight-service-group] Connection to node -1 (localhost/127.0.0.1:29092) could not be established. Node may not be available.","process.thread.name":"org.springframework.kafka.KafkaListenerEndpointContainer#1-0-C-1","log.logger":"org.apache.kafka.clients.NetworkClient","service":"skyways","environment":"local","traceId":"${ctx:traceId}"}
{"@timestamp":"2026-05-16T09:18:42.724Z","ecs.version":"1.2.0","log.level":"WARN","message":"[Consumer clientId=consumer-flight-service-group-2, groupId=flight-service-group] Bootstrap broker localhost:29092 (id: -1 rack: null) disconnected","process.thread.name":"org.springframework.kafka.KafkaListenerEndpointContainer#1-0-C-1","log.logger":"org.apache.kafka.clients.NetworkClient","service":"skyways","environment":"local","traceId":"${ctx:traceId}"}
{"@timestamp":"2026-05-16T09:18:42.740Z","ecs.version":"1.2.0","log.level":"WARN","message":"[Consumer clientId=consumer-flight-service-group-1, groupId=flight-service-group] Connection to node -1 (localhost/127.0.0.1:29092) could not be established. Node may not be available.","process.thread.name":"org.springframework.kafka.KafkaListenerEndpointContainer#0-0-C-1","log.logger":"org.apache.kafka.clients.NetworkClient","service":"skyways","environment":"local","traceId":"${ctx:traceId}"}
{"@timestamp":"2026-05-16T09:18:42.740Z","ecs.version":"1.2.0","log.level":"WARN","message":"[Consumer clientId=consumer-flight-service-group-1, groupId=flight-service-group] Bootstrap broker localhost:29092 (id: -1 rack: null) disconnected","process.thread.name":"org.springframework.kafka.KafkaListenerEndpointContainer#0-0-C-1","log.logger":"org.apache.kafka.clients.NetworkClient","service":"skyways","environment":"local","traceId":"${ctx:traceId}"}
{"@timestamp":"2026-05-16T09:18:43.691Z","ecs.version":"1.2.0","log.level":"WARN","message":"[Consumer clientId=consumer-flight-service-group-1, groupId=flight-service-group] Connection to node -1 (localhost/127.0.0.1:29092) could not be established. Node may not be available.","process.thread.name":"org.springframework.kafka.KafkaListenerEndpointContainer#0-0-C-1","log.logger":"org.apache.kafka.clients.NetworkClient","service":"skyways","environment":"local","traceId":"${ctx:traceId}"}
{"@timestamp":"2026-05-16T09:18:43.691Z","ecs.version":"1.2.0","log.level":"WARN","message":"[Consumer clientId=consumer-flight-service-group-1, groupId=flight-service-group] Bootstrap broker localhost:29092 (id: -1 rack: null) disconnected","process.thread.name":"org.springframework.kafka.KafkaListenerEndpointContainer#0-0-C-1","log.logger":"org.apache.kafka.clients.NetworkClient","service":"skyways","environment":"local","traceId":"${ctx:traceId}"}
{"@timestamp":"2026-05-16T09:18:43.739Z","ecs.version":"1.2.0","log.level":"WARN","message":"[Consumer clientId=consumer-flight-service-group-2, groupId=flight-service-group] Connection to node -1 (localhost/127.0.0.1:29092) could not be established. Node may not be available.","process.thread.name":"org.springframework.kafka.KafkaListenerEndpointContainer#1-0-C-1","log.logger":"org.apache.kafka.clients.NetworkClient","service":"skyways","environment":"local","traceId":"${ctx:traceId}"}
{"@timestamp":"2026-05-16T09:18:43.739Z","ecs.version":"1.2.0","log.level":"WARN","message":"[Consumer clientId=consumer-flight-service-group-2, groupId=flight-service-group] Bootstrap broker localhost:29092 (id: -1 rack: null) disconnected","process.thread.name":"org.springframework.kafka.KafkaListenerEndpointContainer#1-0-C-1","log.logger":"org.apache.kafka.clients.NetworkClient","service":"skyways","environment":"local","traceId":"${ctx:traceId}"}
{"@timestamp":"2026-05-16T09:18:44.642Z","ecs.version":"1.2.0","log.level":"WARN","message":"[Consumer clientId=consumer-flight-service-group-1, groupId=flight-service-group] Connection to node -1 (localhost/127.0.0.1:29092) could not be established. Node may not be available.","process.thread.name":"org.springframework.kafka.KafkaListenerEndpointContainer#0-0-C-1","log.logger":"org.apache.kafka.clients.NetworkClient","service":"skyways","environment":"local","traceId":"${ctx:traceId}"}
{"@timestamp":"2026-05-16T09:18:44.642Z","ecs.version":"1.2.0","log.level":"WARN","message":"[Consumer clientId=consumer-flight-service-group-1, groupId=flight-service-group] Bootstrap broker localhost:29092 (id: -1 rack: null) disconnected","process.thread.name":"org.springframework.kafka.KafkaListenerEndpointContainer#0-0-C-1","log.logger":"org.apache.kafka.clients.NetworkClient","service":"skyways","environment":"local","traceId":"${ctx:traceId}"}
{"@timestamp":"2026-05-16T09:18:44.752Z","ecs.version":"1.2.0","log.level":"WARN","message":"[Consumer clientId=consumer-flight-service-group-2, groupId=flight-service-group] Connection to node -1 (localhost/127.0.0.1:29092) could not be established. Node may not be available.","process.thread.name":"org.springframework.kafka.KafkaListenerEndpointContainer#1-0-C-1","log.logger":"org.apache.kafka.clients.NetworkClient","service":"skyways","environment":"local","traceId":"${ctx:traceId}"}
{"@timestamp":"2026-05-16T09:18:44.752Z","ecs.version":"1.2.0","log.level":"WARN","message":"[Consumer clientId=consumer-flight-service-group-2, groupId=flight-service-group] Bootstrap broker localhost:29092 (id: -1 rack: null) disconnected","process.thread.name":"org.springframework.kafka.KafkaListenerEndpointContainer#1-0-C-1","log.logger":"org.apache.kafka.clients.NetworkClient","service":"skyways","environment":"local","traceId":"${ctx:traceId}"}
{"@timestamp":"2026-05-16T09:18:45.543Z","ecs.version":"1.2.0","log.level":"WARN","message":"[Consumer clientId=consumer-flight-service-group-1, groupId=flight-service-group] Connection to node -1 (localhost/127.0.0.1:29092) could not be established. Node may not be available.","process.thread.name":"org.springframework.kafka.KafkaListenerEndpointContainer#0-0-C-1","log.logger":"org.apache.kafka.clients.NetworkClient","service":"skyways","environment":"local","traceId":"${ctx:traceId}"}
{"@timestamp":"2026-05-16T09:18:45.543Z","ecs.version":"1.2.0","log.level":"WARN","message":"[Consumer clientId=consumer-flight-service-group-1, groupId=flight-service-group] Bootstrap broker localhost:29092 (id: -1 rack: null) disconnected","process.thread.name":"org.springframework.kafka.KafkaListenerEndpointContainer#0-0-C-1","log.logger":"org.apache.kafka.clients.NetworkClient","service":"skyways","environment":"local","traceId":"${ctx:traceId}"}
{"@timestamp":"2026-05-16T09:18:45.669Z","ecs.version":"1.2.0","log.level":"WARN","message":"[Consumer clientId=consumer-flight-service-group-2, groupId=flight-service-group] Connection to node -1 (localhost/127.0.0.1:29092) could not be established. Node may not be available.","process.thread.name":"org.springframework.kafka.KafkaListenerEndpointContainer#1-0-C-1","log.logger":"org.apache.kafka.clients.NetworkClient","service":"skyways","environment":"local","traceId":"${ctx:traceId}"}
{"@timestamp":"2026-05-16T09:18:45.669Z","ecs.version":"1.2.0","log.level":"WARN","message":"[Consumer clientId=consumer-flight-service-group-2, groupId=flight-service-group] Bootstrap broker localhost:29092 (id: -1 rack: null) disconnected","process.thread.name":"org.springframework.kafka.KafkaListenerEndpointContainer#1-0-C-1","log.logger":"org.apache.kafka.clients.NetworkClient","service":"skyways","environment":"local","traceId":"${ctx:traceId}"}
{"@timestamp":"2026-05-16T09:18:46.535Z","ecs.version":"1.2.0","log.level":"WARN","message":"[Consumer clientId=consumer-flight-service-group-1, groupId=flight-service-group] Connection to node -1 (localhost/127.0.0.1:29092) could not be established. Node may not be available.","process.thread.name":"org.springframework.kafka.KafkaListenerEndpointContainer#0-0-C-1","log.logger":"org.apache.kafka.clients.NetworkClient","service":"skyways","environment":"local","traceId":"${ctx:traceId}"}
{"@timestamp":"2026-05-16T09:18:46.535Z","ecs.version":"1.2.0","log.level":"WARN","message":"[Consumer clientId=consumer-flight-service-group-1, groupId=flight-service-group] Bootstrap broker localhost:29092 (id: -1 rack: null) disconnected","process.thread.name":"org.springframework.kafka.KafkaListenerEndpointContainer#0-0-C-1","log.logger":"org.apache.kafka.clients.NetworkClient","service":"skyways","environment":"local","traceId":"${ctx:traceId}"}
{"@timestamp":"2026-05-16T09:18:46.678Z","ecs.version":"1.2.0","log.level":"WARN","message":"[Consumer clientId=consumer-flight-service-group-2, groupId=flight-service-group] Connection to node -1 (localhost/127.0.0.1:29092) could not be established. Node may not be available.","process.thread.name":"org.springframework.kafka.KafkaListenerEndpointContainer#1-0-C-1","log.logger":"org.apache.kafka.clients.NetworkClient","service":"skyways","environment":"local","traceId":"${ctx:traceId}"}
{"@timestamp":"2026-05-16T09:18:46.678Z","ecs.version":"1.2.0","log.level":"WARN","message":"[Consumer clientId=consumer-flight-service-group-2, groupId=flight-service-group] Bootstrap broker localhost:29092 (id: -1 rack: null) disconnected","process.thread.name":"org.springframework.kafka.KafkaListenerEndpointContainer#1-0-C-1","log.logger":"org.apache.kafka.clients.NetworkClient","service":"skyways","environment":"local","traceId":"${ctx:traceId}"}
{"@timestamp":"2026-05-16T09:18:47.500Z","ecs.version":"1.2.0","log.level":"WARN","message":"[Consumer clientId=consumer-flight-service-group-2, groupId=flight-service-group] Connection to node -1 (localhost/127.0.0.1:29092) could not be established. Node may not be available.","process.thread.name":"org.springframework.kafka.KafkaListenerEndpointContainer#1-0-C-1","log.logger":"org.apache.kafka.clients.NetworkClient","service":"skyways","environment":"local","traceId":"${ctx:traceId}"}
{"@timestamp":"2026-05-16T09:18:47.500Z","ecs.version":"1.2.0","log.level":"WARN","message":"[Consumer clientId=consumer-flight-service-group-2, groupId=flight-service-group] Bootstrap broker localhost:29092 (id: -1 rack: null) disconnected","process.thread.name":"org.springframework.kafka.KafkaListenerEndpointContainer#1-0-C-1","log.logger":"org.apache.kafka.clients.NetworkClient","service":"skyways","environment":"local","traceId":"${ctx:traceId}"}
{"@timestamp":"2026-05-16T09:18:47.561Z","ecs.version":"1.2.0","log.level":"WARN","message":"[Consumer clientId=consumer-flight-service-group-1, groupId=flight-service-group] Connection to node -1 (localhost/127.0.0.1:29092) could not be established. Node may not be available.","process.thread.name":"org.springframework.kafka.KafkaListenerEndpointContainer#0-0-C-1","log.logger":"org.apache.kafka.clients.NetworkClient","service":"skyways","environment":"local","traceId":"${ctx:traceId}"}
{"@timestamp":"2026-05-16T09:18:47.561Z","ecs.version":"1.2.0","log.level":"WARN","message":"[Consumer clientId=consumer-flight-service-group-1, groupId=flight-service-group] Bootstrap broker localhost:29092 (id: -1 rack: null) disconnected","process.thread.name":"org.springframework.kafka.KafkaListenerEndpointContainer#0-0-C-1","log.logger":"org.apache.kafka.clients.NetworkClient","service":"skyways","environment":"local","traceId":"${ctx:traceId}"}
{"@timestamp":"2026-05-16T09:18:48.383Z","ecs.version":"1.2.0","log.level":"WARN","message":"[Consumer clientId=consumer-flight-service-group-2, groupId=flight-service-group] Connection to node -1 (localhost/127.0.0.1:29092) could not be established. Node may not be available.","process.thread.name":"org.springframework.kafka.KafkaListenerEndpointContainer#1-0-C-1","log.logger":"org.apache.kafka.clients.NetworkClient","service":"skyways","environment":"local","traceId":"${ctx:traceId}"}
{"@timestamp":"2026-05-16T09:18:48.383Z","ecs.version":"1.2.0","log.level":"WARN","message":"[Consumer clientId=consumer-flight-service-group-2, groupId=flight-service-group] Bootstrap broker localhost:29092 (id: -1 rack: null) disconnected","process.thread.name":"org.springframework.kafka.KafkaListenerEndpointContainer#1-0-C-1","log.logger":"org.apache.kafka.clients.NetworkClient","service":"skyways","environment":"local","traceId":"${ctx:traceId}"}
{"@timestamp":"2026-05-16T09:18:48.574Z","ecs.version":"1.2.0","log.level":"WARN","message":"[Consumer clientId=consumer-flight-service-group-1, groupId=flight-service-group] Connection to node -1 (localhost/127.0.0.1:29092) could not be established. Node may not be available.","process.thread.name":"org.springframework.kafka.KafkaListenerEndpointContainer#0-0-C-1","log.logger":"org.apache.kafka.clients.NetworkClient","service":"skyways","environment":"local","traceId":"${ctx:traceId}"}
{"@timestamp":"2026-05-16T09:18:48.574Z","ecs.version":"1.2.0","log.level":"WARN","message":"[Consumer clientId=consumer-flight-service-group-1, groupId=flight-service-group] Bootstrap broker localhost:29092 (id: -1 rack: null) disconnected","process.thread.name":"org.springframework.kafka.KafkaListenerEndpointContainer#0-0-C-1","log.logger":"org.apache.kafka.clients.NetworkClient","service":"skyways","environment":"local","traceId":"${ctx:traceId}"}
{"@timestamp":"2026-05-16T09:18:49.257Z","ecs.version":"1.2.0","log.level":"WARN","message":"Request execution failed with message: I/O error on PUT request for \"http://localhost:8761/eureka/apps/SKYWAYS-FLIGHT-SERVICE/DESKTOP-S0AUF4J:skyways-flight-service:8082\": Connect to http://localhost:8761 [localhost/127.0.0.1, localhost/0:0:0:0:0:0:0:1] failed: Connection refused: no further information","process.thread.name":"DiscoveryClient-HeartbeatExecutor-0","log.logger":"com.netflix.discovery.shared.transport.decorator.RetryableEurekaHttpClient","service":"skyways","environment":"local","traceId":"${ctx:traceId}"}
{"@timestamp":"2026-05-16T09:18:49.257Z","ecs.version":"1.2.0","log.level":"WARN","message":"Request execution failed with message: I/O error on GET request for \"http://localhost:8761/eureka/apps/\": Connect to http://localhost:8761 [localhost/127.0.0.1, localhost/0:0:0:0:0:0:0:1] failed: Connection refused: no further information","process.thread.name":"DiscoveryClient-CacheRefreshExecutor-0","log.logger":"com.netflix.discovery.shared.transport.decorator.RetryableEurekaHttpClient","service":"skyways","environment":"local","traceId":"${ctx:traceId}"}
{"@timestamp":"2026-05-16T09:18:49.257Z","ecs.version":"1.2.0","log.level":"ERROR","message":"DiscoveryClient_SKYWAYS-FLIGHT-SERVICE/DESKTOP-S0AUF4J:skyways-flight-service:8082 - was unable to send heartbeat!","process.thread.name":"DiscoveryClient-HeartbeatExecutor-0","log.logger":"com.netflix.discovery.DiscoveryClient","error.type":"com.netflix.discovery.shared.transport.TransportException","error.message":"Cannot execute request on any known server","error.stack_trace":"com.netflix.discovery.shared.transport.TransportException: Cannot execute request on any known server\r\n\tat com.netflix.discovery.shared.transport.decorator.RetryableEurekaHttpClient.execute(RetryableEurekaHttpClient.java:112)\r\n\tat com.netflix.discovery.shared.transport.decorator.EurekaHttpClientDecorator.sendHeartBeat(EurekaHttpClientDecorator.java:89)\r\n\tat com.netflix.discovery.shared.transport.decorator.EurekaHttpClientDecorator$3.execute(EurekaHttpClientDecorator.java:92)\r\n\tat com.netflix.discovery.shared.transport.decorator.SessionedEurekaHttpClient.execute(SessionedEurekaHttpClient.java:77)\r\n\tat com.netflix.discovery.shared.transport.decorator.EurekaHttpClientDecorator.sendHeartBeat(EurekaHttpClientDecorator.java:89)\r\n\tat com.netflix.discovery.DiscoveryClient.renew(DiscoveryClient.java:837)\r\n\tat com.netflix.discovery.DiscoveryClient$HeartbeatThread.run(DiscoveryClient.java:1401)\r\n\tat java.base/java.util.concurrent.Executors$RunnableAdapter.call(Executors.java:539)\r\n\tat java.base/java.util.concurrent.FutureTask.run(FutureTask.java:264)\r\n\tat java.base/java.util.concurrent.ThreadPoolExecutor.runWorker(ThreadPoolExecutor.java:1136)\r\n\tat java.base/java.util.concurrent.ThreadPoolExecutor$Worker.run(ThreadPoolExecutor.java:635)\r\n\tat java.base/java.lang.Thread.run(Thread.java:842)\r\n","service":"skyways","environment":"local","traceId":"${ctx:traceId}"}
{"@timestamp":"2026-05-16T09:18:49.397Z","ecs.version":"1.2.0","log.level":"WARN","message":"[Consumer clientId=consumer-flight-service-group-2, groupId=flight-service-group] Connection to node -1 (localhost/127.0.0.1:29092) could not be established. Node may not be available.","process.thread.name":"org.springframework.kafka.KafkaListenerEndpointContainer#1-0-C-1","log.logger":"org.apache.kafka.clients.NetworkClient","service":"skyways","environment":"local","traceId":"${ctx:traceId}"}
{"@timestamp":"2026-05-16T09:18:49.397Z","ecs.version":"1.2.0","log.level":"WARN","message":"[Consumer clientId=consumer-flight-service-group-1, groupId=flight-service-group] Connection to node -1 (localhost/127.0.0.1:29092) could not be established. Node may not be available.","process.thread.name":"org.springframework.kafka.KafkaListenerEndpointContainer#0-0-C-1","log.logger":"org.apache.kafka.clients.NetworkClient","service":"skyways","environment":"local","traceId":"${ctx:traceId}"}
{"@timestamp":"2026-05-16T09:18:49.397Z","ecs.version":"1.2.0","log.level":"WARN","message":"[Consumer clientId=consumer-flight-service-group-1, groupId=flight-service-group] Bootstrap broker localhost:29092 (id: -1 rack: null) disconnected","process.thread.name":"org.springframework.kafka.KafkaListenerEndpointContainer#0-0-C-1","log.logger":"org.apache.kafka.clients.NetworkClient","service":"skyways","environment":"local","traceId":"${ctx:traceId}"}
{"@timestamp":"2026-05-16T09:18:49.397Z","ecs.version":"1.2.0","log.level":"WARN","message":"[Consumer clientId=consumer-flight-service-group-2, groupId=flight-service-group] Bootstrap broker localhost:29092 (id: -1 rack: null) disconnected","process.thread.name":"org.springframework.kafka.KafkaListenerEndpointContainer#1-0-C-1","log.logger":"org.apache.kafka.clients.NetworkClient","service":"skyways","environment":"local","traceId":"${ctx:traceId}"}
{"@timestamp":"2026-05-16T09:18:49.413Z","ecs.version":"1.2.0","log.level":"WARN","message":"Request execution failed with message: I/O error on POST request for \"http://localhost:8761/eureka/apps/SKYWAYS-FLIGHT-SERVICE\": Connect to http://localhost:8761 [localhost/127.0.0.1, localhost/0:0:0:0:0:0:0:1] failed: Connection refused: no further information","process.thread.name":"DiscoveryClient-InstanceInfoReplicator-0","log.logger":"com.netflix.discovery.shared.transport.decorator.RetryableEurekaHttpClient","service":"skyways","environment":"local","traceId":"${ctx:traceId}"}
{"@timestamp":"2026-05-16T09:18:49.413Z","ecs.version":"1.2.0","log.level":"WARN","message":"DiscoveryClient_SKYWAYS-FLIGHT-SERVICE/DESKTOP-S0AUF4J:skyways-flight-service:8082 - registration failed Cannot execute request on any known server","process.thread.name":"DiscoveryClient-InstanceInfoReplicator-0","log.logger":"com.netflix.discovery.DiscoveryClient","error.type":"com.netflix.discovery.shared.transport.TransportException","error.message":"Cannot execute request on any known server","error.stack_trace":"com.netflix.discovery.shared.transport.TransportException: Cannot execute request on any known server\r\n\tat com.netflix.discovery.shared.transport.decorator.RetryableEurekaHttpClient.execute(RetryableEurekaHttpClient.java:112)\r\n\tat com.netflix.discovery.shared.transport.decorator.EurekaHttpClientDecorator.register(EurekaHttpClientDecorator.java:56)\r\n\tat com.netflix.discovery.shared.transport.decorator.EurekaHttpClientDecorator$1.execute(EurekaHttpClientDecorator.java:59)\r\n\tat com.netflix.discovery.shared.transport.decorator.SessionedEurekaHttpClient.execute(SessionedEurekaHttpClient.java:77)\r\n\tat com.netflix.discovery.shared.transport.decorator.EurekaHttpClientDecorator.register(EurekaHttpClientDecorator.java:56)\r\n\tat com.netflix.discovery.DiscoveryClient.register(DiscoveryClient.java:820)\r\n\tat com.netflix.discovery.InstanceInfoReplicator.run(InstanceInfoReplicator.java:121)\r\n\tat java.base/java.util.concurrent.Executors$RunnableAdapter.call(Executors.java:539)\r\n\tat java.base/java.util.concurrent.FutureTask.run(FutureTask.java:264)\r\n\tat java.base/java.util.concurrent.ScheduledThreadPoolExecutor$ScheduledFutureTask.run(ScheduledThreadPoolExecutor.java:304)\r\n\tat java.base/java.util.concurrent.ThreadPoolExecutor.runWorker(ThreadPoolExecutor.java:1136)\r\n\tat java.base/java.util.concurrent.ThreadPoolExecutor$Worker.run(ThreadPoolExecutor.java:635)\r\n\tat java.base/java.lang.Thread.run(Thread.java:842)\r\n","service":"skyways","environment":"local","traceId":"${ctx:traceId}"}
{"@timestamp":"2026-05-16T09:18:49.413Z","ecs.version":"1.2.0","log.level":"WARN","message":"There was a problem with the instance info replicator","process.thread.name":"DiscoveryClient-InstanceInfoReplicator-0","log.logger":"com.netflix.discovery.InstanceInfoReplicator","error.type":"com.netflix.discovery.shared.transport.TransportException","error.message":"Cannot execute request on any known server","error.stack_trace":"com.netflix.discovery.shared.transport.TransportException: Cannot execute request on any known server\r\n\tat com.netflix.discovery.shared.transport.decorator.RetryableEurekaHttpClient.execute(RetryableEurekaHttpClient.java:112)\r\n\tat com.netflix.discovery.shared.transport.decorator.EurekaHttpClientDecorator.register(EurekaHttpClientDecorator.java:56)\r\n\tat com.netflix.discovery.shared.transport.decorator.EurekaHttpClientDecorator$1.execute(EurekaHttpClientDecorator.java:59)\r\n\tat com.netflix.discovery.shared.transport.decorator.SessionedEurekaHttpClient.execute(SessionedEurekaHttpClient.java:77)\r\n\tat com.netflix.discovery.shared.transport.decorator.EurekaHttpClientDecorator.register(EurekaHttpClientDecorator.java:56)\r\n\tat com.netflix.discovery.DiscoveryClient.register(DiscoveryClient.java:820)\r\n\tat com.netflix.discovery.InstanceInfoReplicator.run(InstanceInfoReplicator.java:121)\r\n\tat java.base/java.util.concurrent.Executors$RunnableAdapter.call(Executors.java:539)\r\n\tat java.base/java.util.concurrent.FutureTask.run(FutureTask.java:264)\r\n\tat java.base/java.util.concurrent.ScheduledThreadPoolExecutor$ScheduledFutureTask.run(ScheduledThreadPoolExecutor.java:304)\r\n\tat java.base/java.util.concurrent.ThreadPoolExecutor.runWorker(ThreadPoolExecutor.java:1136)\r\n\tat java.base/java.util.concurrent.ThreadPoolExecutor$Worker.run(ThreadPoolExecutor.java:635)\r\n\tat java.base/java.lang.Thread.run(Thread.java:842)\r\n","service":"skyways","environment":"local","traceId":"${ctx:traceId}"}
{"@timestamp":"2026-05-16T09:18:50.377Z","ecs.version":"1.2.0","log.level":"WARN","message":"[Consumer clientId=consumer-flight-service-group-2, groupId=flight-service-group] Connection to node -1 (localhost/127.0.0.1:29092) could not be established. Node may not be available.","process.thread.name":"org.springframework.kafka.KafkaListenerEndpointContainer#1-0-C-1","log.logger":"org.apache.kafka.clients.NetworkClient","service":"skyways","environment":"local","traceId":"${ctx:traceId}"}
{"@timestamp":"2026-05-16T09:18:50.377Z","ecs.version":"1.2.0","log.level":"WARN","message":"[Consumer clientId=consumer-flight-service-group-2, groupId=flight-service-group] Bootstrap broker localhost:29092 (id: -1 rack: null) disconnected","process.thread.name":"org.springframework.kafka.KafkaListenerEndpointContainer#1-0-C-1","log.logger":"org.apache.kafka.clients.NetworkClient","service":"skyways","environment":"local","traceId":"${ctx:traceId}"}
{"@timestamp":"2026-05-16T09:18:50.392Z","ecs.version":"1.2.0","log.level":"WARN","message":"[Consumer clientId=consumer-flight-service-group-1, groupId=flight-service-group] Connection to node -1 (localhost/127.0.0.1:29092) could not be established. Node may not be available.","process.thread.name":"org.springframework.kafka.KafkaListenerEndpointContainer#0-0-C-1","log.logger":"org.apache.kafka.clients.NetworkClient","service":"skyways","environment":"local","traceId":"${ctx:traceId}"}
{"@timestamp":"2026-05-16T09:18:50.392Z","ecs.version":"1.2.0","log.level":"WARN","message":"[Consumer clientId=consumer-flight-service-group-1, groupId=flight-service-group] Bootstrap broker localhost:29092 (id: -1 rack: null) disconnected","process.thread.name":"org.springframework.kafka.KafkaListenerEndpointContainer#0-0-C-1","log.logger":"org.apache.kafka.clients.NetworkClient","service":"skyways","environment":"local","traceId":"${ctx:traceId}"}
{"@timestamp":"2026-05-16T09:18:51.258Z","ecs.version":"1.2.0","log.level":"WARN","message":"[Consumer clientId=consumer-flight-service-group-1, groupId=flight-service-group] Connection to node -1 (localhost/127.0.0.1:29092) could not be established. Node may not be available.","process.thread.name":"org.springframework.kafka.KafkaListenerEndpointContainer#0-0-C-1","log.logger":"org.apache.kafka.clients.NetworkClient","service":"skyways","environment":"local","traceId":"${ctx:traceId}"}
{"@timestamp":"2026-05-16T09:18:51.258Z","ecs.version":"1.2.0","log.level":"WARN","message":"[Consumer clientId=consumer-flight-service-group-1, groupId=flight-service-group] Bootstrap broker localhost:29092 (id: -1 rack: null) disconnected","process.thread.name":"org.springframework.kafka.KafkaListenerEndpointContainer#0-0-C-1","log.logger":"org.apache.kafka.clients.NetworkClient","service":"skyways","environment":"local","traceId":"${ctx:traceId}"}
{"@timestamp":"2026-05-16T09:18:51.399Z","ecs.version":"1.2.0","log.level":"WARN","message":"[Consumer clientId=consumer-flight-service-group-2, groupId=flight-service-group] Connection to node -1 (localhost/127.0.0.1:29092) could not be established. Node may not be available.","process.thread.name":"org.springframework.kafka.KafkaListenerEndpointContainer#1-0-C-1","log.logger":"org.apache.kafka.clients.NetworkClient","service":"skyways","environment":"local","traceId":"${ctx:traceId}"}
{"@timestamp":"2026-05-16T09:18:51.399Z","ecs.version":"1.2.0","log.level":"WARN","message":"[Consumer clientId=consumer-flight-service-group-2, groupId=flight-service-group] Bootstrap broker localhost:29092 (id: -1 rack: null) disconnected","process.thread.name":"org.springframework.kafka.KafkaListenerEndpointContainer#1-0-C-1","log.logger":"org.apache.kafka.clients.NetworkClient","service":"skyways","environment":"local","traceId":"${ctx:traceId}"}
{"@timestamp":"2026-05-16T09:18:52.268Z","ecs.version":"1.2.0","log.level":"WARN","message":"[Consumer clientId=consumer-flight-service-group-1, groupId=flight-service-group] Connection to node -1 (localhost/127.0.0.1:29092) could not be established. Node may not be available.","process.thread.name":"org.springframework.kafka.KafkaListenerEndpointContainer#0-0-C-1","log.logger":"org.apache.kafka.clients.NetworkClient","service":"skyways","environment":"local","traceId":"${ctx:traceId}"}
{"@timestamp":"2026-05-16T09:18:52.268Z","ecs.version":"1.2.0","log.level":"WARN","message":"[Consumer clientId=consumer-flight-service-group-1, groupId=flight-service-group] Bootstrap broker localhost:29092 (id: -1 rack: null) disconnected","process.thread.name":"org.springframework.kafka.KafkaListenerEndpointContainer#0-0-C-1","log.logger":"org.apache.kafka.clients.NetworkClient","service":"skyways","environment":"local","traceId":"${ctx:traceId}"}
{"@timestamp":"2026-05-16T09:18:52.426Z","ecs.version":"1.2.0","log.level":"WARN","message":"[Consumer clientId=consumer-flight-service-group-2, groupId=flight-service-group] Connection to node -1 (localhost/127.0.0.1:29092) could not be established. Node may not be available.","process.thread.name":"org.springframework.kafka.KafkaListenerEndpointContainer#1-0-C-1","log.logger":"org.apache.kafka.clients.NetworkClient","service":"skyways","environment":"local","traceId":"${ctx:traceId}"}
{"@timestamp":"2026-05-16T09:18:52.426Z","ecs.version":"1.2.0","log.level":"WARN","message":"[Consumer clientId=consumer-flight-service-group-2, groupId=flight-service-group] Bootstrap broker localhost:29092 (id: -1 rack: null) disconnected","process.thread.name":"org.springframework.kafka.KafkaListenerEndpointContainer#1-0-C-1","log.logger":"org.apache.kafka.clients.NetworkClient","service":"skyways","environment":"local","traceId":"${ctx:traceId}"}
{"@timestamp":"2026-05-16T09:18:53.281Z","ecs.version":"1.2.0","log.level":"WARN","message":"[Consumer clientId=consumer-flight-service-group-1, groupId=flight-service-group] Connection to node -1 (localhost/127.0.0.1:29092) could not be established. Node may not be available.","process.thread.name":"org.springframework.kafka.KafkaListenerEndpointContainer#0-0-C-1","log.logger":"org.apache.kafka.clients.NetworkClient","service":"skyways","environment":"local","traceId":"${ctx:traceId}"}
{"@timestamp":"2026-05-16T09:18:53.282Z","ecs.version":"1.2.0","log.level":"WARN","message":"[Consumer clientId=consumer-flight-service-group-1, groupId=flight-service-group] Bootstrap broker localhost:29092 (id: -1 rack: null) disconnected","process.thread.name":"org.springframework.kafka.KafkaListenerEndpointContainer#0-0-C-1","log.logger":"org.apache.kafka.clients.NetworkClient","service":"skyways","environment":"local","traceId":"${ctx:traceId}"}
{"@timestamp":"2026-05-16T09:18:53.439Z","ecs.version":"1.2.0","log.level":"WARN","message":"[Consumer clientId=consumer-flight-service-group-2, groupId=flight-service-group] Connection to node -1 (localhost/127.0.0.1:29092) could not be established. Node may not be available.","process.thread.name":"org.springframework.kafka.KafkaListenerEndpointContainer#1-0-C-1","log.logger":"org.apache.kafka.clients.NetworkClient","service":"skyways","environment":"local","traceId":"${ctx:traceId}"}
{"@timestamp":"2026-05-16T09:18:53.439Z","ecs.version":"1.2.0","log.level":"WARN","message":"[Consumer clientId=consumer-flight-service-group-2, groupId=flight-service-group] Bootstrap broker localhost:29092 (id: -1 rack: null) disconnected","process.thread.name":"org.springframework.kafka.KafkaListenerEndpointContainer#1-0-C-1","log.logger":"org.apache.kafka.clients.NetworkClient","service":"skyways","environment":"local","traceId":"${ctx:traceId}"}
{"@timestamp":"2026-05-16T09:18:54.297Z","ecs.version":"1.2.0","log.level":"WARN","message":"[Consumer clientId=consumer-flight-service-group-1, groupId=flight-service-group] Connection to node -1 (localhost/127.0.0.1:29092) could not be established. Node may not be available.","process.thread.name":"org.springframework.kafka.KafkaListenerEndpointContainer#0-0-C-1","log.logger":"org.apache.kafka.clients.NetworkClient","service":"skyways","environment":"local","traceId":"${ctx:traceId}"}
{"@timestamp":"2026-05-16T09:18:54.297Z","ecs.version":"1.2.0","log.level":"WARN","message":"[Consumer clientId=consumer-flight-service-group-1, groupId=flight-service-group] Bootstrap broker localhost:29092 (id: -1 rack: null) disconnected","process.thread.name":"org.springframework.kafka.KafkaListenerEndpointContainer#0-0-C-1","log.logger":"org.apache.kafka.clients.NetworkClient","service":"skyways","environment":"local","traceId":"${ctx:traceId}"}
{"@timestamp":"2026-05-16T09:18:54.457Z","ecs.version":"1.2.0","log.level":"WARN","message":"[Consumer clientId=consumer-flight-service-group-2, groupId=flight-service-group] Connection to node -1 (localhost/127.0.0.1:29092) could not be established. Node may not be available.","process.thread.name":"org.springframework.kafka.KafkaListenerEndpointContainer#1-0-C-1","log.logger":"org.apache.kafka.clients.NetworkClient","service":"skyways","environment":"local","traceId":"${ctx:traceId}"}
{"@timestamp":"2026-05-16T09:18:54.457Z","ecs.version":"1.2.0","log.level":"WARN","message":"[Consumer clientId=consumer-flight-service-group-2, groupId=flight-service-group] Bootstrap broker localhost:29092 (id: -1 rack: null) disconnected","process.thread.name":"org.springframework.kafka.KafkaListenerEndpointContainer#1-0-C-1","log.logger":"org.apache.kafka.clients.NetworkClient","service":"skyways","environment":"local","traceId":"${ctx:traceId}"}
{"@timestamp":"2026-05-16T09:18:55.294Z","ecs.version":"1.2.0","log.level":"WARN","message":"[Consumer clientId=consumer-flight-service-group-1, groupId=flight-service-group] Connection to node -1 (localhost/127.0.0.1:29092) could not be established. Node may not be available.","process.thread.name":"org.springframework.kafka.KafkaListenerEndpointContainer#0-0-C-1","log.logger":"org.apache.kafka.clients.NetworkClient","service":"skyways","environment":"local","traceId":"${ctx:traceId}"}
{"@timestamp":"2026-05-16T09:18:55.294Z","ecs.version":"1.2.0","log.level":"WARN","message":"[Consumer clientId=consumer-flight-service-group-1, groupId=flight-service-group] Bootstrap broker localhost:29092 (id: -1 rack: null) disconnected","process.thread.name":"org.springframework.kafka.KafkaListenerEndpointContainer#0-0-C-1","log.logger":"org.apache.kafka.clients.NetworkClient","service":"skyways","environment":"local","traceId":"${ctx:traceId}"}
{"@timestamp":"2026-05-16T09:18:55.358Z","ecs.version":"1.2.0","log.level":"WARN","message":"[Consumer clientId=consumer-flight-service-group-2, groupId=flight-service-group] Connection to node -1 (localhost/127.0.0.1:29092) could not be established. Node may not be available.","process.thread.name":"org.springframework.kafka.KafkaListenerEndpointContainer#1-0-C-1","log.logger":"org.apache.kafka.clients.NetworkClient","service":"skyways","environment":"local","traceId":"${ctx:traceId}"}
{"@timestamp":"2026-05-16T09:18:55.358Z","ecs.version":"1.2.0","log.level":"WARN","message":"[Consumer clientId=consumer-flight-service-group-2, groupId=flight-service-group] Bootstrap broker localhost:29092 (id: -1 rack: null) disconnected","process.thread.name":"org.springframework.kafka.KafkaListenerEndpointContainer#1-0-C-1","log.logger":"org.apache.kafka.clients.NetworkClient","service":"skyways","environment":"local","traceId":"${ctx:traceId}"}
{"@timestamp":"2026-05-16T09:18:56.306Z","ecs.version":"1.2.0","log.level":"WARN","message":"[Consumer clientId=consumer-flight-service-group-1, groupId=flight-service-group] Connection to node -1 (localhost/127.0.0.1:29092) could not be established. Node may not be available.","process.thread.name":"org.springframework.kafka.KafkaListenerEndpointContainer#0-0-C-1","log.logger":"org.apache.kafka.clients.NetworkClient","service":"skyways","environment":"local","traceId":"${ctx:traceId}"}
{"@timestamp":"2026-05-16T09:18:56.306Z","ecs.version":"1.2.0","log.level":"WARN","message":"[Consumer clientId=consumer-flight-service-group-1, groupId=flight-service-group] Bootstrap broker localhost:29092 (id: -1 rack: null) disconnected","process.thread.name":"org.springframework.kafka.KafkaListenerEndpointContainer#0-0-C-1","log.logger":"org.apache.kafka.clients.NetworkClient","service":"skyways","environment":"local","traceId":"${ctx:traceId}"}
{"@timestamp":"2026-05-16T09:18:56.371Z","ecs.version":"1.2.0","log.level":"WARN","message":"[Consumer clientId=consumer-flight-service-group-2, groupId=flight-service-group] Connection to node -1 (localhost/127.0.0.1:29092) could not be established. Node may not be available.","process.thread.name":"org.springframework.kafka.KafkaListenerEndpointContainer#1-0-C-1","log.logger":"org.apache.kafka.clients.NetworkClient","service":"skyways","environment":"local","traceId":"${ctx:traceId}"}
{"@timestamp":"2026-05-16T09:18:56.371Z","ecs.version":"1.2.0","log.level":"WARN","message":"[Consumer clientId=consumer-flight-service-group-2, groupId=flight-service-group] Bootstrap broker localhost:29092 (id: -1 rack: null) disconnected","process.thread.name":"org.springframework.kafka.KafkaListenerEndpointContainer#1-0-C-1","log.logger":"org.apache.kafka.clients.NetworkClient","service":"skyways","environment":"local","traceId":"${ctx:traceId}"}
{"@timestamp":"2026-05-16T09:18:57.319Z","ecs.version":"1.2.0","log.level":"WARN","message":"[Consumer clientId=consumer-flight-service-group-1, groupId=flight-service-group] Connection to node -1 (localhost/127.0.0.1:29092) could not be established. Node may not be available.","process.thread.name":"org.springframework.kafka.KafkaListenerEndpointContainer#0-0-C-1","log.logger":"org.apache.kafka.clients.NetworkClient","service":"skyways","environment":"local","traceId":"${ctx:traceId}"}
{"@timestamp":"2026-05-16T09:18:57.319Z","ecs.version":"1.2.0","log.level":"WARN","message":"[Consumer clientId=consumer-flight-service-group-1, groupId=flight-service-group] Bootstrap broker localhost:29092 (id: -1 rack: null) disconnected","process.thread.name":"org.springframework.kafka.KafkaListenerEndpointContainer#0-0-C-1","log.logger":"org.apache.kafka.clients.NetworkClient","service":"skyways","environment":"local","traceId":"${ctx:traceId}"}
{"@timestamp":"2026-05-16T09:18:57.334Z","ecs.version":"1.2.0","log.level":"WARN","message":"[Consumer clientId=consumer-flight-service-group-2, groupId=flight-service-group] Connection to node -1 (localhost/127.0.0.1:29092) could not be established. Node may not be available.","process.thread.name":"org.springframework.kafka.KafkaListenerEndpointContainer#1-0-C-1","log.logger":"org.apache.kafka.clients.NetworkClient","service":"skyways","environment":"local","traceId":"${ctx:traceId}"}
{"@timestamp":"2026-05-16T09:18:57.334Z","ecs.version":"1.2.0","log.level":"WARN","message":"[Consumer clientId=consumer-flight-service-group-2, groupId=flight-service-group] Bootstrap broker localhost:29092 (id: -1 rack: null) disconnected","process.thread.name":"org.springframework.kafka.KafkaListenerEndpointContainer#1-0-C-1","log.logger":"org.apache.kafka.clients.NetworkClient","service":"skyways","environment":"local","traceId":"${ctx:traceId}"}
{"@timestamp":"2026-05-16T09:18:58.267Z","ecs.version":"1.2.0","log.level":"WARN","message":"[Consumer clientId=consumer-flight-service-group-1, groupId=flight-service-group] Connection to node -1 (localhost/127.0.0.1:29092) could not be established. Node may not be available.","process.thread.name":"org.springframework.kafka.KafkaListenerEndpointContainer#0-0-C-1","log.logger":"org.apache.kafka.clients.NetworkClient","service":"skyways","environment":"local","traceId":"${ctx:traceId}"}
{"@timestamp":"2026-05-16T09:18:58.267Z","ecs.version":"1.2.0","log.level":"WARN","message":"[Consumer clientId=consumer-flight-service-group-1, groupId=flight-service-group] Bootstrap broker localhost:29092 (id: -1 rack: null) disconnected","process.thread.name":"org.springframework.kafka.KafkaListenerEndpointContainer#0-0-C-1","log.logger":"org.apache.kafka.clients.NetworkClient","service":"skyways","environment":"local","traceId":"${ctx:traceId}"}
{"@timestamp":"2026-05-16T09:18:58.393Z","ecs.version":"1.2.0","log.level":"WARN","message":"[Consumer clientId=consumer-flight-service-group-2, groupId=flight-service-group] Connection to node -1 (localhost/127.0.0.1:29092) could not be established. Node may not be available.","process.thread.name":"org.springframework.kafka.KafkaListenerEndpointContainer#1-0-C-1","log.logger":"org.apache.kafka.clients.NetworkClient","service":"skyways","environment":"local","traceId":"${ctx:traceId}"}
{"@timestamp":"2026-05-16T09:18:58.393Z","ecs.version":"1.2.0","log.level":"WARN","message":"[Consumer clientId=consumer-flight-service-group-2, groupId=flight-service-group] Bootstrap broker localhost:29092 (id: -1 rack: null) disconnected","process.thread.name":"org.springframework.kafka.KafkaListenerEndpointContainer#1-0-C-1","log.logger":"org.apache.kafka.clients.NetworkClient","service":"skyways","environment":"local","traceId":"${ctx:traceId}"}
{"@timestamp":"2026-05-16T09:18:59.153Z","ecs.version":"1.2.0","log.level":"WARN","message":"[Consumer clientId=consumer-flight-service-group-1, groupId=flight-service-group] Connection to node -1 (localhost/127.0.0.1:29092) could not be established. Node may not be available.","process.thread.name":"org.springframework.kafka.KafkaListenerEndpointContainer#0-0-C-1","log.logger":"org.apache.kafka.clients.NetworkClient","service":"skyways","environment":"local","traceId":"${ctx:traceId}"}
{"@timestamp":"2026-05-16T09:18:59.153Z","ecs.version":"1.2.0","log.level":"WARN","message":"[Consumer clientId=consumer-flight-service-group-1, groupId=flight-service-group] Bootstrap broker localhost:29092 (id: -1 rack: null) disconnected","process.thread.name":"org.springframework.kafka.KafkaListenerEndpointContainer#0-0-C-1","log.logger":"org.apache.kafka.clients.NetworkClient","service":"skyways","environment":"local","traceId":"${ctx:traceId}"}
{"@timestamp":"2026-05-16T09:18:59.342Z","ecs.version":"1.2.0","log.level":"WARN","message":"[Consumer clientId=consumer-flight-service-group-2, groupId=flight-service-group] Connection to node -1 (localhost/127.0.0.1:29092) could not be established. Node may not be available.","process.thread.name":"org.springframework.kafka.KafkaListenerEndpointContainer#1-0-C-1","log.logger":"org.apache.kafka.clients.NetworkClient","service":"skyways","environment":"local","traceId":"${ctx:traceId}"}
{"@timestamp":"2026-05-16T09:18:59.343Z","ecs.version":"1.2.0","log.level":"WARN","message":"[Consumer clientId=consumer-flight-service-group-2, groupId=flight-service-group] Bootstrap broker localhost:29092 (id: -1 rack: null) disconnected","process.thread.name":"org.springframework.kafka.KafkaListenerEndpointContainer#1-0-C-1","log.logger":"org.apache.kafka.clients.NetworkClient","service":"skyways","environment":"local","traceId":"${ctx:traceId}"}
{"@timestamp":"2026-05-16T09:19:00.036Z","ecs.version":"1.2.0","log.level":"WARN","message":"[Consumer clientId=consumer-flight-service-group-1, groupId=flight-service-group] Connection to node -1 (localhost/127.0.0.1:29092) could not be established. Node may not be available.","process.thread.name":"org.springframework.kafka.KafkaListenerEndpointContainer#0-0-C-1","log.logger":"org.apache.kafka.clients.NetworkClient","service":"skyways","environment":"local","traceId":"${ctx:traceId}"}
{"@timestamp":"2026-05-16T09:19:00.036Z","ecs.version":"1.2.0","log.level":"WARN","message":"[Consumer clientId=consumer-flight-service-group-1, groupId=flight-service-group] Bootstrap broker localhost:29092 (id: -1 rack: null) disconnected","process.thread.name":"org.springframework.kafka.KafkaListenerEndpointContainer#0-0-C-1","log.logger":"org.apache.kafka.clients.NetworkClient","service":"skyways","environment":"local","traceId":"${ctx:traceId}"}
{"@timestamp":"2026-05-16T09:19:00.318Z","ecs.version":"1.2.0","log.level":"WARN","message":"[Consumer clientId=consumer-flight-service-group-2, groupId=flight-service-group] Connection to node -1 (localhost/127.0.0.1:29092) could not be established. Node may not be available.","process.thread.name":"org.springframework.kafka.KafkaListenerEndpointContainer#1-0-C-1","log.logger":"org.apache.kafka.clients.NetworkClient","service":"skyways","environment":"local","traceId":"${ctx:traceId}"}
{"@timestamp":"2026-05-16T09:19:00.318Z","ecs.version":"1.2.0","log.level":"WARN","message":"[Consumer clientId=consumer-flight-service-group-2, groupId=flight-service-group] Bootstrap broker localhost:29092 (id: -1 rack: null) disconnected","process.thread.name":"org.springframework.kafka.KafkaListenerEndpointContainer#1-0-C-1","log.logger":"org.apache.kafka.clients.NetworkClient","service":"skyways","environment":"local","traceId":"${ctx:traceId}"}
{"@timestamp":"2026-05-16T09:19:01.044Z","ecs.version":"1.2.0","log.level":"WARN","message":"[Consumer clientId=consumer-flight-service-group-1, groupId=flight-service-group] Connection to node -1 (localhost/127.0.0.1:29092) could not be established. Node may not be available.","process.thread.name":"org.springframework.kafka.KafkaListenerEndpointContainer#0-0-C-1","log.logger":"org.apache.kafka.clients.NetworkClient","service":"skyways","environment":"local","traceId":"${ctx:traceId}"}
{"@timestamp":"2026-05-16T09:19:01.044Z","ecs.version":"1.2.0","log.level":"WARN","message":"[Consumer clientId=consumer-flight-service-group-1, groupId=flight-service-group] Bootstrap broker localhost:29092 (id: -1 rack: null) disconnected","process.thread.name":"org.springframework.kafka.KafkaListenerEndpointContainer#0-0-C-1","log.logger":"org.apache.kafka.clients.NetworkClient","service":"skyways","environment":"local","traceId":"${ctx:traceId}"}
{"@timestamp":"2026-05-16T09:19:01.329Z","ecs.version":"1.2.0","log.level":"WARN","message":"[Consumer clientId=consumer-flight-service-group-2, groupId=flight-service-group] Connection to node -1 (localhost/127.0.0.1:29092) could not be established. Node may not be available.","process.thread.name":"org.springframework.kafka.KafkaListenerEndpointContainer#1-0-C-1","log.logger":"org.apache.kafka.clients.NetworkClient","service":"skyways","environment":"local","traceId":"${ctx:traceId}"}
{"@timestamp":"2026-05-16T09:19:01.329Z","ecs.version":"1.2.0","log.level":"WARN","message":"[Consumer clientId=consumer-flight-service-group-2, groupId=flight-service-group] Bootstrap broker localhost:29092 (id: -1 rack: null) disconnected","process.thread.name":"org.springframework.kafka.KafkaListenerEndpointContainer#1-0-C-1","log.logger":"org.apache.kafka.clients.NetworkClient","service":"skyways","environment":"local","traceId":"${ctx:traceId}"}
{"@timestamp":"2026-05-16T09:19:02.008Z","ecs.version":"1.2.0","log.level":"WARN","message":"[Consumer clientId=consumer-flight-service-group-1, groupId=flight-service-group] Connection to node -1 (localhost/127.0.0.1:29092) could not be established. Node may not be available.","process.thread.name":"org.springframework.kafka.KafkaListenerEndpointContainer#0-0-C-1","log.logger":"org.apache.kafka.clients.NetworkClient","service":"skyways","environment":"local","traceId":"${ctx:traceId}"}
{"@timestamp":"2026-05-16T09:19:02.008Z","ecs.version":"1.2.0","log.level":"WARN","message":"[Consumer clientId=consumer-flight-service-group-1, groupId=flight-service-group] Bootstrap broker localhost:29092 (id: -1 rack: null) disconnected","process.thread.name":"org.springframework.kafka.KafkaListenerEndpointContainer#0-0-C-1","log.logger":"org.apache.kafka.clients.NetworkClient","service":"skyways","environment":"local","traceId":"${ctx:traceId}"}
{"@timestamp":"2026-05-16T09:19:02.325Z","ecs.version":"1.2.0","log.level":"WARN","message":"[Consumer clientId=consumer-flight-service-group-2, groupId=flight-service-group] Connection to node -1 (localhost/127.0.0.1:29092) could not be established. Node may not be available.","process.thread.name":"org.springframework.kafka.KafkaListenerEndpointContainer#1-0-C-1","log.logger":"org.apache.kafka.clients.NetworkClient","service":"skyways","environment":"local","traceId":"${ctx:traceId}"}
{"@timestamp":"2026-05-16T09:19:02.325Z","ecs.version":"1.2.0","log.level":"WARN","message":"[Consumer clientId=consumer-flight-service-group-2, groupId=flight-service-group] Bootstrap broker localhost:29092 (id: -1 rack: null) disconnected","process.thread.name":"org.springframework.kafka.KafkaListenerEndpointContainer#1-0-C-1","log.logger":"org.apache.kafka.clients.NetworkClient","service":"skyways","environment":"local","traceId":"${ctx:traceId}"}
{"@timestamp":"2026-05-16T09:19:03.018Z","ecs.version":"1.2.0","log.level":"WARN","message":"[Consumer clientId=consumer-flight-service-group-1, groupId=flight-service-group] Connection to node -1 (localhost/127.0.0.1:29092) could not be established. Node may not be available.","process.thread.name":"org.springframework.kafka.KafkaListenerEndpointContainer#0-0-C-1","log.logger":"org.apache.kafka.clients.NetworkClient","service":"skyways","environment":"local","traceId":"${ctx:traceId}"}
{"@timestamp":"2026-05-16T09:19:03.018Z","ecs.version":"1.2.0","log.level":"WARN","message":"[Consumer clientId=consumer-flight-service-group-1, groupId=flight-service-group] Bootstrap broker localhost:29092 (id: -1 rack: null) disconnected","process.thread.name":"org.springframework.kafka.KafkaListenerEndpointContainer#0-0-C-1","log.logger":"org.apache.kafka.clients.NetworkClient","service":"skyways","environment":"local","traceId":"${ctx:traceId}"}
{"@timestamp":"2026-05-16T09:19:03.158Z","ecs.version":"1.2.0","log.level":"WARN","message":"[Consumer clientId=consumer-flight-service-group-2, groupId=flight-service-group] Connection to node -1 (localhost/127.0.0.1:29092) could not be established. Node may not be available.","process.thread.name":"org.springframework.kafka.KafkaListenerEndpointContainer#1-0-C-1","log.logger":"org.apache.kafka.clients.NetworkClient","service":"skyways","environment":"local","traceId":"${ctx:traceId}"}
{"@timestamp":"2026-05-16T09:19:03.158Z","ecs.version":"1.2.0","log.level":"WARN","message":"[Consumer clientId=consumer-flight-service-group-2, groupId=flight-service-group] Bootstrap broker localhost:29092 (id: -1 rack: null) disconnected","process.thread.name":"org.springframework.kafka.KafkaListenerEndpointContainer#1-0-C-1","log.logger":"org.apache.kafka.clients.NetworkClient","service":"skyways","environment":"local","traceId":"${ctx:traceId}"}
{"@timestamp":"2026-05-16T09:19:04.030Z","ecs.version":"1.2.0","log.level":"WARN","message":"[Consumer clientId=consumer-flight-service-group-1, groupId=flight-service-group] Connection to node -1 (localhost/127.0.0.1:29092) could not be established. Node may not be available.","process.thread.name":"org.springframework.kafka.KafkaListenerEndpointContainer#0-0-C-1","log.logger":"org.apache.kafka.clients.NetworkClient","service":"skyways","environment":"local","traceId":"${ctx:traceId}"}
{"@timestamp":"2026-05-16T09:19:04.030Z","ecs.version":"1.2.0","log.level":"WARN","message":"[Consumer clientId=consumer-flight-service-group-1, groupId=flight-service-group] Bootstrap broker localhost:29092 (id: -1 rack: null) disconnected","process.thread.name":"org.springframework.kafka.KafkaListenerEndpointContainer#0-0-C-1","log.logger":"org.apache.kafka.clients.NetworkClient","service":"skyways","environment":"local","traceId":"${ctx:traceId}"}
{"@timestamp":"2026-05-16T09:19:04.204Z","ecs.version":"1.2.0","log.level":"WARN","message":"[Consumer clientId=consumer-flight-service-group-2, groupId=flight-service-group] Connection to node -1 (localhost/127.0.0.1:29092) could not be established. Node may not be available.","process.thread.name":"org.springframework.kafka.KafkaListenerEndpointContainer#1-0-C-1","log.logger":"org.apache.kafka.clients.NetworkClient","service":"skyways","environment":"local","traceId":"${ctx:traceId}"}
{"@timestamp":"2026-05-16T09:19:04.204Z","ecs.version":"1.2.0","log.level":"WARN","message":"[Consumer clientId=consumer-flight-service-group-2, groupId=flight-service-group] Bootstrap broker localhost:29092 (id: -1 rack: null) disconnected","process.thread.name":"org.springframework.kafka.KafkaListenerEndpointContainer#1-0-C-1","log.logger":"org.apache.kafka.clients.NetworkClient","service":"skyways","environment":"local","traceId":"${ctx:traceId}"}
{"@timestamp":"2026-05-16T09:19:04.913Z","ecs.version":"1.2.0","log.level":"WARN","message":"[Consumer clientId=consumer-flight-service-group-1, groupId=flight-service-group] Connection to node -1 (localhost/127.0.0.1:29092) could not be established. Node may not be available.","process.thread.name":"org.springframework.kafka.KafkaListenerEndpointContainer#0-0-C-1","log.logger":"org.apache.kafka.clients.NetworkClient","service":"skyways","environment":"local","traceId":"${ctx:traceId}"}
{"@timestamp":"2026-05-16T09:19:04.914Z","ecs.version":"1.2.0","log.level":"WARN","message":"[Consumer clientId=consumer-flight-service-group-1, groupId=flight-service-group] Bootstrap broker localhost:29092 (id: -1 rack: null) disconnected","process.thread.name":"org.springframework.kafka.KafkaListenerEndpointContainer#0-0-C-1","log.logger":"org.apache.kafka.clients.NetworkClient","service":"skyways","environment":"local","traceId":"${ctx:traceId}"}
{"@timestamp":"2026-05-16T09:19:05.215Z","ecs.version":"1.2.0","log.level":"WARN","message":"[Consumer clientId=consumer-flight-service-group-2, groupId=flight-service-group] Connection to node -1 (localhost/127.0.0.1:29092) could not be established. Node may not be available.","process.thread.name":"org.springframework.kafka.KafkaListenerEndpointContainer#1-0-C-1","log.logger":"org.apache.kafka.clients.NetworkClient","service":"skyways","environment":"local","traceId":"${ctx:traceId}"}
{"@timestamp":"2026-05-16T09:19:05.215Z","ecs.version":"1.2.0","log.level":"WARN","message":"[Consumer clientId=consumer-flight-service-group-2, groupId=flight-service-group] Bootstrap broker localhost:29092 (id: -1 rack: null) disconnected","process.thread.name":"org.springframework.kafka.KafkaListenerEndpointContainer#1-0-C-1","log.logger":"org.apache.kafka.clients.NetworkClient","service":"skyways","environment":"local","traceId":"${ctx:traceId}"}
{"@timestamp":"2026-05-16T09:19:05.738Z","ecs.version":"1.2.0","log.level":"WARN","message":"[Consumer clientId=consumer-flight-service-group-1, groupId=flight-service-group] Connection to node -1 (localhost/127.0.0.1:29092) could not be established. Node may not be available.","process.thread.name":"org.springframework.kafka.KafkaListenerEndpointContainer#0-0-C-1","log.logger":"org.apache.kafka.clients.NetworkClient","service":"skyways","environment":"local","traceId":"${ctx:traceId}"}
{"@timestamp":"2026-05-16T09:19:05.738Z","ecs.version":"1.2.0","log.level":"WARN","message":"[Consumer clientId=consumer-flight-service-group-1, groupId=flight-service-group] Bootstrap broker localhost:29092 (id: -1 rack: null) disconnected","process.thread.name":"org.springframework.kafka.KafkaListenerEndpointContainer#0-0-C-1","log.logger":"org.apache.kafka.clients.NetworkClient","service":"skyways","environment":"local","traceId":"${ctx:traceId}"}
{"@timestamp":"2026-05-16T09:19:06.226Z","ecs.version":"1.2.0","log.level":"WARN","message":"[Consumer clientId=consumer-flight-service-group-2, groupId=flight-service-group] Connection to node -1 (localhost/127.0.0.1:29092) could not be established. Node may not be available.","process.thread.name":"org.springframework.kafka.KafkaListenerEndpointContainer#1-0-C-1","log.logger":"org.apache.kafka.clients.NetworkClient","service":"skyways","environment":"local","traceId":"${ctx:traceId}"}
{"@timestamp":"2026-05-16T09:19:06.226Z","ecs.version":"1.2.0","log.level":"WARN","message":"[Consumer clientId=consumer-flight-service-group-2, groupId=flight-service-group] Bootstrap broker localhost:29092 (id: -1 rack: null) disconnected","process.thread.name":"org.springframework.kafka.KafkaListenerEndpointContainer#1-0-C-1","log.logger":"org.apache.kafka.clients.NetworkClient","service":"skyways","environment":"local","traceId":"${ctx:traceId}"}
{"@timestamp":"2026-05-16T09:19:06.620Z","ecs.version":"1.2.0","log.level":"WARN","message":"[Consumer clientId=consumer-flight-service-group-1, groupId=flight-service-group] Connection to node -1 (localhost/127.0.0.1:29092) could not be established. Node may not be available.","process.thread.name":"org.springframework.kafka.KafkaListenerEndpointContainer#0-0-C-1","log.logger":"org.apache.kafka.clients.NetworkClient","service":"skyways","environment":"local","traceId":"${ctx:traceId}"}
{"@timestamp":"2026-05-16T09:19:06.620Z","ecs.version":"1.2.0","log.level":"WARN","message":"[Consumer clientId=consumer-flight-service-group-1, groupId=flight-service-group] Bootstrap broker localhost:29092 (id: -1 rack: null) disconnected","process.thread.name":"org.springframework.kafka.KafkaListenerEndpointContainer#0-0-C-1","log.logger":"org.apache.kafka.clients.NetworkClient","service":"skyways","environment":"local","traceId":"${ctx:traceId}"}
{"@timestamp":"2026-05-16T09:19:07.170Z","ecs.version":"1.2.0","log.level":"WARN","message":"[Consumer clientId=consumer-flight-service-group-2, groupId=flight-service-group] Connection to node -1 (localhost/127.0.0.1:29092) could not be established. Node may not be available.","process.thread.name":"org.springframework.kafka.KafkaListenerEndpointContainer#1-0-C-1","log.logger":"org.apache.kafka.clients.NetworkClient","service":"skyways","environment":"local","traceId":"${ctx:traceId}"}
{"@timestamp":"2026-05-16T09:19:07.170Z","ecs.version":"1.2.0","log.level":"WARN","message":"[Consumer clientId=consumer-flight-service-group-2, groupId=flight-service-group] Bootstrap broker localhost:29092 (id: -1 rack: null) disconnected","process.thread.name":"org.springframework.kafka.KafkaListenerEndpointContainer#1-0-C-1","log.logger":"org.apache.kafka.clients.NetworkClient","service":"skyways","environment":"local","traceId":"${ctx:traceId}"}
{"@timestamp":"2026-05-16T09:19:07.644Z","ecs.version":"1.2.0","log.level":"WARN","message":"[Consumer clientId=consumer-flight-service-group-1, groupId=flight-service-group] Connection to node -1 (localhost/127.0.0.1:29092) could not be established. Node may not be available.","process.thread.name":"org.springframework.kafka.KafkaListenerEndpointContainer#0-0-C-1","log.logger":"org.apache.kafka.clients.NetworkClient","service":"skyways","environment":"local","traceId":"${ctx:traceId}"}
{"@timestamp":"2026-05-16T09:19:07.644Z","ecs.version":"1.2.0","log.level":"WARN","message":"[Consumer clientId=consumer-flight-service-group-1, groupId=flight-service-group] Bootstrap broker localhost:29092 (id: -1 rack: null) disconnected","process.thread.name":"org.springframework.kafka.KafkaListenerEndpointContainer#0-0-C-1","log.logger":"org.apache.kafka.clients.NetworkClient","service":"skyways","environment":"local","traceId":"${ctx:traceId}"}
{"@timestamp":"2026-05-16T09:19:08.086Z","ecs.version":"1.2.0","log.level":"WARN","message":"[Consumer clientId=consumer-flight-service-group-2, groupId=flight-service-group] Connection to node -1 (localhost/127.0.0.1:29092) could not be established. Node may not be available.","process.thread.name":"org.springframework.kafka.KafkaListenerEndpointContainer#1-0-C-1","log.logger":"org.apache.kafka.clients.NetworkClient","service":"skyways","environment":"local","traceId":"${ctx:traceId}"}
{"@timestamp":"2026-05-16T09:19:08.086Z","ecs.version":"1.2.0","log.level":"WARN","message":"[Consumer clientId=consumer-flight-service-group-2, groupId=flight-service-group] Bootstrap broker localhost:29092 (id: -1 rack: null) disconnected","process.thread.name":"org.springframework.kafka.KafkaListenerEndpointContainer#1-0-C-1","log.logger":"org.apache.kafka.clients.NetworkClient","service":"skyways","environment":"local","traceId":"${ctx:traceId}"}
{"@timestamp":"2026-05-16T09:19:08.530Z","ecs.version":"1.2.0","log.level":"WARN","message":"[Consumer clientId=consumer-flight-service-group-1, groupId=flight-service-group] Connection to node -1 (localhost/127.0.0.1:29092) could not be established. Node may not be available.","process.thread.name":"org.springframework.kafka.KafkaListenerEndpointContainer#0-0-C-1","log.logger":"org.apache.kafka.clients.NetworkClient","service":"skyways","environment":"local","traceId":"${ctx:traceId}"}
{"@timestamp":"2026-05-16T09:19:08.530Z","ecs.version":"1.2.0","log.level":"WARN","message":"[Consumer clientId=consumer-flight-service-group-1, groupId=flight-service-group] Bootstrap broker localhost:29092 (id: -1 rack: null) disconnected","process.thread.name":"org.springframework.kafka.KafkaListenerEndpointContainer#0-0-C-1","log.logger":"org.apache.kafka.clients.NetworkClient","service":"skyways","environment":"local","traceId":"${ctx:traceId}"}
{"@timestamp":"2026-05-16T09:19:09.128Z","ecs.version":"1.2.0","log.level":"WARN","message":"[Consumer clientId=consumer-flight-service-group-2, groupId=flight-service-group] Connection to node -1 (localhost/127.0.0.1:29092) could not be established. Node may not be available.","process.thread.name":"org.springframework.kafka.KafkaListenerEndpointContainer#1-0-C-1","log.logger":"org.apache.kafka.clients.NetworkClient","service":"skyways","environment":"local","traceId":"${ctx:traceId}"}
{"@timestamp":"2026-05-16T09:19:09.128Z","ecs.version":"1.2.0","log.level":"WARN","message":"[Consumer clientId=consumer-flight-service-group-2, groupId=flight-service-group] Bootstrap broker localhost:29092 (id: -1 rack: null) disconnected","process.thread.name":"org.springframework.kafka.KafkaListenerEndpointContainer#1-0-C-1","log.logger":"org.apache.kafka.clients.NetworkClient","service":"skyways","environment":"local","traceId":"${ctx:traceId}"}
{"@timestamp":"2026-05-16T09:19:09.587Z","ecs.version":"1.2.0","log.level":"WARN","message":"[Consumer clientId=consumer-flight-service-group-1, groupId=flight-service-group] Connection to node -1 (localhost/127.0.0.1:29092) could not be established. Node may not be available.","process.thread.name":"org.springframework.kafka.KafkaListenerEndpointContainer#0-0-C-1","log.logger":"org.apache.kafka.clients.NetworkClient","service":"skyways","environment":"local","traceId":"${ctx:traceId}"}
{"@timestamp":"2026-05-16T09:19:09.587Z","ecs.version":"1.2.0","log.level":"WARN","message":"[Consumer clientId=consumer-flight-service-group-1, groupId=flight-service-group] Bootstrap broker localhost:29092 (id: -1 rack: null) disconnected","process.thread.name":"org.springframework.kafka.KafkaListenerEndpointContainer#0-0-C-1","log.logger":"org.apache.kafka.clients.NetworkClient","service":"skyways","environment":"local","traceId":"${ctx:traceId}"}
{"@timestamp":"2026-05-16T09:19:10.140Z","ecs.version":"1.2.0","log.level":"WARN","message":"[Consumer clientId=consumer-flight-service-group-2, groupId=flight-service-group] Connection to node -1 (localhost/127.0.0.1:29092) could not be established. Node may not be available.","process.thread.name":"org.springframework.kafka.KafkaListenerEndpointContainer#1-0-C-1","log.logger":"org.apache.kafka.clients.NetworkClient","service":"skyways","environment":"local","traceId":"${ctx:traceId}"}
{"@timestamp":"2026-05-16T09:19:10.140Z","ecs.version":"1.2.0","log.level":"WARN","message":"[Consumer clientId=consumer-flight-service-group-2, groupId=flight-service-group] Bootstrap broker localhost:29092 (id: -1 rack: null) disconnected","process.thread.name":"org.springframework.kafka.KafkaListenerEndpointContainer#1-0-C-1","log.logger":"org.apache.kafka.clients.NetworkClient","service":"skyways","environment":"local","traceId":"${ctx:traceId}"}
{"@timestamp":"2026-05-16T09:19:10.632Z","ecs.version":"1.2.0","log.level":"WARN","message":"[Consumer clientId=consumer-flight-service-group-1, groupId=flight-service-group] Connection to node -1 (localhost/127.0.0.1:29092) could not be established. Node may not be available.","process.thread.name":"org.springframework.kafka.KafkaListenerEndpointContainer#0-0-C-1","log.logger":"org.apache.kafka.clients.NetworkClient","service":"skyways","environment":"local","traceId":"${ctx:traceId}"}
{"@timestamp":"2026-05-16T09:19:10.632Z","ecs.version":"1.2.0","log.level":"WARN","message":"[Consumer clientId=consumer-flight-service-group-1, groupId=flight-service-group] Bootstrap broker localhost:29092 (id: -1 rack: null) disconnected","process.thread.name":"org.springframework.kafka.KafkaListenerEndpointContainer#0-0-C-1","log.logger":"org.apache.kafka.clients.NetworkClient","service":"skyways","environment":"local","traceId":"${ctx:traceId}"}
{"@timestamp":"2026-05-16T09:19:11.156Z","ecs.version":"1.2.0","log.level":"WARN","message":"[Consumer clientId=consumer-flight-service-group-2, groupId=flight-service-group] Connection to node -1 (localhost/127.0.0.1:29092) could not be established. Node may not be available.","process.thread.name":"org.springframework.kafka.KafkaListenerEndpointContainer#1-0-C-1","log.logger":"org.apache.kafka.clients.NetworkClient","service":"skyways","environment":"local","traceId":"${ctx:traceId}"}
{"@timestamp":"2026-05-16T09:19:11.156Z","ecs.version":"1.2.0","log.level":"WARN","message":"[Consumer clientId=consumer-flight-service-group-2, groupId=flight-service-group] Bootstrap broker localhost:29092 (id: -1 rack: null) disconnected","process.thread.name":"org.springframework.kafka.KafkaListenerEndpointContainer#1-0-C-1","log.logger":"org.apache.kafka.clients.NetworkClient","service":"skyways","environment":"local","traceId":"${ctx:traceId}"}
{"@timestamp":"2026-05-16T09:19:11.548Z","ecs.version":"1.2.0","log.level":"WARN","message":"[Consumer clientId=consumer-flight-service-group-1, groupId=flight-service-group] Connection to node -1 (localhost/127.0.0.1:29092) could not be established. Node may not be available.","process.thread.name":"org.springframework.kafka.KafkaListenerEndpointContainer#0-0-C-1","log.logger":"org.apache.kafka.clients.NetworkClient","service":"skyways","environment":"local","traceId":"${ctx:traceId}"}
{"@timestamp":"2026-05-16T09:19:11.548Z","ecs.version":"1.2.0","log.level":"WARN","message":"[Consumer clientId=consumer-flight-service-group-1, groupId=flight-service-group] Bootstrap broker localhost:29092 (id: -1 rack: null) disconnected","process.thread.name":"org.springframework.kafka.KafkaListenerEndpointContainer#0-0-C-1","log.logger":"org.apache.kafka.clients.NetworkClient","service":"skyways","environment":"local","traceId":"${ctx:traceId}"}
{"@timestamp":"2026-05-16T09:19:12.166Z","ecs.version":"1.2.0","log.level":"WARN","message":"[Consumer clientId=consumer-flight-service-group-2, groupId=flight-service-group] Connection to node -1 (localhost/127.0.0.1:29092) could not be established. Node may not be available.","process.thread.name":"org.springframework.kafka.KafkaListenerEndpointContainer#1-0-C-1","log.logger":"org.apache.kafka.clients.NetworkClient","service":"skyways","environment":"local","traceId":"${ctx:traceId}"}
{"@timestamp":"2026-05-16T09:19:12.166Z","ecs.version":"1.2.0","log.level":"WARN","message":"[Consumer clientId=consumer-flight-service-group-2, groupId=flight-service-group] Bootstrap broker localhost:29092 (id: -1 rack: null) disconnected","process.thread.name":"org.springframework.kafka.KafkaListenerEndpointContainer#1-0-C-1","log.logger":"org.apache.kafka.clients.NetworkClient","service":"skyways","environment":"local","traceId":"${ctx:traceId}"}
{"@timestamp":"2026-05-16T09:19:12.560Z","ecs.version":"1.2.0","log.level":"WARN","message":"[Consumer clientId=consumer-flight-service-group-1, groupId=flight-service-group] Connection to node -1 (localhost/127.0.0.1:29092) could not be established. Node may not be available.","process.thread.name":"org.springframework.kafka.KafkaListenerEndpointContainer#0-0-C-1","log.logger":"org.apache.kafka.clients.NetworkClient","service":"skyways","environment":"local","traceId":"${ctx:traceId}"}
{"@timestamp":"2026-05-16T09:19:12.560Z","ecs.version":"1.2.0","log.level":"WARN","message":"[Consumer clientId=consumer-flight-service-group-1, groupId=flight-service-group] Bootstrap broker localhost:29092 (id: -1 rack: null) disconnected","process.thread.name":"org.springframework.kafka.KafkaListenerEndpointContainer#0-0-C-1","log.logger":"org.apache.kafka.clients.NetworkClient","service":"skyways","environment":"local","traceId":"${ctx:traceId}"}
{"@timestamp":"2026-05-16T09:19:13.053Z","ecs.version":"1.2.0","log.level":"WARN","message":"[Consumer clientId=consumer-flight-service-group-2, groupId=flight-service-group] Connection to node -1 (localhost/127.0.0.1:29092) could not be established. Node may not be available.","process.thread.name":"org.springframework.kafka.KafkaListenerEndpointContainer#1-0-C-1","log.logger":"org.apache.kafka.clients.NetworkClient","service":"skyways","environment":"local","traceId":"${ctx:traceId}"}
{"@timestamp":"2026-05-16T09:19:13.053Z","ecs.version":"1.2.0","log.level":"WARN","message":"[Consumer clientId=consumer-flight-service-group-2, groupId=flight-service-group] Bootstrap broker localhost:29092 (id: -1 rack: null) disconnected","process.thread.name":"org.springframework.kafka.KafkaListenerEndpointContainer#1-0-C-1","log.logger":"org.apache.kafka.clients.NetworkClient","service":"skyways","environment":"local","traceId":"${ctx:traceId}"}
{"@timestamp":"2026-05-16T09:19:13.511Z","ecs.version":"1.2.0","log.level":"WARN","message":"[Consumer clientId=consumer-flight-service-group-1, groupId=flight-service-group] Connection to node -1 (localhost/127.0.0.1:29092) could not be established. Node may not be available.","process.thread.name":"org.springframework.kafka.KafkaListenerEndpointContainer#0-0-C-1","log.logger":"org.apache.kafka.clients.NetworkClient","service":"skyways","environment":"local","traceId":"${ctx:traceId}"}
{"@timestamp":"2026-05-16T09:19:13.511Z","ecs.version":"1.2.0","log.level":"WARN","message":"[Consumer clientId=consumer-flight-service-group-1, groupId=flight-service-group] Bootstrap broker localhost:29092 (id: -1 rack: null) disconnected","process.thread.name":"org.springframework.kafka.KafkaListenerEndpointContainer#0-0-C-1","log.logger":"org.apache.kafka.clients.NetworkClient","service":"skyways","environment":"local","traceId":"${ctx:traceId}"}
{"@timestamp":"2026-05-16T09:19:14.078Z","ecs.version":"1.2.0","log.level":"WARN","message":"[Consumer clientId=consumer-flight-service-group-2, groupId=flight-service-group] Connection to node -1 (localhost/127.0.0.1:29092) could not be established. Node may not be available.","process.thread.name":"org.springframework.kafka.KafkaListenerEndpointContainer#1-0-C-1","log.logger":"org.apache.kafka.clients.NetworkClient","service":"skyways","environment":"local","traceId":"${ctx:traceId}"}
{"@timestamp":"2026-05-16T09:19:14.078Z","ecs.version":"1.2.0","log.level":"WARN","message":"[Consumer clientId=consumer-flight-service-group-2, groupId=flight-service-group] Bootstrap broker localhost:29092 (id: -1 rack: null) disconnected","process.thread.name":"org.springframework.kafka.KafkaListenerEndpointContainer#1-0-C-1","log.logger":"org.apache.kafka.clients.NetworkClient","service":"skyways","environment":"local","traceId":"${ctx:traceId}"}
{"@timestamp":"2026-05-16T09:19:14.520Z","ecs.version":"1.2.0","log.level":"WARN","message":"[Consumer clientId=consumer-flight-service-group-1, groupId=flight-service-group] Connection to node -1 (localhost/127.0.0.1:29092) could not be established. Node may not be available.","process.thread.name":"org.springframework.kafka.KafkaListenerEndpointContainer#0-0-C-1","log.logger":"org.apache.kafka.clients.NetworkClient","service":"skyways","environment":"local","traceId":"${ctx:traceId}"}
{"@timestamp":"2026-05-16T09:19:14.520Z","ecs.version":"1.2.0","log.level":"WARN","message":"[Consumer clientId=consumer-flight-service-group-1, groupId=flight-service-group] Bootstrap broker localhost:29092 (id: -1 rack: null) disconnected","process.thread.name":"org.springframework.kafka.KafkaListenerEndpointContainer#0-0-C-1","log.logger":"org.apache.kafka.clients.NetworkClient","service":"skyways","environment":"local","traceId":"${ctx:traceId}"}
{"@timestamp":"2026-05-16T09:19:15.022Z","ecs.version":"1.2.0","log.level":"WARN","message":"[Consumer clientId=consumer-flight-service-group-2, groupId=flight-service-group] Connection to node -1 (localhost/127.0.0.1:29092) could not be established. Node may not be available.","process.thread.name":"org.springframework.kafka.KafkaListenerEndpointContainer#1-0-C-1","log.logger":"org.apache.kafka.clients.NetworkClient","service":"skyways","environment":"local","traceId":"${ctx:traceId}"}
{"@timestamp":"2026-05-16T09:19:15.022Z","ecs.version":"1.2.0","log.level":"WARN","message":"[Consumer clientId=consumer-flight-service-group-2, groupId=flight-service-group] Bootstrap broker localhost:29092 (id: -1 rack: null) disconnected","process.thread.name":"org.springframework.kafka.KafkaListenerEndpointContainer#1-0-C-1","log.logger":"org.apache.kafka.clients.NetworkClient","service":"skyways","environment":"local","traceId":"${ctx:traceId}"}
{"@timestamp":"2026-05-16T09:19:15.575Z","ecs.version":"1.2.0","log.level":"WARN","message":"[Consumer clientId=consumer-flight-service-group-1, groupId=flight-service-group] Connection to node -1 (localhost/127.0.0.1:29092) could not be established. Node may not be available.","process.thread.name":"org.springframework.kafka.KafkaListenerEndpointContainer#0-0-C-1","log.logger":"org.apache.kafka.clients.NetworkClient","service":"skyways","environment":"local","traceId":"${ctx:traceId}"}
{"@timestamp":"2026-05-16T09:19:15.575Z","ecs.version":"1.2.0","log.level":"WARN","message":"[Consumer clientId=consumer-flight-service-group-1, groupId=flight-service-group] Bootstrap broker localhost:29092 (id: -1 rack: null) disconnected","process.thread.name":"org.springframework.kafka.KafkaListenerEndpointContainer#0-0-C-1","log.logger":"org.apache.kafka.clients.NetworkClient","service":"skyways","environment":"local","traceId":"${ctx:traceId}"}
{"@timestamp":"2026-05-16T09:19:16.079Z","ecs.version":"1.2.0","log.level":"WARN","message":"[Consumer clientId=consumer-flight-service-group-2, groupId=flight-service-group] Connection to node -1 (localhost/127.0.0.1:29092) could not be established. Node may not be available.","process.thread.name":"org.springframework.kafka.KafkaListenerEndpointContainer#1-0-C-1","log.logger":"org.apache.kafka.clients.NetworkClient","service":"skyways","environment":"local","traceId":"${ctx:traceId}"}
{"@timestamp":"2026-05-16T09:19:16.079Z","ecs.version":"1.2.0","log.level":"WARN","message":"[Consumer clientId=consumer-flight-service-group-2, groupId=flight-service-group] Bootstrap broker localhost:29092 (id: -1 rack: null) disconnected","process.thread.name":"org.springframework.kafka.KafkaListenerEndpointContainer#1-0-C-1","log.logger":"org.apache.kafka.clients.NetworkClient","service":"skyways","environment":"local","traceId":"${ctx:traceId}"}
{"@timestamp":"2026-05-16T09:19:16.596Z","ecs.version":"1.2.0","log.level":"WARN","message":"[Consumer clientId=consumer-flight-service-group-1, groupId=flight-service-group] Connection to node -1 (localhost/127.0.0.1:29092) could not be established. Node may not be available.","process.thread.name":"org.springframework.kafka.KafkaListenerEndpointContainer#0-0-C-1","log.logger":"org.apache.kafka.clients.NetworkClient","service":"skyways","environment":"local","traceId":"${ctx:traceId}"}
{"@timestamp":"2026-05-16T09:19:16.596Z","ecs.version":"1.2.0","log.level":"WARN","message":"[Consumer clientId=consumer-flight-service-group-1, groupId=flight-service-group] Bootstrap broker localhost:29092 (id: -1 rack: null) disconnected","process.thread.name":"org.springframework.kafka.KafkaListenerEndpointContainer#0-0-C-1","log.logger":"org.apache.kafka.clients.NetworkClient","service":"skyways","environment":"local","traceId":"${ctx:traceId}"}
{"@timestamp":"2026-05-16T09:19:17.085Z","ecs.version":"1.2.0","log.level":"WARN","message":"[Consumer clientId=consumer-flight-service-group-2, groupId=flight-service-group] Connection to node -1 (localhost/127.0.0.1:29092) could not be established. Node may not be available.","process.thread.name":"org.springframework.kafka.KafkaListenerEndpointContainer#1-0-C-1","log.logger":"org.apache.kafka.clients.NetworkClient","service":"skyways","environment":"local","traceId":"${ctx:traceId}"}
{"@timestamp":"2026-05-16T09:19:17.085Z","ecs.version":"1.2.0","log.level":"WARN","message":"[Consumer clientId=consumer-flight-service-group-2, groupId=flight-service-group] Bootstrap broker localhost:29092 (id: -1 rack: null) disconnected","process.thread.name":"org.springframework.kafka.KafkaListenerEndpointContainer#1-0-C-1","log.logger":"org.apache.kafka.clients.NetworkClient","service":"skyways","environment":"local","traceId":"${ctx:traceId}"}
{"@timestamp":"2026-05-16T09:19:17.651Z","ecs.version":"1.2.0","log.level":"WARN","message":"[Consumer clientId=consumer-flight-service-group-1, groupId=flight-service-group] Connection to node -1 (localhost/127.0.0.1:29092) could not be established. Node may not be available.","process.thread.name":"org.springframework.kafka.KafkaListenerEndpointContainer#0-0-C-1","log.logger":"org.apache.kafka.clients.NetworkClient","service":"skyways","environment":"local","traceId":"${ctx:traceId}"}
{"@timestamp":"2026-05-16T09:19:17.651Z","ecs.version":"1.2.0","log.level":"WARN","message":"[Consumer clientId=consumer-flight-service-group-1, groupId=flight-service-group] Bootstrap broker localhost:29092 (id: -1 rack: null) disconnected","process.thread.name":"org.springframework.kafka.KafkaListenerEndpointContainer#0-0-C-1","log.logger":"org.apache.kafka.clients.NetworkClient","service":"skyways","environment":"local","traceId":"${ctx:traceId}"}
{"@timestamp":"2026-05-16T09:19:17.903Z","ecs.version":"1.2.0","log.level":"WARN","message":"[Consumer clientId=consumer-flight-service-group-2, groupId=flight-service-group] Connection to node -1 (localhost/127.0.0.1:29092) could not be established. Node may not be available.","process.thread.name":"org.springframework.kafka.KafkaListenerEndpointContainer#1-0-C-1","log.logger":"org.apache.kafka.clients.NetworkClient","service":"skyways","environment":"local","traceId":"${ctx:traceId}"}
{"@timestamp":"2026-05-16T09:19:17.903Z","ecs.version":"1.2.0","log.level":"WARN","message":"[Consumer clientId=consumer-flight-service-group-2, groupId=flight-service-group] Bootstrap broker localhost:29092 (id: -1 rack: null) disconnected","process.thread.name":"org.springframework.kafka.KafkaListenerEndpointContainer#1-0-C-1","log.logger":"org.apache.kafka.clients.NetworkClient","service":"skyways","environment":"local","traceId":"${ctx:traceId}"}
{"@timestamp":"2026-05-16T09:19:18.659Z","ecs.version":"1.2.0","log.level":"WARN","message":"[Consumer clientId=consumer-flight-service-group-1, groupId=flight-service-group] Connection to node -1 (localhost/127.0.0.1:29092) could not be established. Node may not be available.","process.thread.name":"org.springframework.kafka.KafkaListenerEndpointContainer#0-0-C-1","log.logger":"org.apache.kafka.clients.NetworkClient","service":"skyways","environment":"local","traceId":"${ctx:traceId}"}
{"@timestamp":"2026-05-16T09:19:18.659Z","ecs.version":"1.2.0","log.level":"WARN","message":"[Consumer clientId=consumer-flight-service-group-1, groupId=flight-service-group] Bootstrap broker localhost:29092 (id: -1 rack: null) disconnected","process.thread.name":"org.springframework.kafka.KafkaListenerEndpointContainer#0-0-C-1","log.logger":"org.apache.kafka.clients.NetworkClient","service":"skyways","environment":"local","traceId":"${ctx:traceId}"}
{"@timestamp":"2026-05-16T09:19:18.912Z","ecs.version":"1.2.0","log.level":"WARN","message":"[Consumer clientId=consumer-flight-service-group-2, groupId=flight-service-group] Connection to node -1 (localhost/127.0.0.1:29092) could not be established. Node may not be available.","process.thread.name":"org.springframework.kafka.KafkaListenerEndpointContainer#1-0-C-1","log.logger":"org.apache.kafka.clients.NetworkClient","service":"skyways","environment":"local","traceId":"${ctx:traceId}"}
{"@timestamp":"2026-05-16T09:19:18.912Z","ecs.version":"1.2.0","log.level":"WARN","message":"[Consumer clientId=consumer-flight-service-group-2, groupId=flight-service-group] Bootstrap broker localhost:29092 (id: -1 rack: null) disconnected","process.thread.name":"org.springframework.kafka.KafkaListenerEndpointContainer#1-0-C-1","log.logger":"org.apache.kafka.clients.NetworkClient","service":"skyways","environment":"local","traceId":"${ctx:traceId}"}
{"@timestamp":"2026-05-16T09:19:19.269Z","ecs.version":"1.2.0","log.level":"WARN","message":"Request execution failed with message: I/O error on GET request for \"http://localhost:8761/eureka/apps/\": Connect to http://localhost:8761 [localhost/127.0.0.1, localhost/0:0:0:0:0:0:0:1] failed: Connection refused: no further information","process.thread.name":"DiscoveryClient-CacheRefreshExecutor-0","log.logger":"com.netflix.discovery.shared.transport.decorator.RetryableEurekaHttpClient","service":"skyways","environment":"local","traceId":"${ctx:traceId}"}
{"@timestamp":"2026-05-16T09:19:19.292Z","ecs.version":"1.2.0","log.level":"WARN","message":"Request execution failed with message: I/O error on PUT request for \"http://localhost:8761/eureka/apps/SKYWAYS-FLIGHT-SERVICE/DESKTOP-S0AUF4J:skyways-flight-service:8082\": Connect to http://localhost:8761 [localhost/127.0.0.1, localhost/0:0:0:0:0:0:0:1] failed: Connection refused: no further information","process.thread.name":"DiscoveryClient-HeartbeatExecutor-0","log.logger":"com.netflix.discovery.shared.transport.decorator.RetryableEurekaHttpClient","service":"skyways","environment":"local","traceId":"${ctx:traceId}"}
{"@timestamp":"2026-05-16T09:19:19.292Z","ecs.version":"1.2.0","log.level":"ERROR","message":"DiscoveryClient_SKYWAYS-FLIGHT-SERVICE/DESKTOP-S0AUF4J:skyways-flight-service:8082 - was unable to send heartbeat!","process.thread.name":"DiscoveryClient-HeartbeatExecutor-0","log.logger":"com.netflix.discovery.DiscoveryClient","error.type":"com.netflix.discovery.shared.transport.TransportException","error.message":"Cannot execute request on any known server","error.stack_trace":"com.netflix.discovery.shared.transport.TransportException: Cannot execute request on any known server\r\n\tat com.netflix.discovery.shared.transport.decorator.RetryableEurekaHttpClient.execute(RetryableEurekaHttpClient.java:112)\r\n\tat com.netflix.discovery.shared.transport.decorator.EurekaHttpClientDecorator.sendHeartBeat(EurekaHttpClientDecorator.java:89)\r\n\tat com.netflix.discovery.shared.transport.decorator.EurekaHttpClientDecorator$3.execute(EurekaHttpClientDecorator.java:92)\r\n\tat com.netflix.discovery.shared.transport.decorator.SessionedEurekaHttpClient.execute(SessionedEurekaHttpClient.java:77)\r\n\tat com.netflix.discovery.shared.transport.decorator.EurekaHttpClientDecorator.sendHeartBeat(EurekaHttpClientDecorator.java:89)\r\n\tat com.netflix.discovery.DiscoveryClient.renew(DiscoveryClient.java:837)\r\n\tat com.netflix.discovery.DiscoveryClient$HeartbeatThread.run(DiscoveryClient.java:1401)\r\n\tat java.base/java.util.concurrent.Executors$RunnableAdapter.call(Executors.java:539)\r\n\tat java.base/java.util.concurrent.FutureTask.run(FutureTask.java:264)\r\n\tat java.base/java.util.concurrent.ThreadPoolExecutor.runWorker(ThreadPoolExecutor.java:1136)\r\n\tat java.base/java.util.concurrent.ThreadPoolExecutor$Worker.run(ThreadPoolExecutor.java:635)\r\n\tat java.base/java.lang.Thread.run(Thread.java:842)\r\n","service":"skyways","environment":"local","traceId":"${ctx:traceId}"}
{"@timestamp":"2026-05-16T09:19:19.468Z","ecs.version":"1.2.0","log.level":"WARN","message":"Request execution failed with message: I/O error on POST request for \"http://localhost:8761/eureka/apps/SKYWAYS-FLIGHT-SERVICE\": Connect to http://localhost:8761 [localhost/127.0.0.1, localhost/0:0:0:0:0:0:0:1] failed: Connection refused: no further information","process.thread.name":"DiscoveryClient-InstanceInfoReplicator-0","log.logger":"com.netflix.discovery.shared.transport.decorator.RetryableEurekaHttpClient","service":"skyways","environment":"local","traceId":"${ctx:traceId}"}
{"@timestamp":"2026-05-16T09:19:19.469Z","ecs.version":"1.2.0","log.level":"WARN","message":"DiscoveryClient_SKYWAYS-FLIGHT-SERVICE/DESKTOP-S0AUF4J:skyways-flight-service:8082 - registration failed Cannot execute request on any known server","process.thread.name":"DiscoveryClient-InstanceInfoReplicator-0","log.logger":"com.netflix.discovery.DiscoveryClient","error.type":"com.netflix.discovery.shared.transport.TransportException","error.message":"Cannot execute request on any known server","error.stack_trace":"com.netflix.discovery.shared.transport.TransportException: Cannot execute request on any known server\r\n\tat com.netflix.discovery.shared.transport.decorator.RetryableEurekaHttpClient.execute(RetryableEurekaHttpClient.java:112)\r\n\tat com.netflix.discovery.shared.transport.decorator.EurekaHttpClientDecorator.register(EurekaHttpClientDecorator.java:56)\r\n\tat com.netflix.discovery.shared.transport.decorator.EurekaHttpClientDecorator$1.execute(EurekaHttpClientDecorator.java:59)\r\n\tat com.netflix.discovery.shared.transport.decorator.SessionedEurekaHttpClient.execute(SessionedEurekaHttpClient.java:77)\r\n\tat com.netflix.discovery.shared.transport.decorator.EurekaHttpClientDecorator.register(EurekaHttpClientDecorator.java:56)\r\n\tat com.netflix.discovery.DiscoveryClient.register(DiscoveryClient.java:820)\r\n\tat com.netflix.discovery.InstanceInfoReplicator.run(InstanceInfoReplicator.java:121)\r\n\tat java.base/java.util.concurrent.Executors$RunnableAdapter.call(Executors.java:539)\r\n\tat java.base/java.util.concurrent.FutureTask.run(FutureTask.java:264)\r\n\tat java.base/java.util.concurrent.ScheduledThreadPoolExecutor$ScheduledFutureTask.run(ScheduledThreadPoolExecutor.java:304)\r\n\tat java.base/java.util.concurrent.ThreadPoolExecutor.runWorker(ThreadPoolExecutor.java:1136)\r\n\tat java.base/java.util.concurrent.ThreadPoolExecutor$Worker.run(ThreadPoolExecutor.java:635)\r\n\tat java.base/java.lang.Thread.run(Thread.java:842)\r\n","service":"skyways","environment":"local","traceId":"${ctx:traceId}"}
{"@timestamp":"2026-05-16T09:19:19.469Z","ecs.version":"1.2.0","log.level":"WARN","message":"There was a problem with the instance info replicator","process.thread.name":"DiscoveryClient-InstanceInfoReplicator-0","log.logger":"com.netflix.discovery.InstanceInfoReplicator","error.type":"com.netflix.discovery.shared.transport.TransportException","error.message":"Cannot execute request on any known server","error.stack_trace":"com.netflix.discovery.shared.transport.TransportException: Cannot execute request on any known server\r\n\tat com.netflix.discovery.shared.transport.decorator.RetryableEurekaHttpClient.execute(RetryableEurekaHttpClient.java:112)\r\n\tat com.netflix.discovery.shared.transport.decorator.EurekaHttpClientDecorator.register(EurekaHttpClientDecorator.java:56)\r\n\tat com.netflix.discovery.shared.transport.decorator.EurekaHttpClientDecorator$1.execute(EurekaHttpClientDecorator.java:59)\r\n\tat com.netflix.discovery.shared.transport.decorator.SessionedEurekaHttpClient.execute(SessionedEurekaHttpClient.java:77)\r\n\tat com.netflix.discovery.shared.transport.decorator.EurekaHttpClientDecorator.register(EurekaHttpClientDecorator.java:56)\r\n\tat com.netflix.discovery.DiscoveryClient.register(DiscoveryClient.java:820)\r\n\tat com.netflix.discovery.InstanceInfoReplicator.run(InstanceInfoReplicator.java:121)\r\n\tat java.base/java.util.concurrent.Executors$RunnableAdapter.call(Executors.java:539)\r\n\tat java.base/java.util.concurrent.FutureTask.run(FutureTask.java:264)\r\n\tat java.base/java.util.concurrent.ScheduledThreadPoolExecutor$ScheduledFutureTask.run(ScheduledThreadPoolExecutor.java:304)\r\n\tat java.base/java.util.concurrent.ThreadPoolExecutor.runWorker(ThreadPoolExecutor.java:1136)\r\n\tat java.base/java.util.concurrent.ThreadPoolExecutor$Worker.run(ThreadPoolExecutor.java:635)\r\n\tat java.base/java.lang.Thread.run(Thread.java:842)\r\n","service":"skyways","environment":"local","traceId":"${ctx:traceId}"}
{"@timestamp":"2026-05-16T09:19:19.674Z","ecs.version":"1.2.0","log.level":"WARN","message":"[Consumer clientId=consumer-flight-service-group-1, groupId=flight-service-group] Connection to node -1 (localhost/127.0.0.1:29092) could not be established. Node may not be available.","process.thread.name":"org.springframework.kafka.KafkaListenerEndpointContainer#0-0-C-1","log.logger":"org.apache.kafka.clients.NetworkClient","service":"skyways","environment":"local","traceId":"${ctx:traceId}"}
{"@timestamp":"2026-05-16T09:19:19.674Z","ecs.version":"1.2.0","log.level":"WARN","message":"[Consumer clientId=consumer-flight-service-group-1, groupId=flight-service-group] Bootstrap broker localhost:29092 (id: -1 rack: null) disconnected","process.thread.name":"org.springframework.kafka.KafkaListenerEndpointContainer#0-0-C-1","log.logger":"org.apache.kafka.clients.NetworkClient","service":"skyways","environment":"local","traceId":"${ctx:traceId}"}
{"@timestamp":"2026-05-16T09:19:19.863Z","ecs.version":"1.2.0","log.level":"WARN","message":"[Consumer clientId=consumer-flight-service-group-2, groupId=flight-service-group] Connection to node -1 (localhost/127.0.0.1:29092) could not be established. Node may not be available.","process.thread.name":"org.springframework.kafka.KafkaListenerEndpointContainer#1-0-C-1","log.logger":"org.apache.kafka.clients.NetworkClient","service":"skyways","environment":"local","traceId":"${ctx:traceId}"}
{"@timestamp":"2026-05-16T09:19:19.863Z","ecs.version":"1.2.0","log.level":"WARN","message":"[Consumer clientId=consumer-flight-service-group-2, groupId=flight-service-group] Bootstrap broker localhost:29092 (id: -1 rack: null) disconnected","process.thread.name":"org.springframework.kafka.KafkaListenerEndpointContainer#1-0-C-1","log.logger":"org.apache.kafka.clients.NetworkClient","service":"skyways","environment":"local","traceId":"${ctx:traceId}"}
{"@timestamp":"2026-05-16T09:19:20.606Z","ecs.version":"1.2.0","log.level":"WARN","message":"[Consumer clientId=consumer-flight-service-group-1, groupId=flight-service-group] Connection to node -1 (localhost/127.0.0.1:29092) could not be established. Node may not be available.","process.thread.name":"org.springframework.kafka.KafkaListenerEndpointContainer#0-0-C-1","log.logger":"org.apache.kafka.clients.NetworkClient","service":"skyways","environment":"local","traceId":"${ctx:traceId}"}
{"@timestamp":"2026-05-16T09:19:20.607Z","ecs.version":"1.2.0","log.level":"WARN","message":"[Consumer clientId=consumer-flight-service-group-1, groupId=flight-service-group] Bootstrap broker localhost:29092 (id: -1 rack: null) disconnected","process.thread.name":"org.springframework.kafka.KafkaListenerEndpointContainer#0-0-C-1","log.logger":"org.apache.kafka.clients.NetworkClient","service":"skyways","environment":"local","traceId":"${ctx:traceId}"}
{"@timestamp":"2026-05-16T09:19:20.923Z","ecs.version":"1.2.0","log.level":"WARN","message":"[Consumer clientId=consumer-flight-service-group-2, groupId=flight-service-group] Connection to node -1 (localhost/127.0.0.1:29092) could not be established. Node may not be available.","process.thread.name":"org.springframework.kafka.KafkaListenerEndpointContainer#1-0-C-1","log.logger":"org.apache.kafka.clients.NetworkClient","service":"skyways","environment":"local","traceId":"${ctx:traceId}"}
{"@timestamp":"2026-05-16T09:19:20.923Z","ecs.version":"1.2.0","log.level":"WARN","message":"[Consumer clientId=consumer-flight-service-group-2, groupId=flight-service-group] Bootstrap broker localhost:29092 (id: -1 rack: null) disconnected","process.thread.name":"org.springframework.kafka.KafkaListenerEndpointContainer#1-0-C-1","log.logger":"org.apache.kafka.clients.NetworkClient","service":"skyways","environment":"local","traceId":"${ctx:traceId}"}
{"@timestamp":"2026-05-16T09:19:21.633Z","ecs.version":"1.2.0","log.level":"WARN","message":"[Consumer clientId=consumer-flight-service-group-1, groupId=flight-service-group] Connection to node -1 (localhost/127.0.0.1:29092) could not be established. Node may not be available.","process.thread.name":"org.springframework.kafka.KafkaListenerEndpointContainer#0-0-C-1","log.logger":"org.apache.kafka.clients.NetworkClient","service":"skyways","environment":"local","traceId":"${ctx:traceId}"}
{"@timestamp":"2026-05-16T09:19:21.633Z","ecs.version":"1.2.0","log.level":"WARN","message":"[Consumer clientId=consumer-flight-service-group-1, groupId=flight-service-group] Bootstrap broker localhost:29092 (id: -1 rack: null) disconnected","process.thread.name":"org.springframework.kafka.KafkaListenerEndpointContainer#0-0-C-1","log.logger":"org.apache.kafka.clients.NetworkClient","service":"skyways","environment":"local","traceId":"${ctx:traceId}"}
{"@timestamp":"2026-05-16T09:19:21.932Z","ecs.version":"1.2.0","log.level":"WARN","message":"[Consumer clientId=consumer-flight-service-group-2, groupId=flight-service-group] Connection to node -1 (localhost/127.0.0.1:29092) could not be established. Node may not be available.","process.thread.name":"org.springframework.kafka.KafkaListenerEndpointContainer#1-0-C-1","log.logger":"org.apache.kafka.clients.NetworkClient","service":"skyways","environment":"local","traceId":"${ctx:traceId}"}
{"@timestamp":"2026-05-16T09:19:21.932Z","ecs.version":"1.2.0","log.level":"WARN","message":"[Consumer clientId=consumer-flight-service-group-2, groupId=flight-service-group] Bootstrap broker localhost:29092 (id: -1 rack: null) disconnected","process.thread.name":"org.springframework.kafka.KafkaListenerEndpointContainer#1-0-C-1","log.logger":"org.apache.kafka.clients.NetworkClient","service":"skyways","environment":"local","traceId":"${ctx:traceId}"}
{"@timestamp":"2026-05-16T09:19:22.526Z","ecs.version":"1.2.0","log.level":"WARN","message":"[Consumer clientId=consumer-flight-service-group-1, groupId=flight-service-group] Connection to node -1 (localhost/127.0.0.1:29092) could not be established. Node may not be available.","process.thread.name":"org.springframework.kafka.KafkaListenerEndpointContainer#0-0-C-1","log.logger":"org.apache.kafka.clients.NetworkClient","service":"skyways","environment":"local","traceId":"${ctx:traceId}"}
{"@timestamp":"2026-05-16T09:19:22.526Z","ecs.version":"1.2.0","log.level":"WARN","message":"[Consumer clientId=consumer-flight-service-group-1, groupId=flight-service-group] Bootstrap broker localhost:29092 (id: -1 rack: null) disconnected","process.thread.name":"org.springframework.kafka.KafkaListenerEndpointContainer#0-0-C-1","log.logger":"org.apache.kafka.clients.NetworkClient","service":"skyways","environment":"local","traceId":"${ctx:traceId}"}
{"@timestamp":"2026-05-16T09:19:22.936Z","ecs.version":"1.2.0","log.level":"WARN","message":"[Consumer clientId=consumer-flight-service-group-2, groupId=flight-service-group] Connection to node -1 (localhost/127.0.0.1:29092) could not be established. Node may not be available.","process.thread.name":"org.springframework.kafka.KafkaListenerEndpointContainer#1-0-C-1","log.logger":"org.apache.kafka.clients.NetworkClient","service":"skyways","environment":"local","traceId":"${ctx:traceId}"}
{"@timestamp":"2026-05-16T09:19:22.936Z","ecs.version":"1.2.0","log.level":"WARN","message":"[Consumer clientId=consumer-flight-service-group-2, groupId=flight-service-group] Bootstrap broker localhost:29092 (id: -1 rack: null) disconnected","process.thread.name":"org.springframework.kafka.KafkaListenerEndpointContainer#1-0-C-1","log.logger":"org.apache.kafka.clients.NetworkClient","service":"skyways","environment":"local","traceId":"${ctx:traceId}"}
{"@timestamp":"2026-05-16T09:19:23.474Z","ecs.version":"1.2.0","log.level":"WARN","message":"[Consumer clientId=consumer-flight-service-group-1, groupId=flight-service-group] Connection to node -1 (localhost/127.0.0.1:29092) could not be established. Node may not be available.","process.thread.name":"org.springframework.kafka.KafkaListenerEndpointContainer#0-0-C-1","log.logger":"org.apache.kafka.clients.NetworkClient","service":"skyways","environment":"local","traceId":"${ctx:traceId}"}
{"@timestamp":"2026-05-16T09:19:23.474Z","ecs.version":"1.2.0","log.level":"WARN","message":"[Consumer clientId=consumer-flight-service-group-1, groupId=flight-service-group] Bootstrap broker localhost:29092 (id: -1 rack: null) disconnected","process.thread.name":"org.springframework.kafka.KafkaListenerEndpointContainer#0-0-C-1","log.logger":"org.apache.kafka.clients.NetworkClient","service":"skyways","environment":"local","traceId":"${ctx:traceId}"}
{"@timestamp":"2026-05-16T09:19:23.949Z","ecs.version":"1.2.0","log.level":"WARN","message":"[Consumer clientId=consumer-flight-service-group-2, groupId=flight-service-group] Connection to node -1 (localhost/127.0.0.1:29092) could not be established. Node may not be available.","process.thread.name":"org.springframework.kafka.KafkaListenerEndpointContainer#1-0-C-1","log.logger":"org.apache.kafka.clients.NetworkClient","service":"skyways","environment":"local","traceId":"${ctx:traceId}"}
{"@timestamp":"2026-05-16T09:19:23.949Z","ecs.version":"1.2.0","log.level":"WARN","message":"[Consumer clientId=consumer-flight-service-group-2, groupId=flight-service-group] Bootstrap broker localhost:29092 (id: -1 rack: null) disconnected","process.thread.name":"org.springframework.kafka.KafkaListenerEndpointContainer#1-0-C-1","log.logger":"org.apache.kafka.clients.NetworkClient","service":"skyways","environment":"local","traceId":"${ctx:traceId}"}
{"@timestamp":"2026-05-16T09:19:24.417Z","ecs.version":"1.2.0","log.level":"WARN","message":"[Consumer clientId=consumer-flight-service-group-1, groupId=flight-service-group] Connection to node -1 (localhost/127.0.0.1:29092) could not be established. Node may not be available.","process.thread.name":"org.springframework.kafka.KafkaListenerEndpointContainer#0-0-C-1","log.logger":"org.apache.kafka.clients.NetworkClient","service":"skyways","environment":"local","traceId":"${ctx:traceId}"}
{"@timestamp":"2026-05-16T09:19:24.418Z","ecs.version":"1.2.0","log.level":"WARN","message":"[Consumer clientId=consumer-flight-service-group-1, groupId=flight-service-group] Bootstrap broker localhost:29092 (id: -1 rack: null) disconnected","process.thread.name":"org.springframework.kafka.KafkaListenerEndpointContainer#0-0-C-1","log.logger":"org.apache.kafka.clients.NetworkClient","service":"skyways","environment":"local","traceId":"${ctx:traceId}"}
{"@timestamp":"2026-05-16T09:19:24.954Z","ecs.version":"1.2.0","log.level":"WARN","message":"[Consumer clientId=consumer-flight-service-group-2, groupId=flight-service-group] Connection to node -1 (localhost/127.0.0.1:29092) could not be established. Node may not be available.","process.thread.name":"org.springframework.kafka.KafkaListenerEndpointContainer#1-0-C-1","log.logger":"org.apache.kafka.clients.NetworkClient","service":"skyways","environment":"local","traceId":"${ctx:traceId}"}
{"@timestamp":"2026-05-16T09:19:24.954Z","ecs.version":"1.2.0","log.level":"WARN","message":"[Consumer clientId=consumer-flight-service-group-2, groupId=flight-service-group] Bootstrap broker localhost:29092 (id: -1 rack: null) disconnected","process.thread.name":"org.springframework.kafka.KafkaListenerEndpointContainer#1-0-C-1","log.logger":"org.apache.kafka.clients.NetworkClient","service":"skyways","environment":"local","traceId":"${ctx:traceId}"}
{"@timestamp":"2026-05-16T09:19:25.426Z","ecs.version":"1.2.0","log.level":"WARN","message":"[Consumer clientId=consumer-flight-service-group-1, groupId=flight-service-group] Connection to node -1 (localhost/127.0.0.1:29092) could not be established. Node may not be available.","process.thread.name":"org.springframework.kafka.KafkaListenerEndpointContainer#0-0-C-1","log.logger":"org.apache.kafka.clients.NetworkClient","service":"skyways","environment":"local","traceId":"${ctx:traceId}"}
{"@timestamp":"2026-05-16T09:19:25.427Z","ecs.version":"1.2.0","log.level":"WARN","message":"[Consumer clientId=consumer-flight-service-group-1, groupId=flight-service-group] Bootstrap broker localhost:29092 (id: -1 rack: null) disconnected","process.thread.name":"org.springframework.kafka.KafkaListenerEndpointContainer#0-0-C-1","log.logger":"org.apache.kafka.clients.NetworkClient","service":"skyways","environment":"local","traceId":"${ctx:traceId}"}
{"@timestamp":"2026-05-16T09:19:25.882Z","ecs.version":"1.2.0","log.level":"WARN","message":"[Consumer clientId=consumer-flight-service-group-2, groupId=flight-service-group] Connection to node -1 (localhost/127.0.0.1:29092) could not be established. Node may not be available.","process.thread.name":"org.springframework.kafka.KafkaListenerEndpointContainer#1-0-C-1","log.logger":"org.apache.kafka.clients.NetworkClient","service":"skyways","environment":"local","traceId":"${ctx:traceId}"}
{"@timestamp":"2026-05-16T09:19:25.882Z","ecs.version":"1.2.0","log.level":"WARN","message":"[Consumer clientId=consumer-flight-service-group-2, groupId=flight-service-group] Bootstrap broker localhost:29092 (id: -1 rack: null) disconnected","process.thread.name":"org.springframework.kafka.KafkaListenerEndpointContainer#1-0-C-1","log.logger":"org.apache.kafka.clients.NetworkClient","service":"skyways","environment":"local","traceId":"${ctx:traceId}"}
{"@timestamp":"2026-05-16T09:19:26.431Z","ecs.version":"1.2.0","log.level":"WARN","message":"[Consumer clientId=consumer-flight-service-group-1, groupId=flight-service-group] Connection to node -1 (localhost/127.0.0.1:29092) could not be established. Node may not be available.","process.thread.name":"org.springframework.kafka.KafkaListenerEndpointContainer#0-0-C-1","log.logger":"org.apache.kafka.clients.NetworkClient","service":"skyways","environment":"local","traceId":"${ctx:traceId}"}
{"@timestamp":"2026-05-16T09:19:26.431Z","ecs.version":"1.2.0","log.level":"WARN","message":"[Consumer clientId=consumer-flight-service-group-1, groupId=flight-service-group] Bootstrap broker localhost:29092 (id: -1 rack: null) disconnected","process.thread.name":"org.springframework.kafka.KafkaListenerEndpointContainer#0-0-C-1","log.logger":"org.apache.kafka.clients.NetworkClient","service":"skyways","environment":"local","traceId":"${ctx:traceId}"}
{"@timestamp":"2026-05-16T09:19:26.901Z","ecs.version":"1.2.0","log.level":"WARN","message":"[Consumer clientId=consumer-flight-service-group-2, groupId=flight-service-group] Connection to node -1 (localhost/127.0.0.1:29092) could not be established. Node may not be available.","process.thread.name":"org.springframework.kafka.KafkaListenerEndpointContainer#1-0-C-1","log.logger":"org.apache.kafka.clients.NetworkClient","service":"skyways","environment":"local","traceId":"${ctx:traceId}"}
{"@timestamp":"2026-05-16T09:19:26.901Z","ecs.version":"1.2.0","log.level":"WARN","message":"[Consumer clientId=consumer-flight-service-group-2, groupId=flight-service-group] Bootstrap broker localhost:29092 (id: -1 rack: null) disconnected","process.thread.name":"org.springframework.kafka.KafkaListenerEndpointContainer#1-0-C-1","log.logger":"org.apache.kafka.clients.NetworkClient","service":"skyways","environment":"local","traceId":"${ctx:traceId}"}
{"@timestamp":"2026-05-16T09:19:27.436Z","ecs.version":"1.2.0","log.level":"WARN","message":"[Consumer clientId=consumer-flight-service-group-1, groupId=flight-service-group] Connection to node -1 (localhost/127.0.0.1:29092) could not be established. Node may not be available.","process.thread.name":"org.springframework.kafka.KafkaListenerEndpointContainer#0-0-C-1","log.logger":"org.apache.kafka.clients.NetworkClient","service":"skyways","environment":"local","traceId":"${ctx:traceId}"}
{"@timestamp":"2026-05-16T09:19:27.436Z","ecs.version":"1.2.0","log.level":"WARN","message":"[Consumer clientId=consumer-flight-service-group-1, groupId=flight-service-group] Bootstrap broker localhost:29092 (id: -1 rack: null) disconnected","process.thread.name":"org.springframework.kafka.KafkaListenerEndpointContainer#0-0-C-1","log.logger":"org.apache.kafka.clients.NetworkClient","service":"skyways","environment":"local","traceId":"${ctx:traceId}"}
{"@timestamp":"2026-05-16T09:19:27.902Z","ecs.version":"1.2.0","log.level":"WARN","message":"[Consumer clientId=consumer-flight-service-group-2, groupId=flight-service-group] Connection to node -1 (localhost/127.0.0.1:29092) could not be established. Node may not be available.","process.thread.name":"org.springframework.kafka.KafkaListenerEndpointContainer#1-0-C-1","log.logger":"org.apache.kafka.clients.NetworkClient","service":"skyways","environment":"local","traceId":"${ctx:traceId}"}
{"@timestamp":"2026-05-16T09:19:27.902Z","ecs.version":"1.2.0","log.level":"WARN","message":"[Consumer clientId=consumer-flight-service-group-2, groupId=flight-service-group] Bootstrap broker localhost:29092 (id: -1 rack: null) disconnected","process.thread.name":"org.springframework.kafka.KafkaListenerEndpointContainer#1-0-C-1","log.logger":"org.apache.kafka.clients.NetworkClient","service":"skyways","environment":"local","traceId":"${ctx:traceId}"}
{"@timestamp":"2026-05-16T09:19:28.483Z","ecs.version":"1.2.0","log.level":"WARN","message":"[Consumer clientId=consumer-flight-service-group-1, groupId=flight-service-group] Connection to node -1 (localhost/127.0.0.1:29092) could not be established. Node may not be available.","process.thread.name":"org.springframework.kafka.KafkaListenerEndpointContainer#0-0-C-1","log.logger":"org.apache.kafka.clients.NetworkClient","service":"skyways","environment":"local","traceId":"${ctx:traceId}"}
{"@timestamp":"2026-05-16T09:19:28.483Z","ecs.version":"1.2.0","log.level":"WARN","message":"[Consumer clientId=consumer-flight-service-group-1, groupId=flight-service-group] Bootstrap broker localhost:29092 (id: -1 rack: null) disconnected","process.thread.name":"org.springframework.kafka.KafkaListenerEndpointContainer#0-0-C-1","log.logger":"org.apache.kafka.clients.NetworkClient","service":"skyways","environment":"local","traceId":"${ctx:traceId}"}
{"@timestamp":"2026-05-16T09:19:28.796Z","ecs.version":"1.2.0","log.level":"WARN","message":"[Consumer clientId=consumer-flight-service-group-2, groupId=flight-service-group] Connection to node -1 (localhost/127.0.0.1:29092) could not be established. Node may not be available.","process.thread.name":"org.springframework.kafka.KafkaListenerEndpointContainer#1-0-C-1","log.logger":"org.apache.kafka.clients.NetworkClient","service":"skyways","environment":"local","traceId":"${ctx:traceId}"}
{"@timestamp":"2026-05-16T09:19:28.796Z","ecs.version":"1.2.0","log.level":"WARN","message":"[Consumer clientId=consumer-flight-service-group-2, groupId=flight-service-group] Bootstrap broker localhost:29092 (id: -1 rack: null) disconnected","process.thread.name":"org.springframework.kafka.KafkaListenerEndpointContainer#1-0-C-1","log.logger":"org.apache.kafka.clients.NetworkClient","service":"skyways","environment":"local","traceId":"${ctx:traceId}"}
{"@timestamp":"2026-05-16T09:19:29.489Z","ecs.version":"1.2.0","log.level":"WARN","message":"[Consumer clientId=consumer-flight-service-group-1, groupId=flight-service-group] Connection to node -1 (localhost/127.0.0.1:29092) could not be established. Node may not be available.","process.thread.name":"org.springframework.kafka.KafkaListenerEndpointContainer#0-0-C-1","log.logger":"org.apache.kafka.clients.NetworkClient","service":"skyways","environment":"local","traceId":"${ctx:traceId}"}
{"@timestamp":"2026-05-16T09:19:29.490Z","ecs.version":"1.2.0","log.level":"WARN","message":"[Consumer clientId=consumer-flight-service-group-1, groupId=flight-service-group] Bootstrap broker localhost:29092 (id: -1 rack: null) disconnected","process.thread.name":"org.springframework.kafka.KafkaListenerEndpointContainer#0-0-C-1","log.logger":"org.apache.kafka.clients.NetworkClient","service":"skyways","environment":"local","traceId":"${ctx:traceId}"}
{"@timestamp":"2026-05-16T09:19:29.808Z","ecs.version":"1.2.0","log.level":"WARN","message":"[Consumer clientId=consumer-flight-service-group-2, groupId=flight-service-group] Connection to node -1 (localhost/127.0.0.1:29092) could not be established. Node may not be available.","process.thread.name":"org.springframework.kafka.KafkaListenerEndpointContainer#1-0-C-1","log.logger":"org.apache.kafka.clients.NetworkClient","service":"skyways","environment":"local","traceId":"${ctx:traceId}"}
{"@timestamp":"2026-05-16T09:19:29.808Z","ecs.version":"1.2.0","log.level":"WARN","message":"[Consumer clientId=consumer-flight-service-group-2, groupId=flight-service-group] Bootstrap broker localhost:29092 (id: -1 rack: null) disconnected","process.thread.name":"org.springframework.kafka.KafkaListenerEndpointContainer#1-0-C-1","log.logger":"org.apache.kafka.clients.NetworkClient","service":"skyways","environment":"local","traceId":"${ctx:traceId}"}
{"@timestamp":"2026-05-16T09:19:30.516Z","ecs.version":"1.2.0","log.level":"WARN","message":"[Consumer clientId=consumer-flight-service-group-1, groupId=flight-service-group] Connection to node -1 (localhost/127.0.0.1:29092) could not be established. Node may not be available.","process.thread.name":"org.springframework.kafka.KafkaListenerEndpointContainer#0-0-C-1","log.logger":"org.apache.kafka.clients.NetworkClient","service":"skyways","environment":"local","traceId":"${ctx:traceId}"}
{"@timestamp":"2026-05-16T09:19:30.516Z","ecs.version":"1.2.0","log.level":"WARN","message":"[Consumer clientId=consumer-flight-service-group-1, groupId=flight-service-group] Bootstrap broker localhost:29092 (id: -1 rack: null) disconnected","process.thread.name":"org.springframework.kafka.KafkaListenerEndpointContainer#0-0-C-1","log.logger":"org.apache.kafka.clients.NetworkClient","service":"skyways","environment":"local","traceId":"${ctx:traceId}"}
{"@timestamp":"2026-05-16T09:19:30.816Z","ecs.version":"1.2.0","log.level":"WARN","message":"[Consumer clientId=consumer-flight-service-group-2, groupId=flight-service-group] Connection to node -1 (localhost/127.0.0.1:29092) could not be established. Node may not be available.","process.thread.name":"org.springframework.kafka.KafkaListenerEndpointContainer#1-0-C-1","log.logger":"org.apache.kafka.clients.NetworkClient","service":"skyways","environment":"local","traceId":"${ctx:traceId}"}
{"@timestamp":"2026-05-16T09:19:30.816Z","ecs.version":"1.2.0","log.level":"WARN","message":"[Consumer clientId=consumer-flight-service-group-2, groupId=flight-service-group] Bootstrap broker localhost:29092 (id: -1 rack: null) disconnected","process.thread.name":"org.springframework.kafka.KafkaListenerEndpointContainer#1-0-C-1","log.logger":"org.apache.kafka.clients.NetworkClient","service":"skyways","environment":"local","traceId":"${ctx:traceId}"}
{"@timestamp":"2026-05-16T09:19:31.570Z","ecs.version":"1.2.0","log.level":"WARN","message":"[Consumer clientId=consumer-flight-service-group-1, groupId=flight-service-group] Connection to node -1 (localhost/127.0.0.1:29092) could not be established. Node may not be available.","process.thread.name":"org.springframework.kafka.KafkaListenerEndpointContainer#0-0-C-1","log.logger":"org.apache.kafka.clients.NetworkClient","service":"skyways","environment":"local","traceId":"${ctx:traceId}"}
{"@timestamp":"2026-05-16T09:19:31.570Z","ecs.version":"1.2.0","log.level":"WARN","message":"[Consumer clientId=consumer-flight-service-group-1, groupId=flight-service-group] Bootstrap broker localhost:29092 (id: -1 rack: null) disconnected","process.thread.name":"org.springframework.kafka.KafkaListenerEndpointContainer#0-0-C-1","log.logger":"org.apache.kafka.clients.NetworkClient","service":"skyways","environment":"local","traceId":"${ctx:traceId}"}
{"@timestamp":"2026-05-16T09:19:31.758Z","ecs.version":"1.2.0","log.level":"WARN","message":"[Consumer clientId=consumer-flight-service-group-2, groupId=flight-service-group] Connection to node -1 (localhost/127.0.0.1:29092) could not be established. Node may not be available.","process.thread.name":"org.springframework.kafka.KafkaListenerEndpointContainer#1-0-C-1","log.logger":"org.apache.kafka.clients.NetworkClient","service":"skyways","environment":"local","traceId":"${ctx:traceId}"}
{"@timestamp":"2026-05-16T09:19:31.758Z","ecs.version":"1.2.0","log.level":"WARN","message":"[Consumer clientId=consumer-flight-service-group-2, groupId=flight-service-group] Bootstrap broker localhost:29092 (id: -1 rack: null) disconnected","process.thread.name":"org.springframework.kafka.KafkaListenerEndpointContainer#1-0-C-1","log.logger":"org.apache.kafka.clients.NetworkClient","service":"skyways","environment":"local","traceId":"${ctx:traceId}"}
{"@timestamp":"2026-05-16T09:19:32.629Z","ecs.version":"1.2.0","log.level":"WARN","message":"[Consumer clientId=consumer-flight-service-group-1, groupId=flight-service-group] Connection to node -1 (localhost/127.0.0.1:29092) could not be established. Node may not be available.","process.thread.name":"org.springframework.kafka.KafkaListenerEndpointContainer#0-0-C-1","log.logger":"org.apache.kafka.clients.NetworkClient","service":"skyways","environment":"local","traceId":"${ctx:traceId}"}
{"@timestamp":"2026-05-16T09:19:32.630Z","ecs.version":"1.2.0","log.level":"WARN","message":"[Consumer clientId=consumer-flight-service-group-1, groupId=flight-service-group] Bootstrap broker localhost:29092 (id: -1 rack: null) disconnected","process.thread.name":"org.springframework.kafka.KafkaListenerEndpointContainer#0-0-C-1","log.logger":"org.apache.kafka.clients.NetworkClient","service":"skyways","environment":"local","traceId":"${ctx:traceId}"}
{"@timestamp":"2026-05-16T09:19:32.772Z","ecs.version":"1.2.0","log.level":"WARN","message":"[Consumer clientId=consumer-flight-service-group-2, groupId=flight-service-group] Connection to node -1 (localhost/127.0.0.1:29092) could not be established. Node may not be available.","process.thread.name":"org.springframework.kafka.KafkaListenerEndpointContainer#1-0-C-1","log.logger":"org.apache.kafka.clients.NetworkClient","service":"skyways","environment":"local","traceId":"${ctx:traceId}"}
{"@timestamp":"2026-05-16T09:19:32.772Z","ecs.version":"1.2.0","log.level":"WARN","message":"[Consumer clientId=consumer-flight-service-group-2, groupId=flight-service-group] Bootstrap broker localhost:29092 (id: -1 rack: null) disconnected","process.thread.name":"org.springframework.kafka.KafkaListenerEndpointContainer#1-0-C-1","log.logger":"org.apache.kafka.clients.NetworkClient","service":"skyways","environment":"local","traceId":"${ctx:traceId}"}
{"@timestamp":"2026-05-16T09:19:33.641Z","ecs.version":"1.2.0","log.level":"WARN","message":"[Consumer clientId=consumer-flight-service-group-1, groupId=flight-service-group] Connection to node -1 (localhost/127.0.0.1:29092) could not be established. Node may not be available.","process.thread.name":"org.springframework.kafka.KafkaListenerEndpointContainer#0-0-C-1","log.logger":"org.apache.kafka.clients.NetworkClient","service":"skyways","environment":"local","traceId":"${ctx:traceId}"}
{"@timestamp":"2026-05-16T09:19:33.641Z","ecs.version":"1.2.0","log.level":"WARN","message":"[Consumer clientId=consumer-flight-service-group-1, groupId=flight-service-group] Bootstrap broker localhost:29092 (id: -1 rack: null) disconnected","process.thread.name":"org.springframework.kafka.KafkaListenerEndpointContainer#0-0-C-1","log.logger":"org.apache.kafka.clients.NetworkClient","service":"skyways","environment":"local","traceId":"${ctx:traceId}"}
{"@timestamp":"2026-05-16T09:19:33.782Z","ecs.version":"1.2.0","log.level":"WARN","message":"[Consumer clientId=consumer-flight-service-group-2, groupId=flight-service-group] Connection to node -1 (localhost/127.0.0.1:29092) could not be established. Node may not be available.","process.thread.name":"org.springframework.kafka.KafkaListenerEndpointContainer#1-0-C-1","log.logger":"org.apache.kafka.clients.NetworkClient","service":"skyways","environment":"local","traceId":"${ctx:traceId}"}
{"@timestamp":"2026-05-16T09:19:33.782Z","ecs.version":"1.2.0","log.level":"WARN","message":"[Consumer clientId=consumer-flight-service-group-2, groupId=flight-service-group] Bootstrap broker localhost:29092 (id: -1 rack: null) disconnected","process.thread.name":"org.springframework.kafka.KafkaListenerEndpointContainer#1-0-C-1","log.logger":"org.apache.kafka.clients.NetworkClient","service":"skyways","environment":"local","traceId":"${ctx:traceId}"}
{"@timestamp":"2026-05-16T09:19:34.648Z","ecs.version":"1.2.0","log.level":"WARN","message":"[Consumer clientId=consumer-flight-service-group-1, groupId=flight-service-group] Connection to node -1 (localhost/127.0.0.1:29092) could not be established. Node may not be available.","process.thread.name":"org.springframework.kafka.KafkaListenerEndpointContainer#0-0-C-1","log.logger":"org.apache.kafka.clients.NetworkClient","service":"skyways","environment":"local","traceId":"${ctx:traceId}"}
{"@timestamp":"2026-05-16T09:19:34.648Z","ecs.version":"1.2.0","log.level":"WARN","message":"[Consumer clientId=consumer-flight-service-group-1, groupId=flight-service-group] Bootstrap broker localhost:29092 (id: -1 rack: null) disconnected","process.thread.name":"org.springframework.kafka.KafkaListenerEndpointContainer#0-0-C-1","log.logger":"org.apache.kafka.clients.NetworkClient","service":"skyways","environment":"local","traceId":"${ctx:traceId}"}
{"@timestamp":"2026-05-16T09:19:34.806Z","ecs.version":"1.2.0","log.level":"WARN","message":"[Consumer clientId=consumer-flight-service-group-2, groupId=flight-service-group] Connection to node -1 (localhost/127.0.0.1:29092) could not be established. Node may not be available.","process.thread.name":"org.springframework.kafka.KafkaListenerEndpointContainer#1-0-C-1","log.logger":"org.apache.kafka.clients.NetworkClient","service":"skyways","environment":"local","traceId":"${ctx:traceId}"}
{"@timestamp":"2026-05-16T09:19:34.806Z","ecs.version":"1.2.0","log.level":"WARN","message":"[Consumer clientId=consumer-flight-service-group-2, groupId=flight-service-group] Bootstrap broker localhost:29092 (id: -1 rack: null) disconnected","process.thread.name":"org.springframework.kafka.KafkaListenerEndpointContainer#1-0-C-1","log.logger":"org.apache.kafka.clients.NetworkClient","service":"skyways","environment":"local","traceId":"${ctx:traceId}"}
{"@timestamp":"2026-05-16T09:19:35.564Z","ecs.version":"1.2.0","log.level":"WARN","message":"[Consumer clientId=consumer-flight-service-group-1, groupId=flight-service-group] Connection to node -1 (localhost/127.0.0.1:29092) could not be established. Node may not be available.","process.thread.name":"org.springframework.kafka.KafkaListenerEndpointContainer#0-0-C-1","log.logger":"org.apache.kafka.clients.NetworkClient","service":"skyways","environment":"local","traceId":"${ctx:traceId}"}
{"@timestamp":"2026-05-16T09:19:35.564Z","ecs.version":"1.2.0","log.level":"WARN","message":"[Consumer clientId=consumer-flight-service-group-1, groupId=flight-service-group] Bootstrap broker localhost:29092 (id: -1 rack: null) disconnected","process.thread.name":"org.springframework.kafka.KafkaListenerEndpointContainer#0-0-C-1","log.logger":"org.apache.kafka.clients.NetworkClient","service":"skyways","environment":"local","traceId":"${ctx:traceId}"}
{"@timestamp":"2026-05-16T09:19:35.818Z","ecs.version":"1.2.0","log.level":"WARN","message":"[Consumer clientId=consumer-flight-service-group-2, groupId=flight-service-group] Connection to node -1 (localhost/127.0.0.1:29092) could not be established. Node may not be available.","process.thread.name":"org.springframework.kafka.KafkaListenerEndpointContainer#1-0-C-1","log.logger":"org.apache.kafka.clients.NetworkClient","service":"skyways","environment":"local","traceId":"${ctx:traceId}"}
{"@timestamp":"2026-05-16T09:19:35.818Z","ecs.version":"1.2.0","log.level":"WARN","message":"[Consumer clientId=consumer-flight-service-group-2, groupId=flight-service-group] Bootstrap broker localhost:29092 (id: -1 rack: null) disconnected","process.thread.name":"org.springframework.kafka.KafkaListenerEndpointContainer#1-0-C-1","log.logger":"org.apache.kafka.clients.NetworkClient","service":"skyways","environment":"local","traceId":"${ctx:traceId}"}
{"@timestamp":"2026-05-16T09:19:36.475Z","ecs.version":"1.2.0","log.level":"WARN","message":"[Consumer clientId=consumer-flight-service-group-1, groupId=flight-service-group] Connection to node -1 (localhost/127.0.0.1:29092) could not be established. Node may not be available.","process.thread.name":"org.springframework.kafka.KafkaListenerEndpointContainer#0-0-C-1","log.logger":"org.apache.kafka.clients.NetworkClient","service":"skyways","environment":"local","traceId":"${ctx:traceId}"}
{"@timestamp":"2026-05-16T09:19:36.475Z","ecs.version":"1.2.0","log.level":"WARN","message":"[Consumer clientId=consumer-flight-service-group-1, groupId=flight-service-group] Bootstrap broker localhost:29092 (id: -1 rack: null) disconnected","process.thread.name":"org.springframework.kafka.KafkaListenerEndpointContainer#0-0-C-1","log.logger":"org.apache.kafka.clients.NetworkClient","service":"skyways","environment":"local","traceId":"${ctx:traceId}"}
{"@timestamp":"2026-05-16T09:19:36.823Z","ecs.version":"1.2.0","log.level":"WARN","message":"[Consumer clientId=consumer-flight-service-group-2, groupId=flight-service-group] Connection to node -1 (localhost/127.0.0.1:29092) could not be established. Node may not be available.","process.thread.name":"org.springframework.kafka.KafkaListenerEndpointContainer#1-0-C-1","log.logger":"org.apache.kafka.clients.NetworkClient","service":"skyways","environment":"local","traceId":"${ctx:traceId}"}
{"@timestamp":"2026-05-16T09:19:36.823Z","ecs.version":"1.2.0","log.level":"WARN","message":"[Consumer clientId=consumer-flight-service-group-2, groupId=flight-service-group] Bootstrap broker localhost:29092 (id: -1 rack: null) disconnected","process.thread.name":"org.springframework.kafka.KafkaListenerEndpointContainer#1-0-C-1","log.logger":"org.apache.kafka.clients.NetworkClient","service":"skyways","environment":"local","traceId":"${ctx:traceId}"}
{"@timestamp":"2026-05-16T09:19:37.505Z","ecs.version":"1.2.0","log.level":"WARN","message":"[Consumer clientId=consumer-flight-service-group-1, groupId=flight-service-group] Connection to node -1 (localhost/127.0.0.1:29092) could not be established. Node may not be available.","process.thread.name":"org.springframework.kafka.KafkaListenerEndpointContainer#0-0-C-1","log.logger":"org.apache.kafka.clients.NetworkClient","service":"skyways","environment":"local","traceId":"${ctx:traceId}"}
{"@timestamp":"2026-05-16T09:19:37.505Z","ecs.version":"1.2.0","log.level":"WARN","message":"[Consumer clientId=consumer-flight-service-group-1, groupId=flight-service-group] Bootstrap broker localhost:29092 (id: -1 rack: null) disconnected","process.thread.name":"org.springframework.kafka.KafkaListenerEndpointContainer#0-0-C-1","log.logger":"org.apache.kafka.clients.NetworkClient","service":"skyways","environment":"local","traceId":"${ctx:traceId}"}
{"@timestamp":"2026-05-16T09:19:37.649Z","ecs.version":"1.2.0","log.level":"WARN","message":"[Consumer clientId=consumer-flight-service-group-2, groupId=flight-service-group] Connection to node -1 (localhost/127.0.0.1:29092) could not be established. Node may not be available.","process.thread.name":"org.springframework.kafka.KafkaListenerEndpointContainer#1-0-C-1","log.logger":"org.apache.kafka.clients.NetworkClient","service":"skyways","environment":"local","traceId":"${ctx:traceId}"}
{"@timestamp":"2026-05-16T09:19:37.649Z","ecs.version":"1.2.0","log.level":"WARN","message":"[Consumer clientId=consumer-flight-service-group-2, groupId=flight-service-group] Bootstrap broker localhost:29092 (id: -1 rack: null) disconnected","process.thread.name":"org.springframework.kafka.KafkaListenerEndpointContainer#1-0-C-1","log.logger":"org.apache.kafka.clients.NetworkClient","service":"skyways","environment":"local","traceId":"${ctx:traceId}"}
{"@timestamp":"2026-05-16T09:19:38.520Z","ecs.version":"1.2.0","log.level":"WARN","message":"[Consumer clientId=consumer-flight-service-group-2, groupId=flight-service-group] Connection to node -1 (localhost/127.0.0.1:29092) could not be established. Node may not be available.","process.thread.name":"org.springframework.kafka.KafkaListenerEndpointContainer#1-0-C-1","log.logger":"org.apache.kafka.clients.NetworkClient","service":"skyways","environment":"local","traceId":"${ctx:traceId}"}
{"@timestamp":"2026-05-16T09:19:38.520Z","ecs.version":"1.2.0","log.level":"WARN","message":"[Consumer clientId=consumer-flight-service-group-2, groupId=flight-service-group] Bootstrap broker localhost:29092 (id: -1 rack: null) disconnected","process.thread.name":"org.springframework.kafka.KafkaListenerEndpointContainer#1-0-C-1","log.logger":"org.apache.kafka.clients.NetworkClient","service":"skyways","environment":"local","traceId":"${ctx:traceId}"}
{"@timestamp":"2026-05-16T09:19:38.568Z","ecs.version":"1.2.0","log.level":"WARN","message":"[Consumer clientId=consumer-flight-service-group-1, groupId=flight-service-group] Connection to node -1 (localhost/127.0.0.1:29092) could not be established. Node may not be available.","process.thread.name":"org.springframework.kafka.KafkaListenerEndpointContainer#0-0-C-1","log.logger":"org.apache.kafka.clients.NetworkClient","service":"skyways","environment":"local","traceId":"${ctx:traceId}"}
{"@timestamp":"2026-05-16T09:19:38.568Z","ecs.version":"1.2.0","log.level":"WARN","message":"[Consumer clientId=consumer-flight-service-group-1, groupId=flight-service-group] Bootstrap broker localhost:29092 (id: -1 rack: null) disconnected","process.thread.name":"org.springframework.kafka.KafkaListenerEndpointContainer#0-0-C-1","log.logger":"org.apache.kafka.clients.NetworkClient","service":"skyways","environment":"local","traceId":"${ctx:traceId}"}
{"@timestamp":"2026-05-16T09:19:39.527Z","ecs.version":"1.2.0","log.level":"WARN","message":"[Consumer clientId=consumer-flight-service-group-2, groupId=flight-service-group] Connection to node -1 (localhost/127.0.0.1:29092) could not be established. Node may not be available.","process.thread.name":"org.springframework.kafka.KafkaListenerEndpointContainer#1-0-C-1","log.logger":"org.apache.kafka.clients.NetworkClient","service":"skyways","environment":"local","traceId":"${ctx:traceId}"}
{"@timestamp":"2026-05-16T09:19:39.527Z","ecs.version":"1.2.0","log.level":"WARN","message":"[Consumer clientId=consumer-flight-service-group-2, groupId=flight-service-group] Bootstrap broker localhost:29092 (id: -1 rack: null) disconnected","process.thread.name":"org.springframework.kafka.KafkaListenerEndpointContainer#1-0-C-1","log.logger":"org.apache.kafka.clients.NetworkClient","service":"skyways","environment":"local","traceId":"${ctx:traceId}"}
{"@timestamp":"2026-05-16T09:19:39.574Z","ecs.version":"1.2.0","log.level":"WARN","message":"[Consumer clientId=consumer-flight-service-group-1, groupId=flight-service-group] Connection to node -1 (localhost/127.0.0.1:29092) could not be established. Node may not be available.","process.thread.name":"org.springframework.kafka.KafkaListenerEndpointContainer#0-0-C-1","log.logger":"org.apache.kafka.clients.NetworkClient","service":"skyways","environment":"local","traceId":"${ctx:traceId}"}
{"@timestamp":"2026-05-16T09:19:39.574Z","ecs.version":"1.2.0","log.level":"WARN","message":"[Consumer clientId=consumer-flight-service-group-1, groupId=flight-service-group] Bootstrap broker localhost:29092 (id: -1 rack: null) disconnected","process.thread.name":"org.springframework.kafka.KafkaListenerEndpointContainer#0-0-C-1","log.logger":"org.apache.kafka.clients.NetworkClient","service":"skyways","environment":"local","traceId":"${ctx:traceId}"}
{"@timestamp":"2026-05-16T09:19:40.490Z","ecs.version":"1.2.0","log.level":"WARN","message":"[Consumer clientId=consumer-flight-service-group-2, groupId=flight-service-group] Connection to node -1 (localhost/127.0.0.1:29092) could not be established. Node may not be available.","process.thread.name":"org.springframework.kafka.KafkaListenerEndpointContainer#1-0-C-1","log.logger":"org.apache.kafka.clients.NetworkClient","service":"skyways","environment":"local","traceId":"${ctx:traceId}"}
{"@timestamp":"2026-05-16T09:19:40.490Z","ecs.version":"1.2.0","log.level":"WARN","message":"[Consumer clientId=consumer-flight-service-group-2, groupId=flight-service-group] Bootstrap broker localhost:29092 (id: -1 rack: null) disconnected","process.thread.name":"org.springframework.kafka.KafkaListenerEndpointContainer#1-0-C-1","log.logger":"org.apache.kafka.clients.NetworkClient","service":"skyways","environment":"local","traceId":"${ctx:traceId}"}
{"@timestamp":"2026-05-16T09:19:40.586Z","ecs.version":"1.2.0","log.level":"WARN","message":"[Consumer clientId=consumer-flight-service-group-1, groupId=flight-service-group] Connection to node -1 (localhost/127.0.0.1:29092) could not be established. Node may not be available.","process.thread.name":"org.springframework.kafka.KafkaListenerEndpointContainer#0-0-C-1","log.logger":"org.apache.kafka.clients.NetworkClient","service":"skyways","environment":"local","traceId":"${ctx:traceId}"}
{"@timestamp":"2026-05-16T09:19:40.586Z","ecs.version":"1.2.0","log.level":"WARN","message":"[Consumer clientId=consumer-flight-service-group-1, groupId=flight-service-group] Bootstrap broker localhost:29092 (id: -1 rack: null) disconnected","process.thread.name":"org.springframework.kafka.KafkaListenerEndpointContainer#0-0-C-1","log.logger":"org.apache.kafka.clients.NetworkClient","service":"skyways","environment":"local","traceId":"${ctx:traceId}"}
{"@timestamp":"2026-05-16T09:19:41.549Z","ecs.version":"1.2.0","log.level":"WARN","message":"[Consumer clientId=consumer-flight-service-group-2, groupId=flight-service-group] Connection to node -1 (localhost/127.0.0.1:29092) could not be established. Node may not be available.","process.thread.name":"org.springframework.kafka.KafkaListenerEndpointContainer#1-0-C-1","log.logger":"org.apache.kafka.clients.NetworkClient","service":"skyways","environment":"local","traceId":"${ctx:traceId}"}
{"@timestamp":"2026-05-16T09:19:41.549Z","ecs.version":"1.2.0","log.level":"WARN","message":"[Consumer clientId=consumer-flight-service-group-2, groupId=flight-service-group] Bootstrap broker localhost:29092 (id: -1 rack: null) disconnected","process.thread.name":"org.springframework.kafka.KafkaListenerEndpointContainer#1-0-C-1","log.logger":"org.apache.kafka.clients.NetworkClient","service":"skyways","environment":"local","traceId":"${ctx:traceId}"}
{"@timestamp":"2026-05-16T09:19:41.612Z","ecs.version":"1.2.0","log.level":"WARN","message":"[Consumer clientId=consumer-flight-service-group-1, groupId=flight-service-group] Connection to node -1 (localhost/127.0.0.1:29092) could not be established. Node may not be available.","process.thread.name":"org.springframework.kafka.KafkaListenerEndpointContainer#0-0-C-1","log.logger":"org.apache.kafka.clients.NetworkClient","service":"skyways","environment":"local","traceId":"${ctx:traceId}"}
{"@timestamp":"2026-05-16T09:19:41.612Z","ecs.version":"1.2.0","log.level":"WARN","message":"[Consumer clientId=consumer-flight-service-group-1, groupId=flight-service-group] Bootstrap broker localhost:29092 (id: -1 rack: null) disconnected","process.thread.name":"org.springframework.kafka.KafkaListenerEndpointContainer#0-0-C-1","log.logger":"org.apache.kafka.clients.NetworkClient","service":"skyways","environment":"local","traceId":"${ctx:traceId}"}
{"@timestamp":"2026-05-16T09:19:42.373Z","ecs.version":"1.2.0","log.level":"WARN","message":"[Consumer clientId=consumer-flight-service-group-2, groupId=flight-service-group] Connection to node -1 (localhost/127.0.0.1:29092) could not be established. Node may not be available.","process.thread.name":"org.springframework.kafka.KafkaListenerEndpointContainer#1-0-C-1","log.logger":"org.apache.kafka.clients.NetworkClient","service":"skyways","environment":"local","traceId":"${ctx:traceId}"}
{"@timestamp":"2026-05-16T09:19:42.373Z","ecs.version":"1.2.0","log.level":"WARN","message":"[Consumer clientId=consumer-flight-service-group-2, groupId=flight-service-group] Bootstrap broker localhost:29092 (id: -1 rack: null) disconnected","process.thread.name":"org.springframework.kafka.KafkaListenerEndpointContainer#1-0-C-1","log.logger":"org.apache.kafka.clients.NetworkClient","service":"skyways","environment":"local","traceId":"${ctx:traceId}"}
{"@timestamp":"2026-05-16T09:19:42.621Z","ecs.version":"1.2.0","log.level":"WARN","message":"[Consumer clientId=consumer-flight-service-group-1, groupId=flight-service-group] Connection to node -1 (localhost/127.0.0.1:29092) could not be established. Node may not be available.","process.thread.name":"org.springframework.kafka.KafkaListenerEndpointContainer#0-0-C-1","log.logger":"org.apache.kafka.clients.NetworkClient","service":"skyways","environment":"local","traceId":"${ctx:traceId}"}
{"@timestamp":"2026-05-16T09:19:42.621Z","ecs.version":"1.2.0","log.level":"WARN","message":"[Consumer clientId=consumer-flight-service-group-1, groupId=flight-service-group] Bootstrap broker localhost:29092 (id: -1 rack: null) disconnected","process.thread.name":"org.springframework.kafka.KafkaListenerEndpointContainer#0-0-C-1","log.logger":"org.apache.kafka.clients.NetworkClient","service":"skyways","environment":"local","traceId":"${ctx:traceId}"}
{"@timestamp":"2026-05-16T09:19:43.381Z","ecs.version":"1.2.0","log.level":"WARN","message":"[Consumer clientId=consumer-flight-service-group-2, groupId=flight-service-group] Connection to node -1 (localhost/127.0.0.1:29092) could not be established. Node may not be available.","process.thread.name":"org.springframework.kafka.KafkaListenerEndpointContainer#1-0-C-1","log.logger":"org.apache.kafka.clients.NetworkClient","service":"skyways","environment":"local","traceId":"${ctx:traceId}"}
{"@timestamp":"2026-05-16T09:19:43.381Z","ecs.version":"1.2.0","log.level":"WARN","message":"[Consumer clientId=consumer-flight-service-group-2, groupId=flight-service-group] Bootstrap broker localhost:29092 (id: -1 rack: null) disconnected","process.thread.name":"org.springframework.kafka.KafkaListenerEndpointContainer#1-0-C-1","log.logger":"org.apache.kafka.clients.NetworkClient","service":"skyways","environment":"local","traceId":"${ctx:traceId}"}
{"@timestamp":"2026-05-16T09:19:43.634Z","ecs.version":"1.2.0","log.level":"WARN","message":"[Consumer clientId=consumer-flight-service-group-1, groupId=flight-service-group] Connection to node -1 (localhost/127.0.0.1:29092) could not be established. Node may not be available.","process.thread.name":"org.springframework.kafka.KafkaListenerEndpointContainer#0-0-C-1","log.logger":"org.apache.kafka.clients.NetworkClient","service":"skyways","environment":"local","traceId":"${ctx:traceId}"}
{"@timestamp":"2026-05-16T09:19:43.634Z","ecs.version":"1.2.0","log.level":"WARN","message":"[Consumer clientId=consumer-flight-service-group-1, groupId=flight-service-group] Bootstrap broker localhost:29092 (id: -1 rack: null) disconnected","process.thread.name":"org.springframework.kafka.KafkaListenerEndpointContainer#0-0-C-1","log.logger":"org.apache.kafka.clients.NetworkClient","service":"skyways","environment":"local","traceId":"${ctx:traceId}"}
{"@timestamp":"2026-05-16T09:19:44.204Z","ecs.version":"1.2.0","log.level":"WARN","message":"[Consumer clientId=consumer-flight-service-group-2, groupId=flight-service-group] Connection to node -1 (localhost/127.0.0.1:29092) could not be established. Node may not be available.","process.thread.name":"org.springframework.kafka.KafkaListenerEndpointContainer#1-0-C-1","log.logger":"org.apache.kafka.clients.NetworkClient","service":"skyways","environment":"local","traceId":"${ctx:traceId}"}
{"@timestamp":"2026-05-16T09:19:44.204Z","ecs.version":"1.2.0","log.level":"WARN","message":"[Consumer clientId=consumer-flight-service-group-2, groupId=flight-service-group] Bootstrap broker localhost:29092 (id: -1 rack: null) disconnected","process.thread.name":"org.springframework.kafka.KafkaListenerEndpointContainer#1-0-C-1","log.logger":"org.apache.kafka.clients.NetworkClient","service":"skyways","environment":"local","traceId":"${ctx:traceId}"}
{"@timestamp":"2026-05-16T09:19:44.644Z","ecs.version":"1.2.0","log.level":"WARN","message":"[Consumer clientId=consumer-flight-service-group-1, groupId=flight-service-group] Connection to node -1 (localhost/127.0.0.1:29092) could not be established. Node may not be available.","process.thread.name":"org.springframework.kafka.KafkaListenerEndpointContainer#0-0-C-1","log.logger":"org.apache.kafka.clients.NetworkClient","service":"skyways","environment":"local","traceId":"${ctx:traceId}"}
{"@timestamp":"2026-05-16T09:19:44.644Z","ecs.version":"1.2.0","log.level":"WARN","message":"[Consumer clientId=consumer-flight-service-group-1, groupId=flight-service-group] Bootstrap broker localhost:29092 (id: -1 rack: null) disconnected","process.thread.name":"org.springframework.kafka.KafkaListenerEndpointContainer#0-0-C-1","log.logger":"org.apache.kafka.clients.NetworkClient","service":"skyways","environment":"local","traceId":"${ctx:traceId}"}
{"@timestamp":"2026-05-16T09:19:45.151Z","ecs.version":"1.2.0","log.level":"WARN","message":"[Consumer clientId=consumer-flight-service-group-2, groupId=flight-service-group] Connection to node -1 (localhost/127.0.0.1:29092) could not be established. Node may not be available.","process.thread.name":"org.springframework.kafka.KafkaListenerEndpointContainer#1-0-C-1","log.logger":"org.apache.kafka.clients.NetworkClient","service":"skyways","environment":"local","traceId":"${ctx:traceId}"}
{"@timestamp":"2026-05-16T09:19:45.151Z","ecs.version":"1.2.0","log.level":"WARN","message":"[Consumer clientId=consumer-flight-service-group-2, groupId=flight-service-group] Bootstrap broker localhost:29092 (id: -1 rack: null) disconnected","process.thread.name":"org.springframework.kafka.KafkaListenerEndpointContainer#1-0-C-1","log.logger":"org.apache.kafka.clients.NetworkClient","service":"skyways","environment":"local","traceId":"${ctx:traceId}"}
{"@timestamp":"2026-05-16T09:19:45.655Z","ecs.version":"1.2.0","log.level":"WARN","message":"[Consumer clientId=consumer-flight-service-group-1, groupId=flight-service-group] Connection to node -1 (localhost/127.0.0.1:29092) could not be established. Node may not be available.","process.thread.name":"org.springframework.kafka.KafkaListenerEndpointContainer#0-0-C-1","log.logger":"org.apache.kafka.clients.NetworkClient","service":"skyways","environment":"local","traceId":"${ctx:traceId}"}
{"@timestamp":"2026-05-16T09:19:45.655Z","ecs.version":"1.2.0","log.level":"WARN","message":"[Consumer clientId=consumer-flight-service-group-1, groupId=flight-service-group] Bootstrap broker localhost:29092 (id: -1 rack: null) disconnected","process.thread.name":"org.springframework.kafka.KafkaListenerEndpointContainer#0-0-C-1","log.logger":"org.apache.kafka.clients.NetworkClient","service":"skyways","environment":"local","traceId":"${ctx:traceId}"}
{"@timestamp":"2026-05-16T09:19:46.159Z","ecs.version":"1.2.0","log.level":"WARN","message":"[Consumer clientId=consumer-flight-service-group-2, groupId=flight-service-group] Connection to node -1 (localhost/127.0.0.1:29092) could not be established. Node may not be available.","process.thread.name":"org.springframework.kafka.KafkaListenerEndpointContainer#1-0-C-1","log.logger":"org.apache.kafka.clients.NetworkClient","service":"skyways","environment":"local","traceId":"${ctx:traceId}"}
{"@timestamp":"2026-05-16T09:19:46.159Z","ecs.version":"1.2.0","log.level":"WARN","message":"[Consumer clientId=consumer-flight-service-group-2, groupId=flight-service-group] Bootstrap broker localhost:29092 (id: -1 rack: null) disconnected","process.thread.name":"org.springframework.kafka.KafkaListenerEndpointContainer#1-0-C-1","log.logger":"org.apache.kafka.clients.NetworkClient","service":"skyways","environment":"local","traceId":"${ctx:traceId}"}
{"@timestamp":"2026-05-16T09:19:46.663Z","ecs.version":"1.2.0","log.level":"WARN","message":"[Consumer clientId=consumer-flight-service-group-1, groupId=flight-service-group] Connection to node -1 (localhost/127.0.0.1:29092) could not be established. Node may not be available.","process.thread.name":"org.springframework.kafka.KafkaListenerEndpointContainer#0-0-C-1","log.logger":"org.apache.kafka.clients.NetworkClient","service":"skyways","environment":"local","traceId":"${ctx:traceId}"}
{"@timestamp":"2026-05-16T09:19:46.663Z","ecs.version":"1.2.0","log.level":"WARN","message":"[Consumer clientId=consumer-flight-service-group-1, groupId=flight-service-group] Bootstrap broker localhost:29092 (id: -1 rack: null) disconnected","process.thread.name":"org.springframework.kafka.KafkaListenerEndpointContainer#0-0-C-1","log.logger":"org.apache.kafka.clients.NetworkClient","service":"skyways","environment":"local","traceId":"${ctx:traceId}"}
{"@timestamp":"2026-05-16T09:19:47.170Z","ecs.version":"1.2.0","log.level":"WARN","message":"[Consumer clientId=consumer-flight-service-group-2, groupId=flight-service-group] Connection to node -1 (localhost/127.0.0.1:29092) could not be established. Node may not be available.","process.thread.name":"org.springframework.kafka.KafkaListenerEndpointContainer#1-0-C-1","log.logger":"org.apache.kafka.clients.NetworkClient","service":"skyways","environment":"local","traceId":"${ctx:traceId}"}
{"@timestamp":"2026-05-16T09:19:47.170Z","ecs.version":"1.2.0","log.level":"WARN","message":"[Consumer clientId=consumer-flight-service-group-2, groupId=flight-service-group] Bootstrap broker localhost:29092 (id: -1 rack: null) disconnected","process.thread.name":"org.springframework.kafka.KafkaListenerEndpointContainer#1-0-C-1","log.logger":"org.apache.kafka.clients.NetworkClient","service":"skyways","environment":"local","traceId":"${ctx:traceId}"}
{"@timestamp":"2026-05-16T09:19:47.549Z","ecs.version":"1.2.0","log.level":"WARN","message":"[Consumer clientId=consumer-flight-service-group-1, groupId=flight-service-group] Connection to node -1 (localhost/127.0.0.1:29092) could not be established. Node may not be available.","process.thread.name":"org.springframework.kafka.KafkaListenerEndpointContainer#0-0-C-1","log.logger":"org.apache.kafka.clients.NetworkClient","service":"skyways","environment":"local","traceId":"${ctx:traceId}"}
{"@timestamp":"2026-05-16T09:19:47.549Z","ecs.version":"1.2.0","log.level":"WARN","message":"[Consumer clientId=consumer-flight-service-group-1, groupId=flight-service-group] Bootstrap broker localhost:29092 (id: -1 rack: null) disconnected","process.thread.name":"org.springframework.kafka.KafkaListenerEndpointContainer#0-0-C-1","log.logger":"org.apache.kafka.clients.NetworkClient","service":"skyways","environment":"local","traceId":"${ctx:traceId}"}
{"@timestamp":"2026-05-16T09:19:48.200Z","ecs.version":"1.2.0","log.level":"WARN","message":"[Consumer clientId=consumer-flight-service-group-2, groupId=flight-service-group] Connection to node -1 (localhost/127.0.0.1:29092) could not be established. Node may not be available.","process.thread.name":"org.springframework.kafka.KafkaListenerEndpointContainer#1-0-C-1","log.logger":"org.apache.kafka.clients.NetworkClient","service":"skyways","environment":"local","traceId":"${ctx:traceId}"}
{"@timestamp":"2026-05-16T09:19:48.200Z","ecs.version":"1.2.0","log.level":"WARN","message":"[Consumer clientId=consumer-flight-service-group-2, groupId=flight-service-group] Bootstrap broker localhost:29092 (id: -1 rack: null) disconnected","process.thread.name":"org.springframework.kafka.KafkaListenerEndpointContainer#1-0-C-1","log.logger":"org.apache.kafka.clients.NetworkClient","service":"skyways","environment":"local","traceId":"${ctx:traceId}"}
{"@timestamp":"2026-05-16T09:19:48.565Z","ecs.version":"1.2.0","log.level":"WARN","message":"[Consumer clientId=consumer-flight-service-group-1, groupId=flight-service-group] Connection to node -1 (localhost/127.0.0.1:29092) could not be established. Node may not be available.","process.thread.name":"org.springframework.kafka.KafkaListenerEndpointContainer#0-0-C-1","log.logger":"org.apache.kafka.clients.NetworkClient","service":"skyways","environment":"local","traceId":"${ctx:traceId}"}
{"@timestamp":"2026-05-16T09:19:48.565Z","ecs.version":"1.2.0","log.level":"WARN","message":"[Consumer clientId=consumer-flight-service-group-1, groupId=flight-service-group] Bootstrap broker localhost:29092 (id: -1 rack: null) disconnected","process.thread.name":"org.springframework.kafka.KafkaListenerEndpointContainer#0-0-C-1","log.logger":"org.apache.kafka.clients.NetworkClient","service":"skyways","environment":"local","traceId":"${ctx:traceId}"}
{"@timestamp":"2026-05-16T09:19:49.154Z","ecs.version":"1.2.0","log.level":"WARN","message":"[Consumer clientId=consumer-flight-service-group-2, groupId=flight-service-group] Connection to node -1 (localhost/127.0.0.1:29092) could not be established. Node may not be available.","process.thread.name":"org.springframework.kafka.KafkaListenerEndpointContainer#1-0-C-1","log.logger":"org.apache.kafka.clients.NetworkClient","service":"skyways","environment":"local","traceId":"${ctx:traceId}"}
{"@timestamp":"2026-05-16T09:19:49.154Z","ecs.version":"1.2.0","log.level":"WARN","message":"[Consumer clientId=consumer-flight-service-group-2, groupId=flight-service-group] Bootstrap broker localhost:29092 (id: -1 rack: null) disconnected","process.thread.name":"org.springframework.kafka.KafkaListenerEndpointContainer#1-0-C-1","log.logger":"org.apache.kafka.clients.NetworkClient","service":"skyways","environment":"local","traceId":"${ctx:traceId}"}
{"@timestamp":"2026-05-16T09:19:49.328Z","ecs.version":"1.2.0","log.level":"WARN","message":"Request execution failed with message: I/O error on PUT request for \"http://localhost:8761/eureka/apps/SKYWAYS-FLIGHT-SERVICE/DESKTOP-S0AUF4J:skyways-flight-service:8082\": Connect to http://localhost:8761 [localhost/127.0.0.1, localhost/0:0:0:0:0:0:0:1] failed: Connection refused: no further information","process.thread.name":"DiscoveryClient-HeartbeatExecutor-0","log.logger":"com.netflix.discovery.shared.transport.decorator.RetryableEurekaHttpClient","service":"skyways","environment":"local","traceId":"${ctx:traceId}"}
{"@timestamp":"2026-05-16T09:19:49.328Z","ecs.version":"1.2.0","log.level":"WARN","message":"Request execution failed with message: I/O error on GET request for \"http://localhost:8761/eureka/apps/\": Connect to http://localhost:8761 [localhost/127.0.0.1, localhost/0:0:0:0:0:0:0:1] failed: Connection refused: no further information","process.thread.name":"DiscoveryClient-CacheRefreshExecutor-0","log.logger":"com.netflix.discovery.shared.transport.decorator.RetryableEurekaHttpClient","service":"skyways","environment":"local","traceId":"${ctx:traceId}"}
{"@timestamp":"2026-05-16T09:19:49.328Z","ecs.version":"1.2.0","log.level":"ERROR","message":"DiscoveryClient_SKYWAYS-FLIGHT-SERVICE/DESKTOP-S0AUF4J:skyways-flight-service:8082 - was unable to send heartbeat!","process.thread.name":"DiscoveryClient-HeartbeatExecutor-0","log.logger":"com.netflix.discovery.DiscoveryClient","error.type":"com.netflix.discovery.shared.transport.TransportException","error.message":"Cannot execute request on any known server","error.stack_trace":"com.netflix.discovery.shared.transport.TransportException: Cannot execute request on any known server\r\n\tat com.netflix.discovery.shared.transport.decorator.RetryableEurekaHttpClient.execute(RetryableEurekaHttpClient.java:112)\r\n\tat com.netflix.discovery.shared.transport.decorator.EurekaHttpClientDecorator.sendHeartBeat(EurekaHttpClientDecorator.java:89)\r\n\tat com.netflix.discovery.shared.transport.decorator.EurekaHttpClientDecorator$3.execute(EurekaHttpClientDecorator.java:92)\r\n\tat com.netflix.discovery.shared.transport.decorator.SessionedEurekaHttpClient.execute(SessionedEurekaHttpClient.java:77)\r\n\tat com.netflix.discovery.shared.transport.decorator.EurekaHttpClientDecorator.sendHeartBeat(EurekaHttpClientDecorator.java:89)\r\n\tat com.netflix.discovery.DiscoveryClient.renew(DiscoveryClient.java:837)\r\n\tat com.netflix.discovery.DiscoveryClient$HeartbeatThread.run(DiscoveryClient.java:1401)\r\n\tat java.base/java.util.concurrent.Executors$RunnableAdapter.call(Executors.java:539)\r\n\tat java.base/java.util.concurrent.FutureTask.run(FutureTask.java:264)\r\n\tat java.base/java.util.concurrent.ThreadPoolExecutor.runWorker(ThreadPoolExecutor.java:1136)\r\n\tat java.base/java.util.concurrent.ThreadPoolExecutor$Worker.run(ThreadPoolExecutor.java:635)\r\n\tat java.base/java.lang.Thread.run(Thread.java:842)\r\n","service":"skyways","environment":"local","traceId":"${ctx:traceId}"}
{"@timestamp":"2026-05-16T09:19:49.477Z","ecs.version":"1.2.0","log.level":"WARN","message":"Request execution failed with message: I/O error on POST request for \"http://localhost:8761/eureka/apps/SKYWAYS-FLIGHT-SERVICE\": Connect to http://localhost:8761 [localhost/127.0.0.1, localhost/0:0:0:0:0:0:0:1] failed: Connection refused: no further information","process.thread.name":"DiscoveryClient-InstanceInfoReplicator-0","log.logger":"com.netflix.discovery.shared.transport.decorator.RetryableEurekaHttpClient","service":"skyways","environment":"local","traceId":"${ctx:traceId}"}
{"@timestamp":"2026-05-16T09:19:49.477Z","ecs.version":"1.2.0","log.level":"WARN","message":"DiscoveryClient_SKYWAYS-FLIGHT-SERVICE/DESKTOP-S0AUF4J:skyways-flight-service:8082 - registration failed Cannot execute request on any known server","process.thread.name":"DiscoveryClient-InstanceInfoReplicator-0","log.logger":"com.netflix.discovery.DiscoveryClient","error.type":"com.netflix.discovery.shared.transport.TransportException","error.message":"Cannot execute request on any known server","error.stack_trace":"com.netflix.discovery.shared.transport.TransportException: Cannot execute request on any known server\r\n\tat com.netflix.discovery.shared.transport.decorator.RetryableEurekaHttpClient.execute(RetryableEurekaHttpClient.java:112)\r\n\tat com.netflix.discovery.shared.transport.decorator.EurekaHttpClientDecorator.register(EurekaHttpClientDecorator.java:56)\r\n\tat com.netflix.discovery.shared.transport.decorator.EurekaHttpClientDecorator$1.execute(EurekaHttpClientDecorator.java:59)\r\n\tat com.netflix.discovery.shared.transport.decorator.SessionedEurekaHttpClient.execute(SessionedEurekaHttpClient.java:77)\r\n\tat com.netflix.discovery.shared.transport.decorator.EurekaHttpClientDecorator.register(EurekaHttpClientDecorator.java:56)\r\n\tat com.netflix.discovery.DiscoveryClient.register(DiscoveryClient.java:820)\r\n\tat com.netflix.discovery.InstanceInfoReplicator.run(InstanceInfoReplicator.java:121)\r\n\tat java.base/java.util.concurrent.Executors$RunnableAdapter.call(Executors.java:539)\r\n\tat java.base/java.util.concurrent.FutureTask.run(FutureTask.java:264)\r\n\tat java.base/java.util.concurrent.ScheduledThreadPoolExecutor$ScheduledFutureTask.run(ScheduledThreadPoolExecutor.java:304)\r\n\tat java.base/java.util.concurrent.ThreadPoolExecutor.runWorker(ThreadPoolExecutor.java:1136)\r\n\tat java.base/java.util.concurrent.ThreadPoolExecutor$Worker.run(ThreadPoolExecutor.java:635)\r\n\tat java.base/java.lang.Thread.run(Thread.java:842)\r\n","service":"skyways","environment":"local","traceId":"${ctx:traceId}"}
{"@timestamp":"2026-05-16T09:19:49.477Z","ecs.version":"1.2.0","log.level":"WARN","message":"There was a problem with the instance info replicator","process.thread.name":"DiscoveryClient-InstanceInfoReplicator-0","log.logger":"com.netflix.discovery.InstanceInfoReplicator","error.type":"com.netflix.discovery.shared.transport.TransportException","error.message":"Cannot execute request on any known server","error.stack_trace":"com.netflix.discovery.shared.transport.TransportException: Cannot execute request on any known server\r\n\tat com.netflix.discovery.shared.transport.decorator.RetryableEurekaHttpClient.execute(RetryableEurekaHttpClient.java:112)\r\n\tat com.netflix.discovery.shared.transport.decorator.EurekaHttpClientDecorator.register(EurekaHttpClientDecorator.java:56)\r\n\tat com.netflix.discovery.shared.transport.decorator.EurekaHttpClientDecorator$1.execute(EurekaHttpClientDecorator.java:59)\r\n\tat com.netflix.discovery.shared.transport.decorator.SessionedEurekaHttpClient.execute(SessionedEurekaHttpClient.java:77)\r\n\tat com.netflix.discovery.shared.transport.decorator.EurekaHttpClientDecorator.register(EurekaHttpClientDecorator.java:56)\r\n\tat com.netflix.discovery.DiscoveryClient.register(DiscoveryClient.java:820)\r\n\tat com.netflix.discovery.InstanceInfoReplicator.run(InstanceInfoReplicator.java:121)\r\n\tat java.base/java.util.concurrent.Executors$RunnableAdapter.call(Executors.java:539)\r\n\tat java.base/java.util.concurrent.FutureTask.run(FutureTask.java:264)\r\n\tat java.base/java.util.concurrent.ScheduledThreadPoolExecutor$ScheduledFutureTask.run(ScheduledThreadPoolExecutor.java:304)\r\n\tat java.base/java.util.concurrent.ThreadPoolExecutor.runWorker(ThreadPoolExecutor.java:1136)\r\n\tat java.base/java.util.concurrent.ThreadPoolExecutor$Worker.run(ThreadPoolExecutor.java:635)\r\n\tat java.base/java.lang.Thread.run(Thread.java:842)\r\n","service":"skyways","environment":"local","traceId":"${ctx:traceId}"}
{"@timestamp":"2026-05-16T09:19:49.533Z","ecs.version":"1.2.0","log.level":"WARN","message":"[Consumer clientId=consumer-flight-service-group-1, groupId=flight-service-group] Connection to node -1 (localhost/127.0.0.1:29092) could not be established. Node may not be available.","process.thread.name":"org.springframework.kafka.KafkaListenerEndpointContainer#0-0-C-1","log.logger":"org.apache.kafka.clients.NetworkClient","service":"skyways","environment":"local","traceId":"${ctx:traceId}"}
{"@timestamp":"2026-05-16T09:19:49.533Z","ecs.version":"1.2.0","log.level":"WARN","message":"[Consumer clientId=consumer-flight-service-group-1, groupId=flight-service-group] Bootstrap broker localhost:29092 (id: -1 rack: null) disconnected","process.thread.name":"org.springframework.kafka.KafkaListenerEndpointContainer#0-0-C-1","log.logger":"org.apache.kafka.clients.NetworkClient","service":"skyways","environment":"local","traceId":"${ctx:traceId}"}
{"@timestamp":"2026-05-16T09:19:50.212Z","ecs.version":"1.2.0","log.level":"WARN","message":"[Consumer clientId=consumer-flight-service-group-2, groupId=flight-service-group] Connection to node -1 (localhost/127.0.0.1:29092) could not be established. Node may not be available.","process.thread.name":"org.springframework.kafka.KafkaListenerEndpointContainer#1-0-C-1","log.logger":"org.apache.kafka.clients.NetworkClient","service":"skyways","environment":"local","traceId":"${ctx:traceId}"}
{"@timestamp":"2026-05-16T09:19:50.212Z","ecs.version":"1.2.0","log.level":"WARN","message":"[Consumer clientId=consumer-flight-service-group-2, groupId=flight-service-group] Bootstrap broker localhost:29092 (id: -1 rack: null) disconnected","process.thread.name":"org.springframework.kafka.KafkaListenerEndpointContainer#1-0-C-1","log.logger":"org.apache.kafka.clients.NetworkClient","service":"skyways","environment":"local","traceId":"${ctx:traceId}"}
{"@timestamp":"2026-05-16T09:19:50.593Z","ecs.version":"1.2.0","log.level":"WARN","message":"[Consumer clientId=consumer-flight-service-group-1, groupId=flight-service-group] Connection to node -1 (localhost/127.0.0.1:29092) could not be established. Node may not be available.","process.thread.name":"org.springframework.kafka.KafkaListenerEndpointContainer#0-0-C-1","log.logger":"org.apache.kafka.clients.NetworkClient","service":"skyways","environment":"local","traceId":"${ctx:traceId}"}
{"@timestamp":"2026-05-16T09:19:50.593Z","ecs.version":"1.2.0","log.level":"WARN","message":"[Consumer clientId=consumer-flight-service-group-1, groupId=flight-service-group] Bootstrap broker localhost:29092 (id: -1 rack: null) disconnected","process.thread.name":"org.springframework.kafka.KafkaListenerEndpointContainer#0-0-C-1","log.logger":"org.apache.kafka.clients.NetworkClient","service":"skyways","environment":"local","traceId":"${ctx:traceId}"}
{"@timestamp":"2026-05-16T09:19:51.176Z","ecs.version":"1.2.0","log.level":"WARN","message":"[Consumer clientId=consumer-flight-service-group-2, groupId=flight-service-group] Connection to node -1 (localhost/127.0.0.1:29092) could not be established. Node may not be available.","process.thread.name":"org.springframework.kafka.KafkaListenerEndpointContainer#1-0-C-1","log.logger":"org.apache.kafka.clients.NetworkClient","service":"skyways","environment":"local","traceId":"${ctx:traceId}"}
{"@timestamp":"2026-05-16T09:19:51.176Z","ecs.version":"1.2.0","log.level":"WARN","message":"[Consumer clientId=consumer-flight-service-group-2, groupId=flight-service-group] Bootstrap broker localhost:29092 (id: -1 rack: null) disconnected","process.thread.name":"org.springframework.kafka.KafkaListenerEndpointContainer#1-0-C-1","log.logger":"org.apache.kafka.clients.NetworkClient","service":"skyways","environment":"local","traceId":"${ctx:traceId}"}
{"@timestamp":"2026-05-16T09:19:51.605Z","ecs.version":"1.2.0","log.level":"WARN","message":"[Consumer clientId=consumer-flight-service-group-1, groupId=flight-service-group] Connection to node -1 (localhost/127.0.0.1:29092) could not be established. Node may not be available.","process.thread.name":"org.springframework.kafka.KafkaListenerEndpointContainer#0-0-C-1","log.logger":"org.apache.kafka.clients.NetworkClient","service":"skyways","environment":"local","traceId":"${ctx:traceId}"}
{"@timestamp":"2026-05-16T09:19:51.605Z","ecs.version":"1.2.0","log.level":"WARN","message":"[Consumer clientId=consumer-flight-service-group-1, groupId=flight-service-group] Bootstrap broker localhost:29092 (id: -1 rack: null) disconnected","process.thread.name":"org.springframework.kafka.KafkaListenerEndpointContainer#0-0-C-1","log.logger":"org.apache.kafka.clients.NetworkClient","service":"skyways","environment":"local","traceId":"${ctx:traceId}"}
{"@timestamp":"2026-05-16T09:19:52.048Z","ecs.version":"1.2.0","log.level":"WARN","message":"[Consumer clientId=consumer-flight-service-group-2, groupId=flight-service-group] Connection to node -1 (localhost/127.0.0.1:29092) could not be established. Node may not be available.","process.thread.name":"org.springframework.kafka.KafkaListenerEndpointContainer#1-0-C-1","log.logger":"org.apache.kafka.clients.NetworkClient","service":"skyways","environment":"local","traceId":"${ctx:traceId}"}
{"@timestamp":"2026-05-16T09:19:52.048Z","ecs.version":"1.2.0","log.level":"WARN","message":"[Consumer clientId=consumer-flight-service-group-2, groupId=flight-service-group] Bootstrap broker localhost:29092 (id: -1 rack: null) disconnected","process.thread.name":"org.springframework.kafka.KafkaListenerEndpointContainer#1-0-C-1","log.logger":"org.apache.kafka.clients.NetworkClient","service":"skyways","environment":"local","traceId":"${ctx:traceId}"}
{"@timestamp":"2026-05-16T09:19:52.555Z","ecs.version":"1.2.0","log.level":"WARN","message":"[Consumer clientId=consumer-flight-service-group-1, groupId=flight-service-group] Connection to node -1 (localhost/127.0.0.1:29092) could not be established. Node may not be available.","process.thread.name":"org.springframework.kafka.KafkaListenerEndpointContainer#0-0-C-1","log.logger":"org.apache.kafka.clients.NetworkClient","service":"skyways","environment":"local","traceId":"${ctx:traceId}"}
{"@timestamp":"2026-05-16T09:19:52.555Z","ecs.version":"1.2.0","log.level":"WARN","message":"[Consumer clientId=consumer-flight-service-group-1, groupId=flight-service-group] Bootstrap broker localhost:29092 (id: -1 rack: null) disconnected","process.thread.name":"org.springframework.kafka.KafkaListenerEndpointContainer#0-0-C-1","log.logger":"org.apache.kafka.clients.NetworkClient","service":"skyways","environment":"local","traceId":"${ctx:traceId}"}
{"@timestamp":"2026-05-16T09:19:53.000Z","ecs.version":"1.2.0","log.level":"WARN","message":"[Consumer clientId=consumer-flight-service-group-2, groupId=flight-service-group] Connection to node -1 (localhost/127.0.0.1:29092) could not be established. Node may not be available.","process.thread.name":"org.springframework.kafka.KafkaListenerEndpointContainer#1-0-C-1","log.logger":"org.apache.kafka.clients.NetworkClient","service":"skyways","environment":"local","traceId":"${ctx:traceId}"}
{"@timestamp":"2026-05-16T09:19:53.001Z","ecs.version":"1.2.0","log.level":"WARN","message":"[Consumer clientId=consumer-flight-service-group-2, groupId=flight-service-group] Bootstrap broker localhost:29092 (id: -1 rack: null) disconnected","process.thread.name":"org.springframework.kafka.KafkaListenerEndpointContainer#1-0-C-1","log.logger":"org.apache.kafka.clients.NetworkClient","service":"skyways","environment":"local","traceId":"${ctx:traceId}"}
{"@timestamp":"2026-05-16T09:19:53.376Z","ecs.version":"1.2.0","log.level":"WARN","message":"[Consumer clientId=consumer-flight-service-group-1, groupId=flight-service-group] Connection to node -1 (localhost/127.0.0.1:29092) could not be established. Node may not be available.","process.thread.name":"org.springframework.kafka.KafkaListenerEndpointContainer#0-0-C-1","log.logger":"org.apache.kafka.clients.NetworkClient","service":"skyways","environment":"local","traceId":"${ctx:traceId}"}
{"@timestamp":"2026-05-16T09:19:53.376Z","ecs.version":"1.2.0","log.level":"WARN","message":"[Consumer clientId=consumer-flight-service-group-1, groupId=flight-service-group] Bootstrap broker localhost:29092 (id: -1 rack: null) disconnected","process.thread.name":"org.springframework.kafka.KafkaListenerEndpointContainer#0-0-C-1","log.logger":"org.apache.kafka.clients.NetworkClient","service":"skyways","environment":"local","traceId":"${ctx:traceId}"}
{"@timestamp":"2026-05-16T09:19:54.007Z","ecs.version":"1.2.0","log.level":"WARN","message":"[Consumer clientId=consumer-flight-service-group-2, groupId=flight-service-group] Connection to node -1 (localhost/127.0.0.1:29092) could not be established. Node may not be available.","process.thread.name":"org.springframework.kafka.KafkaListenerEndpointContainer#1-0-C-1","log.logger":"org.apache.kafka.clients.NetworkClient","service":"skyways","environment":"local","traceId":"${ctx:traceId}"}
{"@timestamp":"2026-05-16T09:19:54.007Z","ecs.version":"1.2.0","log.level":"WARN","message":"[Consumer clientId=consumer-flight-service-group-2, groupId=flight-service-group] Bootstrap broker localhost:29092 (id: -1 rack: null) disconnected","process.thread.name":"org.springframework.kafka.KafkaListenerEndpointContainer#1-0-C-1","log.logger":"org.apache.kafka.clients.NetworkClient","service":"skyways","environment":"local","traceId":"${ctx:traceId}"}
{"@timestamp":"2026-05-16T09:19:54.386Z","ecs.version":"1.2.0","log.level":"WARN","message":"[Consumer clientId=consumer-flight-service-group-1, groupId=flight-service-group] Connection to node -1 (localhost/127.0.0.1:29092) could not be established. Node may not be available.","process.thread.name":"org.springframework.kafka.KafkaListenerEndpointContainer#0-0-C-1","log.logger":"org.apache.kafka.clients.NetworkClient","service":"skyways","environment":"local","traceId":"${ctx:traceId}"}
{"@timestamp":"2026-05-16T09:19:54.386Z","ecs.version":"1.2.0","log.level":"WARN","message":"[Consumer clientId=consumer-flight-service-group-1, groupId=flight-service-group] Bootstrap broker localhost:29092 (id: -1 rack: null) disconnected","process.thread.name":"org.springframework.kafka.KafkaListenerEndpointContainer#0-0-C-1","log.logger":"org.apache.kafka.clients.NetworkClient","service":"skyways","environment":"local","traceId":"${ctx:traceId}"}
{"@timestamp":"2026-05-16T09:19:55.020Z","ecs.version":"1.2.0","log.level":"WARN","message":"[Consumer clientId=consumer-flight-service-group-2, groupId=flight-service-group] Connection to node -1 (localhost/127.0.0.1:29092) could not be established. Node may not be available.","process.thread.name":"org.springframework.kafka.KafkaListenerEndpointContainer#1-0-C-1","log.logger":"org.apache.kafka.clients.NetworkClient","service":"skyways","environment":"local","traceId":"${ctx:traceId}"}
{"@timestamp":"2026-05-16T09:19:55.020Z","ecs.version":"1.2.0","log.level":"WARN","message":"[Consumer clientId=consumer-flight-service-group-2, groupId=flight-service-group] Bootstrap broker localhost:29092 (id: -1 rack: null) disconnected","process.thread.name":"org.springframework.kafka.KafkaListenerEndpointContainer#1-0-C-1","log.logger":"org.apache.kafka.clients.NetworkClient","service":"skyways","environment":"local","traceId":"${ctx:traceId}"}
{"@timestamp":"2026-05-16T09:19:55.417Z","ecs.version":"1.2.0","log.level":"WARN","message":"[Consumer clientId=consumer-flight-service-group-1, groupId=flight-service-group] Connection to node -1 (localhost/127.0.0.1:29092) could not be established. Node may not be available.","process.thread.name":"org.springframework.kafka.KafkaListenerEndpointContainer#0-0-C-1","log.logger":"org.apache.kafka.clients.NetworkClient","service":"skyways","environment":"local","traceId":"${ctx:traceId}"}
{"@timestamp":"2026-05-16T09:19:55.417Z","ecs.version":"1.2.0","log.level":"WARN","message":"[Consumer clientId=consumer-flight-service-group-1, groupId=flight-service-group] Bootstrap broker localhost:29092 (id: -1 rack: null) disconnected","process.thread.name":"org.springframework.kafka.KafkaListenerEndpointContainer#0-0-C-1","log.logger":"org.apache.kafka.clients.NetworkClient","service":"skyways","environment":"local","traceId":"${ctx:traceId}"}
{"@timestamp":"2026-05-16T09:19:55.981Z","ecs.version":"1.2.0","log.level":"WARN","message":"[Consumer clientId=consumer-flight-service-group-2, groupId=flight-service-group] Connection to node -1 (localhost/127.0.0.1:29092) could not be established. Node may not be available.","process.thread.name":"org.springframework.kafka.KafkaListenerEndpointContainer#1-0-C-1","log.logger":"org.apache.kafka.clients.NetworkClient","service":"skyways","environment":"local","traceId":"${ctx:traceId}"}
{"@timestamp":"2026-05-16T09:19:55.981Z","ecs.version":"1.2.0","log.level":"WARN","message":"[Consumer clientId=consumer-flight-service-group-2, groupId=flight-service-group] Bootstrap broker localhost:29092 (id: -1 rack: null) disconnected","process.thread.name":"org.springframework.kafka.KafkaListenerEndpointContainer#1-0-C-1","log.logger":"org.apache.kafka.clients.NetworkClient","service":"skyways","environment":"local","traceId":"${ctx:traceId}"}
{"@timestamp":"2026-05-16T09:19:56.422Z","ecs.version":"1.2.0","log.level":"WARN","message":"[Consumer clientId=consumer-flight-service-group-1, groupId=flight-service-group] Connection to node -1 (localhost/127.0.0.1:29092) could not be established. Node may not be available.","process.thread.name":"org.springframework.kafka.KafkaListenerEndpointContainer#0-0-C-1","log.logger":"org.apache.kafka.clients.NetworkClient","service":"skyways","environment":"local","traceId":"${ctx:traceId}"}
{"@timestamp":"2026-05-16T09:19:56.422Z","ecs.version":"1.2.0","log.level":"WARN","message":"[Consumer clientId=consumer-flight-service-group-1, groupId=flight-service-group] Bootstrap broker localhost:29092 (id: -1 rack: null) disconnected","process.thread.name":"org.springframework.kafka.KafkaListenerEndpointContainer#0-0-C-1","log.logger":"org.apache.kafka.clients.NetworkClient","service":"skyways","environment":"local","traceId":"${ctx:traceId}"}
{"@timestamp":"2026-05-16T09:19:56.988Z","ecs.version":"1.2.0","log.level":"WARN","message":"[Consumer clientId=consumer-flight-service-group-2, groupId=flight-service-group] Connection to node -1 (localhost/127.0.0.1:29092) could not be established. Node may not be available.","process.thread.name":"org.springframework.kafka.KafkaListenerEndpointContainer#1-0-C-1","log.logger":"org.apache.kafka.clients.NetworkClient","service":"skyways","environment":"local","traceId":"${ctx:traceId}"}
{"@timestamp":"2026-05-16T09:19:56.988Z","ecs.version":"1.2.0","log.level":"WARN","message":"[Consumer clientId=consumer-flight-service-group-2, groupId=flight-service-group] Bootstrap broker localhost:29092 (id: -1 rack: null) disconnected","process.thread.name":"org.springframework.kafka.KafkaListenerEndpointContainer#1-0-C-1","log.logger":"org.apache.kafka.clients.NetworkClient","service":"skyways","environment":"local","traceId":"${ctx:traceId}"}
{"@timestamp":"2026-05-16T09:19:57.428Z","ecs.version":"1.2.0","log.level":"WARN","message":"[Consumer clientId=consumer-flight-service-group-1, groupId=flight-service-group] Connection to node -1 (localhost/127.0.0.1:29092) could not be established. Node may not be available.","process.thread.name":"org.springframework.kafka.KafkaListenerEndpointContainer#0-0-C-1","log.logger":"org.apache.kafka.clients.NetworkClient","service":"skyways","environment":"local","traceId":"${ctx:traceId}"}
{"@timestamp":"2026-05-16T09:19:57.428Z","ecs.version":"1.2.0","log.level":"WARN","message":"[Consumer clientId=consumer-flight-service-group-1, groupId=flight-service-group] Bootstrap broker localhost:29092 (id: -1 rack: null) disconnected","process.thread.name":"org.springframework.kafka.KafkaListenerEndpointContainer#0-0-C-1","log.logger":"org.apache.kafka.clients.NetworkClient","service":"skyways","environment":"local","traceId":"${ctx:traceId}"}
{"@timestamp":"2026-05-16T09:19:57.996Z","ecs.version":"1.2.0","log.level":"WARN","message":"[Consumer clientId=consumer-flight-service-group-2, groupId=flight-service-group] Connection to node -1 (localhost/127.0.0.1:29092) could not be established. Node may not be available.","process.thread.name":"org.springframework.kafka.KafkaListenerEndpointContainer#1-0-C-1","log.logger":"org.apache.kafka.clients.NetworkClient","service":"skyways","environment":"local","traceId":"${ctx:traceId}"}
{"@timestamp":"2026-05-16T09:19:57.996Z","ecs.version":"1.2.0","log.level":"WARN","message":"[Consumer clientId=consumer-flight-service-group-2, groupId=flight-service-group] Bootstrap broker localhost:29092 (id: -1 rack: null) disconnected","process.thread.name":"org.springframework.kafka.KafkaListenerEndpointContainer#1-0-C-1","log.logger":"org.apache.kafka.clients.NetworkClient","service":"skyways","environment":"local","traceId":"${ctx:traceId}"}
{"@timestamp":"2026-05-16T09:19:58.470Z","ecs.version":"1.2.0","log.level":"WARN","message":"[Consumer clientId=consumer-flight-service-group-1, groupId=flight-service-group] Connection to node -1 (localhost/127.0.0.1:29092) could not be established. Node may not be available.","process.thread.name":"org.springframework.kafka.KafkaListenerEndpointContainer#0-0-C-1","log.logger":"org.apache.kafka.clients.NetworkClient","service":"skyways","environment":"local","traceId":"${ctx:traceId}"}
{"@timestamp":"2026-05-16T09:19:58.470Z","ecs.version":"1.2.0","log.level":"WARN","message":"[Consumer clientId=consumer-flight-service-group-1, groupId=flight-service-group] Bootstrap broker localhost:29092 (id: -1 rack: null) disconnected","process.thread.name":"org.springframework.kafka.KafkaListenerEndpointContainer#0-0-C-1","log.logger":"org.apache.kafka.clients.NetworkClient","service":"skyways","environment":"local","traceId":"${ctx:traceId}"}
{"@timestamp":"2026-05-16T09:19:59.007Z","ecs.version":"1.2.0","log.level":"WARN","message":"[Consumer clientId=consumer-flight-service-group-2, groupId=flight-service-group] Connection to node -1 (localhost/127.0.0.1:29092) could not be established. Node may not be available.","process.thread.name":"org.springframework.kafka.KafkaListenerEndpointContainer#1-0-C-1","log.logger":"org.apache.kafka.clients.NetworkClient","service":"skyways","environment":"local","traceId":"${ctx:traceId}"}
{"@timestamp":"2026-05-16T09:19:59.007Z","ecs.version":"1.2.0","log.level":"WARN","message":"[Consumer clientId=consumer-flight-service-group-2, groupId=flight-service-group] Bootstrap broker localhost:29092 (id: -1 rack: null) disconnected","process.thread.name":"org.springframework.kafka.KafkaListenerEndpointContainer#1-0-C-1","log.logger":"org.apache.kafka.clients.NetworkClient","service":"skyways","environment":"local","traceId":"${ctx:traceId}"}
{"@timestamp":"2026-05-16T09:19:59.494Z","ecs.version":"1.2.0","log.level":"WARN","message":"[Consumer clientId=consumer-flight-service-group-1, groupId=flight-service-group] Connection to node -1 (localhost/127.0.0.1:29092) could not be established. Node may not be available.","process.thread.name":"org.springframework.kafka.KafkaListenerEndpointContainer#0-0-C-1","log.logger":"org.apache.kafka.clients.NetworkClient","service":"skyways","environment":"local","traceId":"${ctx:traceId}"}
{"@timestamp":"2026-05-16T09:19:59.494Z","ecs.version":"1.2.0","log.level":"WARN","message":"[Consumer clientId=consumer-flight-service-group-1, groupId=flight-service-group] Bootstrap broker localhost:29092 (id: -1 rack: null) disconnected","process.thread.name":"org.springframework.kafka.KafkaListenerEndpointContainer#0-0-C-1","log.logger":"org.apache.kafka.clients.NetworkClient","service":"skyways","environment":"local","traceId":"${ctx:traceId}"}
{"@timestamp":"2026-05-16T09:20:00.016Z","ecs.version":"1.2.0","log.level":"WARN","message":"[Consumer clientId=consumer-flight-service-group-2, groupId=flight-service-group] Connection to node -1 (localhost/127.0.0.1:29092) could not be established. Node may not be available.","process.thread.name":"org.springframework.kafka.KafkaListenerEndpointContainer#1-0-C-1","log.logger":"org.apache.kafka.clients.NetworkClient","service":"skyways","environment":"local","traceId":"${ctx:traceId}"}
{"@timestamp":"2026-05-16T09:20:00.016Z","ecs.version":"1.2.0","log.level":"WARN","message":"[Consumer clientId=consumer-flight-service-group-2, groupId=flight-service-group] Bootstrap broker localhost:29092 (id: -1 rack: null) disconnected","process.thread.name":"org.springframework.kafka.KafkaListenerEndpointContainer#1-0-C-1","log.logger":"org.apache.kafka.clients.NetworkClient","service":"skyways","environment":"local","traceId":"${ctx:traceId}"}
{"@timestamp":"2026-05-16T09:20:00.506Z","ecs.version":"1.2.0","log.level":"WARN","message":"[Consumer clientId=consumer-flight-service-group-1, groupId=flight-service-group] Connection to node -1 (localhost/127.0.0.1:29092) could not be established. Node may not be available.","process.thread.name":"org.springframework.kafka.KafkaListenerEndpointContainer#0-0-C-1","log.logger":"org.apache.kafka.clients.NetworkClient","service":"skyways","environment":"local","traceId":"${ctx:traceId}"}
{"@timestamp":"2026-05-16T09:20:00.506Z","ecs.version":"1.2.0","log.level":"WARN","message":"[Consumer clientId=consumer-flight-service-group-1, groupId=flight-service-group] Bootstrap broker localhost:29092 (id: -1 rack: null) disconnected","process.thread.name":"org.springframework.kafka.KafkaListenerEndpointContainer#0-0-C-1","log.logger":"org.apache.kafka.clients.NetworkClient","service":"skyways","environment":"local","traceId":"${ctx:traceId}"}
{"@timestamp":"2026-05-16T09:20:01.025Z","ecs.version":"1.2.0","log.level":"WARN","message":"[Consumer clientId=consumer-flight-service-group-2, groupId=flight-service-group] Connection to node -1 (localhost/127.0.0.1:29092) could not be established. Node may not be available.","process.thread.name":"org.springframework.kafka.KafkaListenerEndpointContainer#1-0-C-1","log.logger":"org.apache.kafka.clients.NetworkClient","service":"skyways","environment":"local","traceId":"${ctx:traceId}"}
{"@timestamp":"2026-05-16T09:20:01.026Z","ecs.version":"1.2.0","log.level":"WARN","message":"[Consumer clientId=consumer-flight-service-group-2, groupId=flight-service-group] Bootstrap broker localhost:29092 (id: -1 rack: null) disconnected","process.thread.name":"org.springframework.kafka.KafkaListenerEndpointContainer#1-0-C-1","log.logger":"org.apache.kafka.clients.NetworkClient","service":"skyways","environment":"local","traceId":"${ctx:traceId}"}
{"@timestamp":"2026-05-16T09:20:01.509Z","ecs.version":"1.2.0","log.level":"WARN","message":"[Consumer clientId=consumer-flight-service-group-1, groupId=flight-service-group] Connection to node -1 (localhost/127.0.0.1:29092) could not be established. Node may not be available.","process.thread.name":"org.springframework.kafka.KafkaListenerEndpointContainer#0-0-C-1","log.logger":"org.apache.kafka.clients.NetworkClient","service":"skyways","environment":"local","traceId":"${ctx:traceId}"}
{"@timestamp":"2026-05-16T09:20:01.510Z","ecs.version":"1.2.0","log.level":"WARN","message":"[Consumer clientId=consumer-flight-service-group-1, groupId=flight-service-group] Bootstrap broker localhost:29092 (id: -1 rack: null) disconnected","process.thread.name":"org.springframework.kafka.KafkaListenerEndpointContainer#0-0-C-1","log.logger":"org.apache.kafka.clients.NetworkClient","service":"skyways","environment":"local","traceId":"${ctx:traceId}"}
{"@timestamp":"2026-05-16T09:20:01.905Z","ecs.version":"1.2.0","log.level":"WARN","message":"[Consumer clientId=consumer-flight-service-group-2, groupId=flight-service-group] Connection to node -1 (localhost/127.0.0.1:29092) could not be established. Node may not be available.","process.thread.name":"org.springframework.kafka.KafkaListenerEndpointContainer#1-0-C-1","log.logger":"org.apache.kafka.clients.NetworkClient","service":"skyways","environment":"local","traceId":"${ctx:traceId}"}
{"@timestamp":"2026-05-16T09:20:01.905Z","ecs.version":"1.2.0","log.level":"WARN","message":"[Consumer clientId=consumer-flight-service-group-2, groupId=flight-service-group] Bootstrap broker localhost:29092 (id: -1 rack: null) disconnected","process.thread.name":"org.springframework.kafka.KafkaListenerEndpointContainer#1-0-C-1","log.logger":"org.apache.kafka.clients.NetworkClient","service":"skyways","environment":"local","traceId":"${ctx:traceId}"}
{"@timestamp":"2026-05-16T09:20:02.329Z","ecs.version":"1.2.0","log.level":"WARN","message":"[Consumer clientId=consumer-flight-service-group-1, groupId=flight-service-group] Connection to node -1 (localhost/127.0.0.1:29092) could not be established. Node may not be available.","process.thread.name":"org.springframework.kafka.KafkaListenerEndpointContainer#0-0-C-1","log.logger":"org.apache.kafka.clients.NetworkClient","service":"skyways","environment":"local","traceId":"${ctx:traceId}"}
{"@timestamp":"2026-05-16T09:20:02.329Z","ecs.version":"1.2.0","log.level":"WARN","message":"[Consumer clientId=consumer-flight-service-group-1, groupId=flight-service-group] Bootstrap broker localhost:29092 (id: -1 rack: null) disconnected","process.thread.name":"org.springframework.kafka.KafkaListenerEndpointContainer#0-0-C-1","log.logger":"org.apache.kafka.clients.NetworkClient","service":"skyways","environment":"local","traceId":"${ctx:traceId}"}
{"@timestamp":"2026-05-16T09:20:02.924Z","ecs.version":"1.2.0","log.level":"WARN","message":"[Consumer clientId=consumer-flight-service-group-2, groupId=flight-service-group] Connection to node -1 (localhost/127.0.0.1:29092) could not be established. Node may not be available.","process.thread.name":"org.springframework.kafka.KafkaListenerEndpointContainer#1-0-C-1","log.logger":"org.apache.kafka.clients.NetworkClient","service":"skyways","environment":"local","traceId":"${ctx:traceId}"}
{"@timestamp":"2026-05-16T09:20:02.924Z","ecs.version":"1.2.0","log.level":"WARN","message":"[Consumer clientId=consumer-flight-service-group-2, groupId=flight-service-group] Bootstrap broker localhost:29092 (id: -1 rack: null) disconnected","process.thread.name":"org.springframework.kafka.KafkaListenerEndpointContainer#1-0-C-1","log.logger":"org.apache.kafka.clients.NetworkClient","service":"skyways","environment":"local","traceId":"${ctx:traceId}"}
{"@timestamp":"2026-05-16T09:20:03.334Z","ecs.version":"1.2.0","log.level":"WARN","message":"[Consumer clientId=consumer-flight-service-group-1, groupId=flight-service-group] Connection to node -1 (localhost/127.0.0.1:29092) could not be established. Node may not be available.","process.thread.name":"org.springframework.kafka.KafkaListenerEndpointContainer#0-0-C-1","log.logger":"org.apache.kafka.clients.NetworkClient","service":"skyways","environment":"local","traceId":"${ctx:traceId}"}
{"@timestamp":"2026-05-16T09:20:03.334Z","ecs.version":"1.2.0","log.level":"WARN","message":"[Consumer clientId=consumer-flight-service-group-1, groupId=flight-service-group] Bootstrap broker localhost:29092 (id: -1 rack: null) disconnected","process.thread.name":"org.springframework.kafka.KafkaListenerEndpointContainer#0-0-C-1","log.logger":"org.apache.kafka.clients.NetworkClient","service":"skyways","environment":"local","traceId":"${ctx:traceId}"}
{"@timestamp":"2026-05-16T09:20:03.933Z","ecs.version":"1.2.0","log.level":"WARN","message":"[Consumer clientId=consumer-flight-service-group-2, groupId=flight-service-group] Connection to node -1 (localhost/127.0.0.1:29092) could not be established. Node may not be available.","process.thread.name":"org.springframework.kafka.KafkaListenerEndpointContainer#1-0-C-1","log.logger":"org.apache.kafka.clients.NetworkClient","service":"skyways","environment":"local","traceId":"${ctx:traceId}"}
{"@timestamp":"2026-05-16T09:20:03.934Z","ecs.version":"1.2.0","log.level":"WARN","message":"[Consumer clientId=consumer-flight-service-group-2, groupId=flight-service-group] Bootstrap broker localhost:29092 (id: -1 rack: null) disconnected","process.thread.name":"org.springframework.kafka.KafkaListenerEndpointContainer#1-0-C-1","log.logger":"org.apache.kafka.clients.NetworkClient","service":"skyways","environment":"local","traceId":"${ctx:traceId}"}
{"@timestamp":"2026-05-16T09:20:04.359Z","ecs.version":"1.2.0","log.level":"WARN","message":"[Consumer clientId=consumer-flight-service-group-1, groupId=flight-service-group] Connection to node -1 (localhost/127.0.0.1:29092) could not be established. Node may not be available.","process.thread.name":"org.springframework.kafka.KafkaListenerEndpointContainer#0-0-C-1","log.logger":"org.apache.kafka.clients.NetworkClient","service":"skyways","environment":"local","traceId":"${ctx:traceId}"}
{"@timestamp":"2026-05-16T09:20:04.359Z","ecs.version":"1.2.0","log.level":"WARN","message":"[Consumer clientId=consumer-flight-service-group-1, groupId=flight-service-group] Bootstrap broker localhost:29092 (id: -1 rack: null) disconnected","process.thread.name":"org.springframework.kafka.KafkaListenerEndpointContainer#0-0-C-1","log.logger":"org.apache.kafka.clients.NetworkClient","service":"skyways","environment":"local","traceId":"${ctx:traceId}"}
{"@timestamp":"2026-05-16T09:20:04.937Z","ecs.version":"1.2.0","log.level":"WARN","message":"[Consumer clientId=consumer-flight-service-group-2, groupId=flight-service-group] Connection to node -1 (localhost/127.0.0.1:29092) could not be established. Node may not be available.","process.thread.name":"org.springframework.kafka.KafkaListenerEndpointContainer#1-0-C-1","log.logger":"org.apache.kafka.clients.NetworkClient","service":"skyways","environment":"local","traceId":"${ctx:traceId}"}
{"@timestamp":"2026-05-16T09:20:04.937Z","ecs.version":"1.2.0","log.level":"WARN","message":"[Consumer clientId=consumer-flight-service-group-2, groupId=flight-service-group] Bootstrap broker localhost:29092 (id: -1 rack: null) disconnected","process.thread.name":"org.springframework.kafka.KafkaListenerEndpointContainer#1-0-C-1","log.logger":"org.apache.kafka.clients.NetworkClient","service":"skyways","environment":"local","traceId":"${ctx:traceId}"}
{"@timestamp":"2026-05-16T09:20:05.300Z","ecs.version":"1.2.0","log.level":"WARN","message":"[Consumer clientId=consumer-flight-service-group-1, groupId=flight-service-group] Connection to node -1 (localhost/127.0.0.1:29092) could not be established. Node may not be available.","process.thread.name":"org.springframework.kafka.KafkaListenerEndpointContainer#0-0-C-1","log.logger":"org.apache.kafka.clients.NetworkClient","service":"skyways","environment":"local","traceId":"${ctx:traceId}"}
{"@timestamp":"2026-05-16T09:20:05.301Z","ecs.version":"1.2.0","log.level":"WARN","message":"[Consumer clientId=consumer-flight-service-group-1, groupId=flight-service-group] Bootstrap broker localhost:29092 (id: -1 rack: null) disconnected","process.thread.name":"org.springframework.kafka.KafkaListenerEndpointContainer#0-0-C-1","log.logger":"org.apache.kafka.clients.NetworkClient","service":"skyways","environment":"local","traceId":"${ctx:traceId}"}
{"@timestamp":"2026-05-16T09:20:05.944Z","ecs.version":"1.2.0","log.level":"WARN","message":"[Consumer clientId=consumer-flight-service-group-2, groupId=flight-service-group] Connection to node -1 (localhost/127.0.0.1:29092) could not be established. Node may not be available.","process.thread.name":"org.springframework.kafka.KafkaListenerEndpointContainer#1-0-C-1","log.logger":"org.apache.kafka.clients.NetworkClient","service":"skyways","environment":"local","traceId":"${ctx:traceId}"}
{"@timestamp":"2026-05-16T09:20:05.944Z","ecs.version":"1.2.0","log.level":"WARN","message":"[Consumer clientId=consumer-flight-service-group-2, groupId=flight-service-group] Bootstrap broker localhost:29092 (id: -1 rack: null) disconnected","process.thread.name":"org.springframework.kafka.KafkaListenerEndpointContainer#1-0-C-1","log.logger":"org.apache.kafka.clients.NetworkClient","service":"skyways","environment":"local","traceId":"${ctx:traceId}"}
{"@timestamp":"2026-05-16T09:20:06.149Z","ecs.version":"1.2.0","log.level":"WARN","message":"[Consumer clientId=consumer-flight-service-group-1, groupId=flight-service-group] Connection to node -1 (localhost/127.0.0.1:29092) could not be established. Node may not be available.","process.thread.name":"org.springframework.kafka.KafkaListenerEndpointContainer#0-0-C-1","log.logger":"org.apache.kafka.clients.NetworkClient","service":"skyways","environment":"local","traceId":"${ctx:traceId}"}
{"@timestamp":"2026-05-16T09:20:06.149Z","ecs.version":"1.2.0","log.level":"WARN","message":"[Consumer clientId=consumer-flight-service-group-1, groupId=flight-service-group] Bootstrap broker localhost:29092 (id: -1 rack: null) disconnected","process.thread.name":"org.springframework.kafka.KafkaListenerEndpointContainer#0-0-C-1","log.logger":"org.apache.kafka.clients.NetworkClient","service":"skyways","environment":"local","traceId":"${ctx:traceId}"}
